$ python3 scripts/check-deferred-work.py --json
{
  "counts": {
    "ACCEPTED-DEBT": 0,
    "DUPLICATE": 0,
    "NO-ACTION": 0,
    "OPEN": 0,
    "RESOLVED": 0,
    "STORY": 0,
    "unclassified": 406
  },
  "diagnostics": [
    {
      "disposition": null,
      "excerpt": "source_spec: `_bmad-output/implementation-artifacts/spec-3-15-corrected-deployed-runtime-parity-closure.md`",
      "file": "_bmad-output/implementation-artifacts/deferred-work.md",
      "heading": "DW-497: Full validator requires Story 4.15 tracking already review/done before the packet can pass.",
      "hint": "Add a canonical disposition marker or leave as legacy-advisory until a curated sweep owns this heading.",
      "line": 3462,
      "rule": "dw6-unclassified-legacy-advisory"
    },
    {
      "disposition": null,
      "excerpt": "source_spec: `_bmad-output/implementation-artifacts/spec-3-15-corrected-deployed-runtime-parity-closure.md`",
      "file": "_bmad-output/implementation-artifacts/deferred-work.md",
      "heading": "DW-497: Full validator requires Story 4.15 tracking already review/done before the packet can pass.",
      "hint": "Add a canonical disposition marker or leave as legacy-advisory until a curated sweep owns this heading.",
      "line": 3466,
      "rule": "dw6-unclassified-legacy-advisory"
    },
    {
      "disposition": null,
      "excerpt": "source_spec: `_bmad-output/implementation-artifacts/spec-3-15-corrected-deployed-runtime-parity-closure.md`",
      "file": "_bmad-output/implementation-artifacts/deferred-work.md",
      "heading": "DW-497: Full validator requires Story 4.15 tracking already review/done before the packet can pass.",
      "hint": "Add a canonical disposition marker or leave as legacy-advisory until a curated sweep owns this heading.",
      "line": 3470,
      "rule": "dw6-unclassified-legacy-advisory"
    },
    {
      "disposition": null,
      "excerpt": "source_spec: `_bmad-output/implementation-artifacts/spec-3-15-corrected-deployed-runtime-parity-closure.md`",
      "file": "_bmad-output/implementation-artifacts/deferred-work.md",
      "heading": "DW-497: Full validator requires Story 4.15 tracking already review/done before the packet can pass.",
      "hint": "Add a canonical disposition marker or leave as legacy-advisory until a curated sweep owns this heading.",
      "line": 3474,
      "rule": "dw6-unclassified-legacy-advisory"
    },
    {
      "disposition": null,
      "excerpt": "source_spec: `_bmad-output/implementation-artifacts/spec-3-15-corrected-deployed-runtime-parity-closure.md`",
      "file": "_bmad-output/implementation-artifacts/deferred-work.md",
      "heading": "DW-497: Full validator requires Story 4.15 tracking already review/done before the packet can pass.",
      "hint": "Add a canonical disposition marker or leave as legacy-advisory until a curated sweep owns this heading.",
      "line": 3478,
      "rule": "dw6-unclassified-legacy-advisory"
    },
    {
      "disposition": null,
      "excerpt": "source_spec: `_bmad-output/implementation-artifacts/spec-update-all-hexalith-packages-to-latest.md`",
      "file": "_bmad-output/implementation-artifacts/deferred-work.md",
      "heading": "DW-497: Full validator requires Story 4.15 tracking already review/done before the packet can pass.",
      "hint": "Add a canonical disposition marker or leave as legacy-advisory until a curated sweep owns this heading.",
      "line": 3482,
      "rule": "dw6-unclassified-legacy-advisory"
    },
    {
      "disposition": null,
      "excerpt": "source_spec: `_bmad-output/implementation-artifacts/spec-update-all-hexalith-packages-to-latest.md`",
      "file": "_bmad-output/implementation-artifacts/deferred-work.md",
      "heading": "DW-497: Full validator requires Story 4.15 tracking already review/done before the packet can pass.",
      "hint": "Add a canonical disposition marker or leave as legacy-advisory until a curated sweep owns this heading.",
      "line": 3486,
      "rule": "dw6-unclassified-legacy-advisory"
    },
    {
      "disposition": null,
      "excerpt": "source_spec: `_bmad-output/implementation-artifacts/spec-update-all-hexalith-packages-to-latest.md`",
      "file": "_bmad-output/implementation-artifacts/deferred-work.md",
      "heading": "DW-497: Full validator requires Story 4.15 tracking already review/done before the packet can pass.",
      "hint": "Add a canonical disposition marker or leave as legacy-advisory until a curated sweep owns this heading.",
      "line": 3490,
      "rule": "dw6-unclassified-legacy-advisory"
    },
    {
      "disposition": null,
      "excerpt": "source_spec: `_bmad-output/implementation-artifacts/spec-update-all-hexalith-packages-to-latest.md`",
      "file": "_bmad-output/implementation-artifacts/deferred-work.md",
      "heading": "DW-497: Full validator requires Story 4.15 tracking already review/done before the packet can pass.",
      "hint": "Add a canonical disposition marker or leave as legacy-advisory until a curated sweep owns this heading.",
      "line": 3494,
      "rule": "dw6-unclassified-legacy-advisory"
    },
    {
      "disposition": null,
      "excerpt": "source_spec: `_bmad-output/implementation-artifacts/spec-update-all-hexalith-packages-to-latest.md`",
      "file": "_bmad-output/implementation-artifacts/deferred-work.md",
      "heading": "DW-497: Full validator requires Story 4.15 tracking already review/done before the packet can pass.",
      "hint": "Add a canonical disposition marker or leave as legacy-advisory until a curated sweep owns this heading.",
      "line": 3498,
      "rule": "dw6-unclassified-legacy-advisory"
    },
    {
      "disposition": null,
      "excerpt": "source_spec: `_bmad-output/implementation-artifacts/spec-update-all-hexalith-packages-to-latest.md`",
      "file": "_bmad-output/implementation-artifacts/deferred-work.md",
      "heading": "DW-497: Full validator requires Story 4.15 tracking already review/done before the packet can pass.",
      "hint": "Add a canonical disposition marker or leave as legacy-advisory until a curated sweep owns this heading.",
      "line": 3502,
      "rule": "dw6-unclassified-legacy-advisory"
    },
    {
      "disposition": null,
      "excerpt": "source_spec: `_bmad-output/implementation-artifacts/spec-update-all-hexalith-packages-to-latest.md`",
      "file": "_bmad-output/implementation-artifacts/deferred-work.md",
      "heading": "DW-497: Full validator requires Story 4.15 tracking already review/done before the packet can pass.",
      "hint": "Add a canonical disposition marker or leave as legacy-advisory until a curated sweep owns this heading.",
      "line": 3506,
      "rule": "dw6-unclassified-legacy-advisory"
    },
    {
      "disposition": null,
      "excerpt": "source_spec: `_bmad-output/implementation-artifacts/spec-update-all-hexalith-packages-to-latest.md`",
      "file": "_bmad-output/implementation-artifacts/deferred-work.md",
      "heading": "DW-497: Full validator requires Story 4.15 tracking already review/done before the packet can pass.",
      "hint": "Add a canonical disposition marker or leave as legacy-advisory until a curated sweep owns this heading.",
      "line": 3510,
      "rule": "dw6-unclassified-legacy-advisory"
    },
    {
      "disposition": null,
      "excerpt": "source_spec: `_bmad-output/implementation-artifacts/spec-update-all-hexalith-packages-to-latest.md`",
      "file": "_bmad-output/implementation-artifacts/deferred-work.md",
      "heading": "DW-497: Full validator requires Story 4.15 tracking already review/done before the packet can pass.",
      "hint": "Add a canonical disposition marker or leave as legacy-advisory until a curated sweep owns this heading.",
      "line": 3514,
      "rule": "dw6-unclassified-legacy-advisory"
    },
    {
      "disposition": null,
      "excerpt": "source_spec: `_bmad-output/implementation-artifacts/spec-update-all-hexalith-packages-to-latest.md`",
      "file": "_bmad-output/implementation-artifacts/deferred-work.md",
      "heading": "DW-497: Full validator requires Story 4.15 tracking already review/done before the packet can pass.",
      "hint": "Add a canonical disposition marker or leave as legacy-advisory until a curated sweep owns this heading.",
      "line": 3518,
      "rule": "dw6-unclassified-legacy-advisory"
    },
    {
      "disposition": null,
      "excerpt": "source_spec: `_bmad-output/implementation-artifacts/spec-update-all-hexalith-packages-to-latest.md`",
      "file": "_bmad-output/implementation-artifacts/deferred-work.md",
      "heading": "DW-497: Full validator requires Story 4.15 tracking already review/done before the packet can pass.",
      "hint": "Add a canonical disposition marker or leave as legacy-advisory until a curated sweep owns this heading.",
      "line": 3522,
      "rule": "dw6-unclassified-legacy-advisory"
    },
    {
      "disposition": null,
      "excerpt": "source_spec: `_bmad-output/implementation-artifacts/spec-update-all-hexalith-packages-to-latest.md`",
      "file": "_bmad-output/implementation-artifacts/deferred-work.md",
      "heading": "DW-497: Full validator requires Story 4.15 tracking already review/done before the packet can pass.",
      "hint": "Add a canonical disposition marker or leave as legacy-advisory until a curated sweep owns this heading.",
      "line": 3526,
      "rule": "dw6-unclassified-legacy-advisory"
    },
    {
      "disposition": null,
      "excerpt": "source_spec: `_bmad-output/implementation-artifacts/spec-update-all-hexalith-packages-to-latest.md`",
      "file": "_bmad-output/implementation-artifacts/deferred-work.md",
      "heading": "DW-497: Full validator requires Story 4.15 tracking already review/done before the packet can pass.",
      "hint": "Add a canonical disposition marker or leave as legacy-advisory until a curated sweep owns this heading.",
      "line": 3530,
      "rule": "dw6-unclassified-legacy-advisory"
    },
    {
      "disposition": null,
      "excerpt": "source_spec: `_bmad-output/implementation-artifacts/spec-update-all-hexalith-packages-to-latest.md`",
      "file": "_bmad-output/implementation-artifacts/deferred-work.md",
      "heading": "DW-497: Full validator requires Story 4.15 tracking already review/done before the packet can pass.",
      "hint": "Add a canonical disposition marker or leave as legacy-advisory until a curated sweep owns this heading.",
      "line": 3534,
      "rule": "dw6-unclassified-legacy-advisory"
    },
    {
      "disposition": null,
      "excerpt": "source_spec: `_bmad-output/implementation-artifacts/spec-update-all-hexalith-packages-to-latest.md`",
      "file": "_bmad-output/implementation-artifacts/deferred-work.md",
      "heading": "DW-497: Full validator requires Story 4.15 tracking already review/done before the packet can pass.",
      "hint": "Add a canonical disposition marker or leave as legacy-advisory until a curated sweep owns this heading.",
      "line": 3538,
      "rule": "dw6-unclassified-legacy-advisory"
    },
    {
      "disposition": null,
      "excerpt": "source_spec: `_bmad-output/implementation-artifacts/spec-4-7-tenants-query-provenance-follow-up.md`",
      "file": "_bmad-output/implementation-artifacts/deferred-work.md",
      "heading": "DW-497: Full validator requires Story 4.15 tracking already review/done before the packet can pass.",
      "hint": "Add a canonical disposition marker or leave as legacy-advisory until a curated sweep owns this heading.",
      "line": 3542,
      "rule": "dw6-unclassified-legacy-advisory"
    },
    {
      "disposition": null,
      "excerpt": "source_spec: `_bmad-output/implementation-artifacts/spec-4-7-tenants-query-provenance-follow-up.md`",
      "file": "_bmad-output/implementation-artifacts/deferred-work.md",
      "heading": "DW-497: Full validator requires Story 4.15 tracking already review/done before the packet can pass.",
      "hint": "Add a canonical disposition marker or leave as legacy-advisory until a curated sweep owns this heading.",
      "line": 3546,
      "rule": "dw6-unclassified-legacy-advisory"
    },
    {
      "disposition": null,
      "excerpt": "source_spec: `_bmad-output/implementation-artifacts/spec-4-7-tenants-query-provenance-follow-up.md`",
      "file": "_bmad-output/implementation-artifacts/deferred-work.md",
      "heading": "DW-497: Full validator requires Story 4.15 tracking already review/done before the packet can pass.",
      "hint": "Add a canonical disposition marker or leave as legacy-advisory until a curated sweep owns this heading.",
      "line": 3550,
      "rule": "dw6-unclassified-legacy-advisory"
    },
    {
      "disposition": null,
      "excerpt": "source_spec: `_bmad-output/implementation-artifacts/spec-4-7-tenants-query-provenance-follow-up.md`",
      "file": "_bmad-output/implementation-artifacts/deferred-work.md",
      "heading": "DW-497: Full validator requires Story 4.15 tracking already review/done before the packet can pass.",
      "hint": "Add a canonical disposition marker or leave as legacy-advisory until a curated sweep owns this heading.",
      "line": 3554,
      "rule": "dw6-unclassified-legacy-advisory"
    },
    {
      "disposition": null,
      "excerpt": "source_spec: `_bmad-output/implementation-artifacts/spec-4-7-tenants-query-provenance-follow-up.md`",
      "file": "_bmad-output/implementation-artifacts/deferred-work.md",
      "heading": "DW-497: Full validator requires Story 4.15 tracking already review/done before the packet can pass.",
      "hint": "Add a canonical disposition marker or leave as legacy-advisory until a curated sweep owns this heading.",
      "line": 3558,
      "rule": "dw6-unclassified-legacy-advisory"
    },
    {
      "disposition": null,
      "excerpt": "source_spec: `_bmad-output/implementation-artifacts/spec-4-7-tenants-query-provenance-follow-up.md`",
      "file": "_bmad-output/implementation-artifacts/deferred-work.md",
      "heading": "DW-497: Full validator requires Story 4.15 tracking already review/done before the packet can pass.",
      "hint": "Add a canonical disposition marker or leave as legacy-advisory until a curated sweep owns this heading.",
      "line": 3562,
      "rule": "dw6-unclassified-legacy-advisory"
    },
    {
      "disposition": null,
      "excerpt": "source_spec: `_bmad-output/implementation-artifacts/spec-4-7-tenants-query-provenance-follow-up.md`",
      "file": "_bmad-output/implementation-artifacts/deferred-work.md",
      "heading": "DW-497: Full validator requires Story 4.15 tracking already review/done before the packet can pass.",
      "hint": "Add a canonical disposition marker or leave as legacy-advisory until a curated sweep owns this heading.",
      "line": 3566,
      "rule": "dw6-unclassified-legacy-advisory"
    },
    {
      "disposition": null,
      "excerpt": "source_spec: `_bmad-output/implementation-artifacts/spec-4-7-tenants-query-provenance-follow-up.md`",
      "file": "_bmad-output/implementation-artifacts/deferred-work.md",
      "heading": "DW-497: Full validator requires Story 4.15 tracking already review/done before the packet can pass.",
      "hint": "Add a canonical disposition marker or leave as legacy-advisory until a curated sweep owns this heading.",
      "line": 3570,
      "rule": "dw6-unclassified-legacy-advisory"
    },
    {
      "disposition": null,
      "excerpt": "source_spec: `_bmad-output/implementation-artifacts/spec-4-7-tenants-query-provenance-follow-up.md`",
      "file": "_bmad-output/implementation-artifacts/deferred-work.md",
      "heading": "DW-497: Full validator requires Story 4.15 tracking already review/done before the packet can pass.",
      "hint": "Add a canonical disposition marker or leave as legacy-advisory until a curated sweep owns this heading.",
      "line": 3574,
      "rule": "dw6-unclassified-legacy-advisory"
    },
    {
      "disposition": null,
      "excerpt": "source_spec: `_bmad-output/implementation-artifacts/spec-4-7-tenants-query-provenance-follow-up.md`",
      "file": "_bmad-output/implementation-artifacts/deferred-work.md",
      "heading": "DW-497: Full validator requires Story 4.15 tracking already review/done before the packet can pass.",
      "hint": "Add a canonical disposition marker or leave as legacy-advisory until a curated sweep owns this heading.",
      "line": 3578,
      "rule": "dw6-unclassified-legacy-advisory"
    },
    {
      "disposition": null,
      "excerpt": "source_spec: `_bmad-output/implementation-artifacts/spec-4-7-tenants-query-provenance-follow-up.md`",
      "file": "_bmad-output/implementation-artifacts/deferred-work.md",
      "heading": "DW-497: Full validator requires Story 4.15 tracking already review/done before the packet can pass.",
      "hint": "Add a canonical disposition marker or leave as legacy-advisory until a curated sweep owns this heading.",
      "line": 3582,
      "rule": "dw6-unclassified-legacy-advisory"
    },
    {
      "disposition": null,
      "excerpt": "source_spec: `_bmad-output/implementation-artifacts/spec-4-7-tenants-query-provenance-follow-up.md`",
      "file": "_bmad-output/implementation-artifacts/deferred-work.md",
      "heading": "DW-497: Full validator requires Story 4.15 tracking already review/done before the packet can pass.",
      "hint": "Add a canonical disposition marker or leave as legacy-advisory until a curated sweep owns this heading.",
      "line": 3586,
      "rule": "dw6-unclassified-legacy-advisory"
    },
    {
      "disposition": null,
      "excerpt": "source_spec: `_bmad-output/implementation-artifacts/spec-4-7-tenants-query-provenance-follow-up.md`",
      "file": "_bmad-output/implementation-artifacts/deferred-work.md",
      "heading": "DW-497: Full validator requires Story 4.15 tracking already review/done before the packet can pass.",
      "hint": "Add a canonical disposition marker or leave as legacy-advisory until a curated sweep owns this heading.",
      "line": 3590,
      "rule": "dw6-unclassified-legacy-advisory"
    },
    {
      "disposition": null,
      "excerpt": "source_spec: `_bmad-output/implementation-artifacts/spec-8-2-payload-protection-contracts-and-golden-vectors.md`",
      "file": "_bmad-output/implementation-artifacts/deferred-work.md",
      "heading": "DW-513: `spec-4-7` asserts in the present tense a root Tenants gitlink that the Group Q delta falsifies.",
      "hint": "Add a canonical disposition marker or leave as legacy-advisory until a curated sweep owns this heading.",
      "line": 4106,
      "rule": "dw6-unclassified-legacy-advisory"
    },
    {
      "disposition": null,
      "excerpt": "source_spec: `spec-8-3-pdenc-v2-core-cryptographic-engine.md`",
      "file": "_bmad-output/implementation-artifacts/deferred-work.md",
      "heading": "DW-517: `Hexalith.EventStore.Contracts` does not satisfy the AOT/trim analyzers.",
      "hint": "Add a canonical disposition marker or leave as legacy-advisory until a curated sweep owns this heading.",
      "line": 4149,
      "rule": "dw6-unclassified-legacy-advisory"
    },
    {
      "disposition": null,
      "excerpt": "source_spec: `_bmad-output/implementation-artifacts/spec-8-3-pdenc-v2-core-cryptographic-engine.md`",
      "file": "_bmad-output/implementation-artifacts/deferred-work.md",
      "heading": "DW-519: A legitimately unprotected `json` event payload is indistinguishable from one whose wrappers were stripped.",
      "hint": "Add a canonical disposition marker or leave as legacy-advisory until a curated sweep owns this heading.",
      "line": 4172,
      "rule": "dw6-unclassified-legacy-advisory"
    },
    {
      "disposition": null,
      "excerpt": "source_spec: `_bmad-output/implementation-artifacts/spec-8-3-pdenc-v2-core-cryptographic-engine.md`",
      "file": "_bmad-output/implementation-artifacts/deferred-work.md",
      "heading": "DW-519: A legitimately unprotected `json` event payload is indistinguishable from one whose wrappers were stripped.",
      "hint": "Add a canonical disposition marker or leave as legacy-advisory until a curated sweep owns this heading.",
      "line": 4176,
      "rule": "dw6-unclassified-legacy-advisory"
    },
    {
      "disposition": null,
      "excerpt": "source_spec: `_bmad-output/implementation-artifacts/spec-8-3-pdenc-v2-core-cryptographic-engine.md`",
      "file": "_bmad-output/implementation-artifacts/deferred-work.md",
      "heading": "DW-519: A legitimately unprotected `json` event payload is indistinguishable from one whose wrappers were stripped.",
      "hint": "Add a canonical disposition marker or leave as legacy-advisory until a curated sweep owns this heading.",
      "line": 4180,
      "rule": "dw6-unclassified-legacy-advisory"
    },
    {
      "disposition": null,
      "excerpt": "source_spec: `_bmad-output/implementation-artifacts/spec-8-3-pdenc-v2-core-cryptographic-engine.md`",
      "file": "_bmad-output/implementation-artifacts/deferred-work.md",
      "heading": "DW-519: A legitimately unprotected `json` event payload is indistinguishable from one whose wrappers were stripped.",
      "hint": "Add a canonical disposition marker or leave as legacy-advisory until a curated sweep owns this heading.",
      "line": 4184,
      "rule": "dw6-unclassified-legacy-advisory"
    },
    {
      "disposition": null,
      "excerpt": "source_spec: `/home/administrator/projects/hexalith/eventstore/_bmad-output/implementation-artifacts/spec-8-3-pdenc-v2-core-cryptographic-engine.md`",
      "file": "_bmad-output/implementation-artifacts/deferred-work.md",
      "heading": "DW-519: A legitimately unprotected `json` event payload is indistinguishable from one whose wrappers were stripped.",
      "hint": "Add a canonical disposition marker or leave as legacy-advisory until a curated sweep owns this heading.",
      "line": 4188,
      "rule": "dw6-unclassified-legacy-advisory"
    },
    {
      "disposition": null,
      "excerpt": "source_spec: `/home/administrator/projects/hexalith/eventstore/_bmad-output/implementation-artifacts/spec-8-3-pdenc-v2-core-cryptographic-engine.md`",
      "file": "_bmad-output/implementation-artifacts/deferred-work.md",
      "heading": "DW-519: A legitimately unprotected `json` event payload is indistinguishable from one whose wrappers were stripped.",
      "hint": "Add a canonical disposition marker or leave as legacy-advisory until a curated sweep owns this heading.",
      "line": 4192,
      "rule": "dw6-unclassified-legacy-advisory"
    },
    {
      "disposition": null,
      "excerpt": "source_spec: `/home/administrator/projects/hexalith/eventstore/_bmad-output/implementation-artifacts/spec-8-3-pdenc-v2-core-cryptographic-engine.md`",
      "file": "_bmad-output/implementation-artifacts/deferred-work.md",
      "heading": "DW-519: A legitimately unprotected `json` event payload is indistinguishable from one whose wrappers were stripped.",
      "hint": "Add a canonical disposition marker or leave as legacy-advisory until a curated sweep owns this heading.",
      "line": 4196,
      "rule": "dw6-unclassified-legacy-advisory"
    },
    {
      "disposition": null,
      "excerpt": "source_spec: `/home/administrator/projects/hexalith/eventstore/_bmad-output/implementation-artifacts/spec-8-3-pdenc-v2-core-cryptographic-engine.md`",
      "file": "_bmad-output/implementation-artifacts/deferred-work.md",
      "heading": "DW-519: A legitimately unprotected `json` event payload is indistinguishable from one whose wrappers were stripped.",
      "hint": "Add a canonical disposition marker or leave as legacy-advisory until a curated sweep owns this heading.",
      "line": 4200,
      "rule": "dw6-unclassified-legacy-advisory"
    },
    {
      "disposition": null,
      "excerpt": "source_spec: `/home/administrator/projects/hexalith/eventstore/_bmad-output/implementation-artifacts/spec-8-3-pdenc-v2-core-cryptographic-engine.md`",
      "file": "_bmad-output/implementation-artifacts/deferred-work.md",
      "heading": "DW-519: A legitimately unprotected `json` event payload is indistinguishable from one whose wrappers were stripped.",
      "hint": "Add a canonical disposition marker or leave as legacy-advisory until a curated sweep owns this heading.",
      "line": 4204,
      "rule": "dw6-unclassified-legacy-advisory"
    },
    {
      "disposition": null,
      "excerpt": "source_spec: `/home/administrator/projects/hexalith/eventstore/_bmad-output/implementation-artifacts/spec-8-3-pdenc-v2-core-cryptographic-engine.md`",
      "file": "_bmad-output/implementation-artifacts/deferred-work.md",
      "heading": "DW-519: A legitimately unprotected `json` event payload is indistinguishable from one whose wrappers were stripped.",
      "hint": "Add a canonical disposition marker or leave as legacy-advisory until a curated sweep owns this heading.",
      "line": 4208,
      "rule": "dw6-unclassified-legacy-advisory"
    },
    {
      "disposition": null,
      "excerpt": "source_spec: `/home/administrator/projects/hexalith/eventstore/_bmad-output/implementation-artifacts/spec-8-3-pdenc-v2-core-cryptographic-engine.md`",
      "file": "_bmad-output/implementation-artifacts/deferred-work.md",
      "heading": "DW-519: A legitimately unprotected `json` event payload is indistinguishable from one whose wrappers were stripped.",
      "hint": "Add a canonical disposition marker or leave as legacy-advisory until a curated sweep owns this heading.",
      "line": 4212,
      "rule": "dw6-unclassified-legacy-advisory"
    },
    {
      "disposition": null,
      "excerpt": "source_spec: `/home/administrator/projects/hexalith/eventstore/_bmad-output/implementation-artifacts/spec-8-3-pdenc-v2-core-cryptographic-engine.md`",
      "file": "_bmad-output/implementation-artifacts/deferred-work.md",
      "heading": "DW-519: A legitimately unprotected `json` event payload is indistinguishable from one whose wrappers were stripped.",
      "hint": "Add a canonical disposition marker or leave as legacy-advisory until a curated sweep owns this heading.",
      "line": 4216,
      "rule": "dw6-unclassified-legacy-advisory"
    },
    {
      "disposition": null,
      "excerpt": "source_spec: `_bmad-output/implementation-artifacts/spec-4-15-oq8-platform-closure-and-handoff.md`",
      "file": "_bmad-output/implementation-artifacts/deferred-work.md",
      "heading": "Deferred from: BMad Build review of Story 4.15 Group G (2026-09-09)",
      "hint": "Add a canonical disposition marker or leave as legacy-advisory until a curated sweep owns this heading.",
      "line": 3683,
      "rule": "dw6-unclassified-legacy-advisory"
    },
    {
      "disposition": null,
      "excerpt": "source_spec: `_bmad-output/implementation-artifacts/spec-4-15-oq8-platform-closure-and-handoff.md`",
      "file": "_bmad-output/implementation-artifacts/deferred-work.md",
      "heading": "Deferred from: BMad Build review of Story 4.15 Group G (2026-09-09)",
      "hint": "Add a canonical disposition marker or leave as legacy-advisory until a curated sweep owns this heading.",
      "line": 3686,
      "rule": "dw6-unclassified-legacy-advisory"
    },
    {
      "disposition": null,
      "excerpt": "source_spec: `_bmad-output/implementation-artifacts/spec-4-15-oq8-platform-closure-and-handoff.md`",
      "file": "_bmad-output/implementation-artifacts/deferred-work.md",
      "heading": "Deferred from: BMad Build review of Story 4.15 Group G (2026-09-09)",
      "hint": "Add a canonical disposition marker or leave as legacy-advisory until a curated sweep owns this heading.",
      "line": 3689,
      "rule": "dw6-unclassified-legacy-advisory"
    },
    {
      "disposition": null,
      "excerpt": "source_spec: `_bmad-output/implementation-artifacts/spec-4-15-oq8-platform-closure-and-handoff.md`",
      "file": "_bmad-output/implementation-artifacts/deferred-work.md",
      "heading": "Deferred from: BMad Build review of Story 4.15 Group G (2026-09-09)",
      "hint": "Add a canonical disposition marker or leave as legacy-advisory until a curated sweep owns this heading.",
      "line": 3692,
      "rule": "dw6-unclassified-legacy-advisory"
    },
    {
      "disposition": null,
      "excerpt": "source_spec: `_bmad-output/implementation-artifacts/spec-4-15-oq8-platform-closure-and-handoff.md`",
      "file": "_bmad-output/implementation-artifacts/deferred-work.md",
      "heading": "Deferred from: BMad Build review of Story 4.15 Group G (2026-09-09)",
      "hint": "Add a canonical disposition marker or leave as legacy-advisory until a curated sweep owns this heading.",
      "line": 3695,
      "rule": "dw6-unclassified-legacy-advisory"
    },
    {
      "disposition": null,
      "excerpt": "source_spec: `_bmad-output/implementation-artifacts/spec-4-15-oq8-platform-closure-and-handoff.md`",
      "file": "_bmad-output/implementation-artifacts/deferred-work.md",
      "heading": "Deferred from: BMad Build review of Story 4.15 Group G (2026-09-09)",
      "hint": "Add a canonical disposition marker or leave as legacy-advisory until a curated sweep owns this heading.",
      "line": 3698,
      "rule": "dw6-unclassified-legacy-advisory"
    },
    {
      "disposition": null,
      "excerpt": "source_spec: `_bmad-output/implementation-artifacts/spec-4-15-oq8-platform-closure-and-handoff.md`",
      "file": "_bmad-output/implementation-artifacts/deferred-work.md",
      "heading": "Deferred from: BMad Build review of Story 4.15 Group G (2026-09-09)",
      "hint": "Add a canonical disposition marker or leave as legacy-advisory until a curated sweep owns this heading.",
      "line": 3701,
      "rule": "dw6-unclassified-legacy-advisory"
    },
    {
      "disposition": null,
      "excerpt": "source_spec: `_bmad-output/implementation-artifacts/spec-4-15-oq8-platform-closure-and-handoff.md`",
      "file": "_bmad-output/implementation-artifacts/deferred-work.md",
      "heading": "Deferred from: BMad Build review of Story 4.15 Group G (2026-09-09)",
      "hint": "Add a canonical disposition marker or leave as legacy-advisory until a curated sweep owns this heading.",
      "line": 3704,
      "rule": "dw6-unclassified-legacy-advisory"
    },
    {
      "disposition": null,
      "excerpt": "source_spec: `_bmad-output/implementation-artifacts/spec-4-15-oq8-platform-closure-and-handoff.md`",
      "file": "_bmad-output/implementation-artifacts/deferred-work.md",
      "heading": "Deferred from: BMad Build review of Story 4.15 Group G (2026-09-09)",
      "hint": "Add a canonical disposition marker or leave as legacy-advisory until a curated sweep owns this heading.",
      "line": 3707,
      "rule": "dw6-unclassified-legacy-advisory"
    },
    {
      "disposition": null,
      "excerpt": "source_spec: `_bmad-output/implementation-artifacts/spec-4-15-oq8-platform-closure-and-handoff.md`",
      "file": "_bmad-output/implementation-artifacts/deferred-work.md",
      "heading": "Deferred from: BMad Build review of Story 4.15 Group G (2026-09-09)",
      "hint": "Add a canonical disposition marker or leave as legacy-advisory until a curated sweep owns this heading.",
      "line": 3710,
      "rule": "dw6-unclassified-legacy-advisory"
    },
    {
      "disposition": null,
      "excerpt": "source_spec: `_bmad-output/implementation-artifacts/spec-4-15-oq8-platform-closure-and-handoff.md`",
      "file": "_bmad-output/implementation-artifacts/deferred-work.md",
      "heading": "Deferred from: BMad Build review of Story 4.15 Group G (2026-09-09)",
      "hint": "Add a canonical disposition marker or leave as legacy-advisory until a curated sweep owns this heading.",
      "line": 3713,
      "rule": "dw6-unclassified-legacy-advisory"
    },
    {
      "disposition": null,
      "excerpt": "source_spec: `_bmad-output/implementation-artifacts/spec-4-15-oq8-platform-closure-and-handoff.md`",
      "file": "_bmad-output/implementation-artifacts/deferred-work.md",
      "heading": "Deferred from: BMad Build review of Story 4.15 Group G (2026-09-09)",
      "hint": "Add a canonical disposition marker or leave as legacy-advisory until a curated sweep owns this heading.",
      "line": 3716,
      "rule": "dw6-unclassified-legacy-advisory"
    },
    {
      "disposition": null,
      "excerpt": "source_spec: `_bmad-output/implementation-artifacts/spec-4-15-oq8-platform-closure-and-handoff.md`",
      "file": "_bmad-output/implementation-artifacts/deferred-work.md",
      "heading": "Deferred from: BMad Build review of Story 4.15 Group G (2026-09-09)",
      "hint": "Add a canonical disposition marker or leave as legacy-advisory until a curated sweep owns this heading.",
      "line": 3719,
      "rule": "dw6-unclassified-legacy-advisory"
    },
    {
      "disposition": null,
      "excerpt": "source_spec: `_bmad-output/implementation-artifacts/spec-4-15-oq8-platform-closure-and-handoff.md`",
      "file": "_bmad-output/implementation-artifacts/deferred-work.md",
      "heading": "Deferred from: BMad Build review of Story 4.15 Group G (2026-09-09)",
      "hint": "Add a canonical disposition marker or leave as legacy-advisory until a curated sweep owns this heading.",
      "line": 3722,
      "rule": "dw6-unclassified-legacy-advisory"
    },
    {
      "disposition": null,
      "excerpt": "source_spec: `_bmad-output/implementation-artifacts/spec-4-15-oq8-platform-closure-and-handoff.md`",
      "file": "_bmad-output/implementation-artifacts/deferred-work.md",
      "heading": "Deferred from: BMad Build review of Story 4.15 Group G (2026-09-09)",
      "hint": "Add a canonical disposition marker or leave as legacy-advisory until a curated sweep owns this heading.",
      "line": 3725,
      "rule": "dw6-unclassified-legacy-advisory"
    },
    {
      "disposition": null,
      "excerpt": "source_spec: `_bmad-output/implementation-artifacts/spec-4-15-oq8-platform-closure-and-handoff.md`",
      "file": "_bmad-output/implementation-artifacts/deferred-work.md",
      "heading": "Deferred from: BMad Build review of Story 4.15 Group G (2026-09-09)",
      "hint": "Add a canonical disposition marker or leave as legacy-advisory until a curated sweep owns this heading.",
      "line": 3728,
      "rule": "dw6-unclassified-legacy-advisory"
    },
    {
      "disposition": null,
      "excerpt": "source_spec: `_bmad-output/implementation-artifacts/spec-4-15-oq8-platform-closure-and-handoff.md`",
      "file": "_bmad-output/implementation-artifacts/deferred-work.md",
      "heading": "Deferred from: BMad Build review of Story 4.15 Group G (2026-09-09)",
      "hint": "Add a canonical disposition marker or leave as legacy-advisory until a curated sweep owns this heading.",
      "line": 3731,
      "rule": "dw6-unclassified-legacy-advisory"
    },
    {
      "disposition": null,
      "excerpt": "source_spec: `_bmad-output/implementation-artifacts/spec-4-15-oq8-platform-closure-and-handoff.md`",
      "file": "_bmad-output/implementation-artifacts/deferred-work.md",
      "heading": "Deferred from: BMad Build review of Story 4.15 Group G (2026-09-09)",
      "hint": "Add a canonical disposition marker or leave as legacy-advisory until a curated sweep owns this heading.",
      "line": 3734,
      "rule": "dw6-unclassified-legacy-advisory"
    },
    {
      "disposition": null,
      "excerpt": "source_spec: `_bmad-output/implementation-artifacts/spec-4-15-oq8-platform-closure-and-handoff.md`",
      "file": "_bmad-output/implementation-artifacts/deferred-work.md",
      "heading": "Deferred from: BMad Build review of Story 4.15 Group G (2026-09-09)",
      "hint": "Add a canonical disposition marker or leave as legacy-advisory until a curated sweep owns this heading.",
      "line": 3737,
      "rule": "dw6-unclassified-legacy-advisory"
    },
    {
      "disposition": null,
      "excerpt": "source_spec: `_bmad-output/implementation-artifacts/spec-dapr-infrastructure-boundary-planning-reconciliation.md`",
      "file": "_bmad-output/implementation-artifacts/deferred-work.md",
      "heading": "Deferred from: Dapr infrastructure boundary reconciliation",
      "hint": "Add a canonical disposition marker or leave as legacy-advisory until a curated sweep owns this heading.",
      "line": 5329,
      "rule": "dw6-unclassified-legacy-advisory"
    },
    {
      "disposition": null,
      "excerpt": "source_spec: `_bmad-output/implementation-artifacts/spec-dapr-infrastructure-boundary-planning-reconciliation.md`",
      "file": "_bmad-output/implementation-artifacts/deferred-work.md",
      "heading": "Deferred from: Dapr infrastructure boundary reconciliation",
      "hint": "Add a canonical disposition marker or leave as legacy-advisory until a curated sweep owns this heading.",
      "line": 5334,
      "rule": "dw6-unclassified-legacy-advisory"
    },
    {
      "disposition": null,
      "excerpt": "source_spec: `_bmad-output/implementation-artifacts/spec-dapr-infrastructure-boundary-planning-reconciliation.md`",
      "file": "_bmad-output/implementation-artifacts/deferred-work.md",
      "heading": "Deferred from: Dapr infrastructure boundary reconciliation",
      "hint": "Add a canonical disposition marker or leave as legacy-advisory until a curated sweep owns this heading.",
      "line": 5339,
      "rule": "dw6-unclassified-legacy-advisory"
    },
    {
      "disposition": null,
      "excerpt": "source_spec: `_bmad-output/implementation-artifacts/spec-dapr-infrastructure-boundary-planning-reconciliation.md`",
      "file": "_bmad-output/implementation-artifacts/deferred-work.md",
      "heading": "Deferred from: Dapr infrastructure boundary reconciliation",
      "hint": "Add a canonical disposition marker or leave as legacy-advisory until a curated sweep owns this heading.",
      "line": 5345,
      "rule": "dw6-unclassified-legacy-advisory"
    },
    {
      "disposition": null,
      "excerpt": "source_spec: `_bmad-output/implementation-artifacts/spec-dapr-infrastructure-boundary-planning-reconciliation.md`",
      "file": "_bmad-output/implementation-artifacts/deferred-work.md",
      "heading": "Deferred from: Dapr infrastructure boundary reconciliation",
      "hint": "Add a canonical disposition marker or leave as legacy-advisory until a curated sweep owns this heading.",
      "line": 5350,
      "rule": "dw6-unclassified-legacy-advisory"
    },
    {
      "disposition": null,
      "excerpt": "source_spec: `_bmad-output/implementation-artifacts/spec-dapr-infrastructure-boundary-planning-reconciliation.md`",
      "file": "_bmad-output/implementation-artifacts/deferred-work.md",
      "heading": "Deferred from: Dapr infrastructure boundary reconciliation",
      "hint": "Add a canonical disposition marker or leave as legacy-advisory until a curated sweep owns this heading.",
      "line": 5356,
      "rule": "dw6-unclassified-legacy-advisory"
    },
    {
      "disposition": null,
      "excerpt": "source_spec: `_bmad-output/implementation-artifacts/spec-dapr-infrastructure-boundary-planning-reconciliation.md`",
      "file": "_bmad-output/implementation-artifacts/deferred-work.md",
      "heading": "Deferred from: Dapr infrastructure boundary reconciliation",
      "hint": "Add a canonical disposition marker or leave as legacy-advisory until a curated sweep owns this heading.",
      "line": 5362,
      "rule": "dw6-unclassified-legacy-advisory"
    },
    {
      "disposition": null,
      "excerpt": "source_spec: `_bmad-output/implementation-artifacts/spec-dapr-infrastructure-boundary-planning-reconciliation.md`",
      "file": "_bmad-output/implementation-artifacts/deferred-work.md",
      "heading": "Deferred from: Dapr infrastructure boundary reconciliation",
      "hint": "Add a canonical disposition marker or leave as legacy-advisory until a curated sweep owns this heading.",
      "line": 5367,
      "rule": "dw6-unclassified-legacy-advisory"
    },
    {
      "disposition": null,
      "excerpt": "source_spec: `_bmad-output/implementation-artifacts/spec-dapr-infrastructure-boundary-planning-reconciliation.md`",
      "file": "_bmad-output/implementation-artifacts/deferred-work.md",
      "heading": "Deferred from: Dapr infrastructure boundary reconciliation",
      "hint": "Add a canonical disposition marker or leave as legacy-advisory until a curated sweep owns this heading.",
      "line": 5373,
      "rule": "dw6-unclassified-legacy-advisory"
    },
    {
      "disposition": null,
      "excerpt": "source_spec: `_bmad-output/implementation-artifacts/spec-dapr-infrastructure-boundary-planning-reconciliation.md`",
      "file": "_bmad-output/implementation-artifacts/deferred-work.md",
      "heading": "Deferred from: Dapr infrastructure boundary reconciliation",
      "hint": "Add a canonical disposition marker or leave as legacy-advisory until a curated sweep owns this heading.",
      "line": 5378,
      "rule": "dw6-unclassified-legacy-advisory"
    },
    {
      "disposition": null,
      "excerpt": "source_spec: `_bmad-output/implementation-artifacts/spec-6-6-event-versioning-and-upcasting-implementation-2.md`",
      "file": "_bmad-output/implementation-artifacts/deferred-work.md",
      "heading": "Deferred from: Shared Story 6.6 reader implementation",
      "hint": "Add a canonical disposition marker or leave as legacy-advisory until a curated sweep owns this heading.",
      "line": 5385,
      "rule": "dw6-unclassified-legacy-advisory"
    },
    {
      "disposition": null,
      "excerpt": "source_spec: `_bmad-output/implementation-artifacts/spec-6-6-event-versioning-and-upcasting-implementation-2.md`",
      "file": "_bmad-output/implementation-artifacts/deferred-work.md",
      "heading": "Deferred from: Shared Story 6.6 reader implementation",
      "hint": "Add a canonical disposition marker or leave as legacy-advisory until a curated sweep owns this heading.",
      "line": 5390,
      "rule": "dw6-unclassified-legacy-advisory"
    },
    {
      "disposition": null,
      "excerpt": "source_spec: `_bmad-output/implementation-artifacts/spec-6-6-event-versioning-and-upcasting-implementation-2.md`",
      "file": "_bmad-output/implementation-artifacts/deferred-work.md",
      "heading": "Deferred from: Shared Story 6.6 reader implementation",
      "hint": "Add a canonical disposition marker or leave as legacy-advisory until a curated sweep owns this heading.",
      "line": 5395,
      "rule": "dw6-unclassified-legacy-advisory"
    },
    {
      "disposition": null,
      "excerpt": "source_spec: `_bmad-output/implementation-artifacts/spec-6-6-event-versioning-and-upcasting-implementation-2.md`",
      "file": "_bmad-output/implementation-artifacts/deferred-work.md",
      "heading": "Deferred from: Shared Story 6.6 reader implementation",
      "hint": "Add a canonical disposition marker or leave as legacy-advisory until a curated sweep owns this heading.",
      "line": 5400,
      "rule": "dw6-unclassified-legacy-advisory"
    },
    {
      "disposition": null,
      "excerpt": "source_spec: `_bmad-output/implementation-artifacts/spec-6-6-event-versioning-and-upcasting-implementation-2.md`",
      "file": "_bmad-output/implementation-artifacts/deferred-work.md",
      "heading": "Deferred from: Shared Story 6.6 reader implementation",
      "hint": "Add a canonical disposition marker or leave as legacy-advisory until a curated sweep owns this heading.",
      "line": 5405,
      "rule": "dw6-unclassified-legacy-advisory"
    },
    {
      "disposition": null,
      "excerpt": "source_spec: `_bmad-output/implementation-artifacts/spec-6-6-event-versioning-and-upcasting-implementation-2.md`",
      "file": "_bmad-output/implementation-artifacts/deferred-work.md",
      "heading": "Deferred from: Shared Story 6.6 reader implementation",
      "hint": "Add a canonical disposition marker or leave as legacy-advisory until a curated sweep owns this heading.",
      "line": 5410,
      "rule": "dw6-unclassified-legacy-advisory"
    },
    {
      "disposition": null,
      "excerpt": "source_spec: `_bmad-output/implementation-artifacts/spec-6-6-event-versioning-and-upcasting-implementation-2.md`",
      "file": "_bmad-output/implementation-artifacts/deferred-work.md",
      "heading": "Deferred from: Shared Story 6.6 reader implementation",
      "hint": "Add a canonical disposition marker or leave as legacy-advisory until a curated sweep owns this heading.",
      "line": 5415,
      "rule": "dw6-unclassified-legacy-advisory"
    },
    {
      "disposition": null,
      "excerpt": "source_spec: `_bmad-output/implementation-artifacts/spec-6-6-event-versioning-and-upcasting-implementation-2.md`",
      "file": "_bmad-output/implementation-artifacts/deferred-work.md",
      "heading": "Deferred from: Shared Story 6.6 reader implementation",
      "hint": "Add a canonical disposition marker or leave as legacy-advisory until a curated sweep owns this heading.",
      "line": 5420,
      "rule": "dw6-unclassified-legacy-advisory"
    },
    {
      "disposition": null,
      "excerpt": "source_spec: `_bmad-output/implementation-artifacts/spec-3-15-corrected-deployed-runtime-parity-closure.md`",
      "file": "_bmad-output/implementation-artifacts/deferred-work.md",
      "heading": "Deferred from: Story 3.15 curl-isolation re-mint (2026-09-26)",
      "hint": "Add a canonical disposition marker or leave as legacy-advisory until a curated sweep owns this heading.",
      "line": 4908,
      "rule": "dw6-unclassified-legacy-advisory"
    },
    {
      "disposition": null,
      "excerpt": "source_spec: `_bmad-output/implementation-artifacts/spec-6-5a-event-contract-writer-and-migration-evidence-2.md`",
      "file": "_bmad-output/implementation-artifacts/deferred-work.md",
      "heading": "Deferred from: Story 6.5a candidate review (2026-09-27)",
      "hint": "Add a canonical disposition marker or leave as legacy-advisory until a curated sweep owns this heading.",
      "line": 4931,
      "rule": "dw6-unclassified-legacy-advisory"
    },
    {
      "disposition": null,
      "excerpt": "source_spec: `_bmad-output/implementation-artifacts/spec-6-5a-event-contract-writer-and-migration-evidence-2.md`",
      "file": "_bmad-output/implementation-artifacts/deferred-work.md",
      "heading": "Deferred from: Story 6.5a candidate review (2026-09-27)",
      "hint": "Add a canonical disposition marker or leave as legacy-advisory until a curated sweep owns this heading.",
      "line": 4935,
      "rule": "dw6-unclassified-legacy-advisory"
    },
    {
      "disposition": null,
      "excerpt": "source_spec: `_bmad-output/implementation-artifacts/spec-6-5a-event-contract-writer-and-migration-evidence-2.md`",
      "file": "_bmad-output/implementation-artifacts/deferred-work.md",
      "heading": "Deferred from: Story 6.5a candidate review (2026-09-27)",
      "hint": "Add a canonical disposition marker or leave as legacy-advisory until a curated sweep owns this heading.",
      "line": 4939,
      "rule": "dw6-unclassified-legacy-advisory"
    },
    {
      "disposition": null,
      "excerpt": "source_spec: `_bmad-output/implementation-artifacts/spec-6-5a-event-contract-writer-and-migration-evidence-2.md`",
      "file": "_bmad-output/implementation-artifacts/deferred-work.md",
      "heading": "Deferred from: Story 6.5a pass-5 patch completion review (2026-09-27)",
      "hint": "Add a canonical disposition marker or leave as legacy-advisory until a curated sweep owns this heading.",
      "line": 5003,
      "rule": "dw6-unclassified-legacy-advisory"
    },
    {
      "disposition": null,
      "excerpt": "source_spec: `_bmad-output/implementation-artifacts/spec-6-5a-event-contract-writer-and-migration-evidence-2.md`",
      "file": "_bmad-output/implementation-artifacts/deferred-work.md",
      "heading": "Deferred from: Story 6.5a resumed build review (2026-09-27)",
      "hint": "Add a canonical disposition marker or leave as legacy-advisory until a curated sweep owns this heading.",
      "line": 4983,
      "rule": "dw6-unclassified-legacy-advisory"
    },
    {
      "disposition": null,
      "excerpt": "source_spec: `_bmad-output/implementation-artifacts/spec-6-5a-event-contract-writer-and-migration-evidence-2.md`",
      "file": "_bmad-output/implementation-artifacts/deferred-work.md",
      "heading": "Deferred from: Story 6.5a resumed build review (2026-09-27)",
      "hint": "Add a canonical disposition marker or leave as legacy-advisory until a curated sweep owns this heading.",
      "line": 4987,
      "rule": "dw6-unclassified-legacy-advisory"
    },
    {
      "disposition": null,
      "excerpt": "source_spec: `_bmad-output/implementation-artifacts/spec-6-6-event-versioning-and-upcasting-implementation.md`",
      "file": "_bmad-output/implementation-artifacts/deferred-work.md",
      "heading": "Deferred from: Story 6.6 event evolution implementation",
      "hint": "Add a canonical disposition marker or leave as legacy-advisory until a curated sweep owns this heading.",
      "line": 5318,
      "rule": "dw6-unclassified-legacy-advisory"
    },
    {
      "disposition": null,
      "excerpt": "source_spec: `_bmad-output/implementation-artifacts/spec-6-6-event-versioning-and-upcasting-implementation.md`",
      "file": "_bmad-output/implementation-artifacts/deferred-work.md",
      "heading": "Deferred from: Story 6.6 event evolution implementation",
      "hint": "Add a canonical disposition marker or leave as legacy-advisory until a curated sweep owns this heading.",
      "line": 5322,
      "rule": "dw6-unclassified-legacy-advisory"
    },
    {
      "disposition": null,
      "excerpt": "source_spec: `/home/administrator/projects/hexalith/eventstore/_bmad-output/implementation-artifacts/spec-5-4-admin-surface-safety-hygiene.md`",
      "file": "_bmad-output/implementation-artifacts/deferred-work.md",
      "heading": "Deferred from: bmad-build review of Story 5.4 (2026-09-21)",
      "hint": "Add a canonical disposition marker or leave as legacy-advisory until a curated sweep owns this heading.",
      "line": 4681,
      "rule": "dw6-unclassified-legacy-advisory"
    },
    {
      "disposition": null,
      "excerpt": "source_spec: `/home/administrator/projects/hexalith/eventstore/_bmad-output/implementation-artifacts/spec-5-4-admin-surface-safety-hygiene.md`",
      "file": "_bmad-output/implementation-artifacts/deferred-work.md",
      "heading": "Deferred from: bmad-build review of Story 5.4 (2026-09-21)",
      "hint": "Add a canonical disposition marker or leave as legacy-advisory until a curated sweep owns this heading.",
      "line": 4684,
      "rule": "dw6-unclassified-legacy-advisory"
    },
    {
      "disposition": null,
      "excerpt": "source_spec: `/home/administrator/projects/hexalith/eventstore/_bmad-output/implementation-artifacts/spec-5-4-admin-surface-safety-hygiene.md`",
      "file": "_bmad-output/implementation-artifacts/deferred-work.md",
      "heading": "Deferred from: bmad-build review of Story 5.4 (2026-09-21)",
      "hint": "Add a canonical disposition marker or leave as legacy-advisory until a curated sweep owns this heading.",
      "line": 4687,
      "rule": "dw6-unclassified-legacy-advisory"
    },
    {
      "disposition": null,
      "excerpt": "source_spec: `/home/administrator/projects/hexalith/eventstore/_bmad-output/implementation-artifacts/spec-5-4-admin-surface-safety-hygiene.md`",
      "file": "_bmad-output/implementation-artifacts/deferred-work.md",
      "heading": "Deferred from: bmad-build review of Story 5.4 (2026-09-22)",
      "hint": "Add a canonical disposition marker or leave as legacy-advisory until a curated sweep owns this heading.",
      "line": 4705,
      "rule": "dw6-unclassified-legacy-advisory"
    },
    {
      "disposition": null,
      "excerpt": "source_spec: `/home/administrator/projects/hexalith/eventstore/_bmad-output/implementation-artifacts/spec-5-4-admin-surface-safety-hygiene.md`",
      "file": "_bmad-output/implementation-artifacts/deferred-work.md",
      "heading": "Deferred from: bmad-build review of Story 5.4 (2026-09-22)",
      "hint": "Add a canonical disposition marker or leave as legacy-advisory until a curated sweep owns this heading.",
      "line": 4708,
      "rule": "dw6-unclassified-legacy-advisory"
    },
    {
      "disposition": null,
      "excerpt": "source_spec: `_bmad-output/implementation-artifacts/spec-3-15-corrected-deployed-runtime-parity-closure.md`",
      "file": "_bmad-output/implementation-artifacts/deferred-work.md",
      "heading": "Deferred from: code review of Story 3.15 DW-508 trust-path re-mint (2026-09-23)",
      "hint": "Add a canonical disposition marker or leave as legacy-advisory until a curated sweep owns this heading.",
      "line": 4804,
      "rule": "dw6-unclassified-legacy-advisory"
    },
    {
      "disposition": null,
      "excerpt": "source_spec: `_bmad-output/implementation-artifacts/spec-3-15-corrected-deployed-runtime-parity-closure.md`",
      "file": "_bmad-output/implementation-artifacts/deferred-work.md",
      "heading": "Deferred from: code review of Story 3.15 DW-508 trust-path re-mint (2026-09-23)",
      "hint": "Add a canonical disposition marker or leave as legacy-advisory until a curated sweep owns this heading.",
      "line": 4807,
      "rule": "dw6-unclassified-legacy-advisory"
    },
    {
      "disposition": null,
      "excerpt": "source_spec: `_bmad-output/implementation-artifacts/spec-3-15-corrected-deployed-runtime-parity-closure.md`",
      "file": "_bmad-output/implementation-artifacts/deferred-work.md",
      "heading": "Deferred from: code review of Story 3.15 review-patch completion (2026-09-24)",
      "hint": "Add a canonical disposition marker or leave as legacy-advisory until a curated sweep owns this heading.",
      "line": 4850,
      "rule": "dw6-unclassified-legacy-advisory"
    },
    {
      "disposition": null,
      "excerpt": "source_spec: `_bmad-output/implementation-artifacts/spec-3-15-corrected-deployed-runtime-parity-closure.md`",
      "file": "_bmad-output/implementation-artifacts/deferred-work.md",
      "heading": "Deferred from: code review of Story 3.15 review-patch completion (2026-09-24)",
      "hint": "Add a canonical disposition marker or leave as legacy-advisory until a curated sweep owns this heading.",
      "line": 4853,
      "rule": "dw6-unclassified-legacy-advisory"
    },
    {
      "disposition": null,
      "excerpt": "source_spec: `_bmad-output/implementation-artifacts/spec-3-15-corrected-deployed-runtime-parity-closure.md`",
      "file": "_bmad-output/implementation-artifacts/deferred-work.md",
      "heading": "Deferred from: code review of Story 3.15 review-patch completion (2026-09-24)",
      "hint": "Add a canonical disposition marker or leave as legacy-advisory until a curated sweep owns this heading.",
      "line": 4856,
      "rule": "dw6-unclassified-legacy-advisory"
    },
    {
      "disposition": null,
      "excerpt": "source_spec: `_bmad-output/implementation-artifacts/spec-3-15-corrected-deployed-runtime-parity-closure.md`",
      "file": "_bmad-output/implementation-artifacts/deferred-work.md",
      "heading": "Deferred from: code review of spec-3-15-corrected-deployed-runtime-parity-closure (2026-09-26)",
      "hint": "Add a canonical disposition marker or leave as legacy-advisory until a curated sweep owns this heading.",
      "line": 4916,
      "rule": "dw6-unclassified-legacy-advisory"
    },
    {
      "disposition": null,
      "excerpt": "source_spec: `_bmad-output/implementation-artifacts/spec-3-15-corrected-deployed-runtime-parity-closure.md`",
      "file": "_bmad-output/implementation-artifacts/deferred-work.md",
      "heading": "Deferred from: code review of spec-3-15-corrected-deployed-runtime-parity-closure (2026-09-26, review-patch commit adc3aae8, reworded from ddf87f25)",
      "hint": "Add a canonical disposition marker or leave as legacy-advisory until a curated sweep owns this heading.",
      "line": 4923,
      "rule": "dw6-unclassified-legacy-advisory"
    },
    {
      "disposition": null,
      "excerpt": "source_spec: `_bmad-output/implementation-artifacts/spec-3-15-corrected-deployed-runtime-parity-closure.md`",
      "file": "_bmad-output/implementation-artifacts/deferred-work.md",
      "heading": "Deferred from: code review of spec-3-15-corrected-deployed-runtime-parity-closure.md (2026-09-23, receipt-collection closure commit a2f5cba2)",
      "hint": "Add a canonical disposition marker or leave as legacy-advisory until a curated sweep owns this heading.",
      "line": 4815,
      "rule": "dw6-unclassified-legacy-advisory"
    },
    {
      "disposition": null,
      "excerpt": "source_spec: `_bmad-output/implementation-artifacts/spec-3-15-corrected-deployed-runtime-parity-closure.md`",
      "file": "_bmad-output/implementation-artifacts/deferred-work.md",
      "heading": "Deferred from: code review of spec-3-15-corrected-deployed-runtime-parity-closure.md (2026-09-23, receipt-collection closure commit a2f5cba2)",
      "hint": "Add a canonical disposition marker or leave as legacy-advisory until a curated sweep owns this heading.",
      "line": 4818,
      "rule": "dw6-unclassified-legacy-advisory"
    },
    {
      "disposition": null,
      "excerpt": "source_spec: `_bmad-output/implementation-artifacts/spec-3-15-corrected-deployed-runtime-parity-closure.md`",
      "file": "_bmad-output/implementation-artifacts/deferred-work.md",
      "heading": "Deferred from: code review of spec-3-15-corrected-deployed-runtime-parity-closure.md (2026-09-23, receipt-collection closure commit a2f5cba2)",
      "hint": "Add a canonical disposition marker or leave as legacy-advisory until a curated sweep owns this heading.",
      "line": 4822,
      "rule": "dw6-unclassified-legacy-advisory"
    },
    {
      "disposition": null,
      "excerpt": "source_spec: `_bmad-output/implementation-artifacts/spec-3-15-corrected-deployed-runtime-parity-closure.md`",
      "file": "_bmad-output/implementation-artifacts/deferred-work.md",
      "heading": "Deferred from: code review of spec-3-15-corrected-deployed-runtime-parity-closure.md (2026-09-23, receipt-collection closure commit a2f5cba2)",
      "hint": "Add a canonical disposition marker or leave as legacy-advisory until a curated sweep owns this heading.",
      "line": 4825,
      "rule": "dw6-unclassified-legacy-advisory"
    },
    {
      "disposition": null,
      "excerpt": "source_spec: `_bmad-output/implementation-artifacts/spec-3-15-corrected-deployed-runtime-parity-closure.md`",
      "file": "_bmad-output/implementation-artifacts/deferred-work.md",
      "heading": "Deferred from: code review of spec-3-15-corrected-deployed-runtime-parity-closure.md (2026-09-24, owner-authorization closure)",
      "hint": "Add a canonical disposition marker or leave as legacy-advisory until a curated sweep owns this heading.",
      "line": 4831,
      "rule": "dw6-unclassified-legacy-advisory"
    },
    {
      "disposition": null,
      "excerpt": "source_spec: `_bmad-output/implementation-artifacts/spec-3-15-corrected-deployed-runtime-parity-closure.md`",
      "file": "_bmad-output/implementation-artifacts/deferred-work.md",
      "heading": "Deferred from: code review of spec-3-15-corrected-deployed-runtime-parity-closure.md (2026-09-24, owner-authorization closure)",
      "hint": "Add a canonical disposition marker or leave as legacy-advisory until a curated sweep owns this heading.",
      "line": 4834,
      "rule": "dw6-unclassified-legacy-advisory"
    },
    {
      "disposition": null,
      "excerpt": "source_spec: `_bmad-output/implementation-artifacts/spec-3-15-corrected-deployed-runtime-parity-closure.md`",
      "file": "_bmad-output/implementation-artifacts/deferred-work.md",
      "heading": "Deferred from: code review of spec-3-15-corrected-deployed-runtime-parity-closure.md (2026-09-24, review-patch commit a37ec86f)",
      "hint": "Add a canonical disposition marker or leave as legacy-advisory until a curated sweep owns this heading.",
      "line": 4840,
      "rule": "dw6-unclassified-legacy-advisory"
    },
    {
      "disposition": null,
      "excerpt": "source_spec: `_bmad-output/implementation-artifacts/spec-3-15-corrected-deployed-runtime-parity-closure.md`",
      "file": "_bmad-output/implementation-artifacts/deferred-work.md",
      "heading": "Deferred from: code review of spec-3-15-corrected-deployed-runtime-parity-closure.md (2026-09-24, review-patch commit a37ec86f)",
      "hint": "Add a canonical disposition marker or leave as legacy-advisory until a curated sweep owns this heading.",
      "line": 4844,
      "rule": "dw6-unclassified-legacy-advisory"
    },
    {
      "disposition": null,
      "excerpt": "source_spec: `_bmad-output/implementation-artifacts/spec-3-15-corrected-deployed-runtime-parity-closure.md`",
      "file": "_bmad-output/implementation-artifacts/deferred-work.md",
      "heading": "Deferred from: code review of spec-3-15-corrected-deployed-runtime-parity-closure.md (2026-09-26, tooling chunk)",
      "hint": "Add a canonical disposition marker or leave as legacy-advisory until a curated sweep owns this heading.",
      "line": 4874,
      "rule": "dw6-unclassified-legacy-advisory"
    },
    {
      "disposition": null,
      "excerpt": "source_spec: `_bmad-output/implementation-artifacts/spec-3-15-corrected-deployed-runtime-parity-closure.md`",
      "file": "_bmad-output/implementation-artifacts/deferred-work.md",
      "heading": "Deferred from: code review of spec-3-15-corrected-deployed-runtime-parity-closure.md (2026-09-26, tooling chunk)",
      "hint": "Add a canonical disposition marker or leave as legacy-advisory until a curated sweep owns this heading.",
      "line": 4877,
      "rule": "dw6-unclassified-legacy-advisory"
    },
    {
      "disposition": null,
      "excerpt": "source_spec: `_bmad-output/implementation-artifacts/spec-3-15-corrected-deployed-runtime-parity-closure.md`",
      "file": "_bmad-output/implementation-artifacts/deferred-work.md",
      "heading": "Deferred from: code review of spec-3-15-corrected-deployed-runtime-parity-closure.md (2026-09-26, tooling chunk)",
      "hint": "Add a canonical disposition marker or leave as legacy-advisory until a curated sweep owns this heading.",
      "line": 4880,
      "rule": "dw6-unclassified-legacy-advisory"
    },
    {
      "disposition": null,
      "excerpt": "source_spec: `_bmad-output/implementation-artifacts/spec-3-15-corrected-deployed-runtime-parity-closure.md`",
      "file": "_bmad-output/implementation-artifacts/deferred-work.md",
      "heading": "Deferred from: code review of spec-3-15-corrected-deployed-runtime-parity-closure.md (2026-09-26, tooling chunk)",
      "hint": "Add a canonical disposition marker or leave as legacy-advisory until a curated sweep owns this heading.",
      "line": 4883,
      "rule": "dw6-unclassified-legacy-advisory"
    },
    {
      "disposition": null,
      "excerpt": "source_spec: `_bmad-output/implementation-artifacts/spec-3-15-corrected-deployed-runtime-parity-closure.md`",
      "file": "_bmad-output/implementation-artifacts/deferred-work.md",
      "heading": "Deferred from: code review of spec-3-15-corrected-deployed-runtime-parity-closure.md (2026-09-26, tooling chunk)",
      "hint": "Add a canonical disposition marker or leave as legacy-advisory until a curated sweep owns this heading.",
      "line": 4886,
      "rule": "dw6-unclassified-legacy-advisory"
    },
    {
      "disposition": null,
      "excerpt": "source_spec: `_bmad-output/implementation-artifacts/spec-3-15-corrected-deployed-runtime-parity-closure.md`",
      "file": "_bmad-output/implementation-artifacts/deferred-work.md",
      "heading": "Deferred from: code review of spec-3-15-corrected-deployed-runtime-parity-closure.md (2026-09-26, tooling chunk)",
      "hint": "Add a canonical disposition marker or leave as legacy-advisory until a curated sweep owns this heading.",
      "line": 4889,
      "rule": "dw6-unclassified-legacy-advisory"
    },
    {
      "disposition": null,
      "excerpt": "source_spec: `_bmad-output/implementation-artifacts/spec-3-15-corrected-deployed-runtime-parity-closure.md`",
      "file": "_bmad-output/implementation-artifacts/deferred-work.md",
      "heading": "Deferred from: code review of spec-3-15-corrected-deployed-runtime-parity-closure.md (2026-09-26, tooling chunk)",
      "hint": "Add a canonical disposition marker or leave as legacy-advisory until a curated sweep owns this heading.",
      "line": 4892,
      "rule": "dw6-unclassified-legacy-advisory"
    },
    {
      "disposition": null,
      "excerpt": "source_spec: `_bmad-output/implementation-artifacts/spec-3-15-corrected-deployed-runtime-parity-closure.md`",
      "file": "_bmad-output/implementation-artifacts/deferred-work.md",
      "heading": "Deferred from: code review of spec-3-15-corrected-deployed-runtime-parity-closure.md (2026-09-26, tooling chunk)",
      "hint": "Add a canonical disposition marker or leave as legacy-advisory until a curated sweep owns this heading.",
      "line": 4895,
      "rule": "dw6-unclassified-legacy-advisory"
    },
    {
      "disposition": null,
      "excerpt": "source_spec: `_bmad-output/implementation-artifacts/spec-3-15-corrected-deployed-runtime-parity-closure.md`",
      "file": "_bmad-output/implementation-artifacts/deferred-work.md",
      "heading": "Deferred from: code review of spec-3-15-corrected-deployed-runtime-parity-closure.md (2026-09-26, tooling chunk)",
      "hint": "Add a canonical disposition marker or leave as legacy-advisory until a curated sweep owns this heading.",
      "line": 4898,
      "rule": "dw6-unclassified-legacy-advisory"
    },
    {
      "disposition": null,
      "excerpt": "source_spec: `_bmad-output/implementation-artifacts/spec-3-15-corrected-deployed-runtime-parity-closure.md`",
      "file": "_bmad-output/implementation-artifacts/deferred-work.md",
      "heading": "Deferred from: code review of spec-3-15-corrected-deployed-runtime-parity-closure.md (2026-09-26, tooling chunk)",
      "hint": "Add a canonical disposition marker or leave as legacy-advisory until a curated sweep owns this heading.",
      "line": 4902,
      "rule": "dw6-unclassified-legacy-advisory"
    },
    {
      "disposition": null,
      "excerpt": "Restated TOCTOU between `require_no_symlink_components` and `stat()`/`open()` in `read_bounded_regular_snapshot` (`tools/validate-oq8-platform-evidence.py:10...",
      "file": "_bmad-output/implementation-artifacts/deferred-work.md",
      "heading": "Deferred from: code review of spec-4-15-oq8-platform-closure-and-handoff (2026-09-06)",
      "hint": "Add a canonical disposition marker or leave as legacy-advisory until a curated sweep owns this heading.",
      "line": 3603,
      "rule": "dw6-unclassified-legacy-advisory"
    },
    {
      "disposition": null,
      "excerpt": "DW-496: Claimed current-source proofs hash frozen Git, not HEAD or the worktree. Remint with DW-457; keep v1/v2 historical and put live proof on a reduced v3...",
      "file": "_bmad-output/implementation-artifacts/deferred-work.md",
      "heading": "Deferred from: code review of spec-4-15-oq8-platform-closure-and-handoff (2026-09-06)",
      "hint": "Add a canonical disposition marker or leave as legacy-advisory until a curated sweep owns this heading.",
      "line": 3604,
      "rule": "dw6-unclassified-legacy-advisory"
    },
    {
      "disposition": null,
      "excerpt": "DW-497: Full validator requires Story 4.15 tracking already review/done before the packet can pass. Keep spec-done / sprint-review split; do not invert the l...",
      "file": "_bmad-output/implementation-artifacts/deferred-work.md",
      "heading": "Deferred from: code review of spec-4-15-oq8-platform-closure-and-handoff (2026-09-06)",
      "hint": "Add a canonical disposition marker or leave as legacy-advisory until a curated sweep owns this heading.",
      "line": 3605,
      "rule": "dw6-unclassified-legacy-advisory"
    },
    {
      "disposition": null,
      "excerpt": "source_spec: `/home/administrator/projects/hexalith/eventstore/_bmad-output/implementation-artifacts/spec-5-4-admin-surface-safety-hygiene.md`",
      "file": "_bmad-output/implementation-artifacts/deferred-work.md",
      "heading": "Deferred from: code review of spec-4-15-oq8-platform-closure-and-handoff (2026-09-06)",
      "hint": "Add a canonical disposition marker or leave as legacy-advisory until a curated sweep owns this heading.",
      "line": 3606,
      "rule": "dw6-unclassified-legacy-advisory"
    },
    {
      "disposition": null,
      "excerpt": "source_spec: `/home/administrator/projects/hexalith/eventstore/_bmad-output/implementation-artifacts/spec-5-4-admin-surface-safety-hygiene.md`",
      "file": "_bmad-output/implementation-artifacts/deferred-work.md",
      "heading": "Deferred from: code review of spec-4-15-oq8-platform-closure-and-handoff (2026-09-06)",
      "hint": "Add a canonical disposition marker or leave as legacy-advisory until a curated sweep owns this heading.",
      "line": 3609,
      "rule": "dw6-unclassified-legacy-advisory"
    },
    {
      "disposition": null,
      "excerpt": "source_spec: `/home/administrator/projects/hexalith/eventstore/_bmad-output/implementation-artifacts/spec-5-4-admin-surface-safety-hygiene.md`",
      "file": "_bmad-output/implementation-artifacts/deferred-work.md",
      "heading": "Deferred from: code review of spec-4-15-oq8-platform-closure-and-handoff (2026-09-06)",
      "hint": "Add a canonical disposition marker or leave as legacy-advisory until a curated sweep owns this heading.",
      "line": 3612,
      "rule": "dw6-unclassified-legacy-advisory"
    },
    {
      "disposition": null,
      "excerpt": "source_spec: `/home/administrator/projects/hexalith/eventstore/_bmad-output/implementation-artifacts/spec-5-4-admin-surface-safety-hygiene.md`",
      "file": "_bmad-output/implementation-artifacts/deferred-work.md",
      "heading": "Deferred from: code review of spec-4-15-oq8-platform-closure-and-handoff (2026-09-06)",
      "hint": "Add a canonical disposition marker or leave as legacy-advisory until a curated sweep owns this heading.",
      "line": 3615,
      "rule": "dw6-unclassified-legacy-advisory"
    },
    {
      "disposition": null,
      "excerpt": "source_spec: `/home/administrator/projects/hexalith/eventstore/_bmad-output/implementation-artifacts/spec-5-4-admin-surface-safety-hygiene.md`",
      "file": "_bmad-output/implementation-artifacts/deferred-work.md",
      "heading": "Deferred from: code review of spec-4-15-oq8-platform-closure-and-handoff (2026-09-06)",
      "hint": "Add a canonical disposition marker or leave as legacy-advisory until a curated sweep owns this heading.",
      "line": 3618,
      "rule": "dw6-unclassified-legacy-advisory"
    },
    {
      "disposition": null,
      "excerpt": "source_spec: `_bmad-output/implementation-artifacts/spec-6-1-folded-snapshot-frozen-spec.md`",
      "file": "_bmad-output/implementation-artifacts/deferred-work.md",
      "heading": "Deferred from: code review of spec-4-15-oq8-platform-closure-and-handoff (2026-09-06)",
      "hint": "Add a canonical disposition marker or leave as legacy-advisory until a curated sweep owns this heading.",
      "line": 3622,
      "rule": "dw6-unclassified-legacy-advisory"
    },
    {
      "disposition": null,
      "excerpt": "source_spec: `_bmad-output/implementation-artifacts/spec-6-1-folded-snapshot-frozen-spec.md`",
      "file": "_bmad-output/implementation-artifacts/deferred-work.md",
      "heading": "Deferred from: code review of spec-4-15-oq8-platform-closure-and-handoff (2026-09-06)",
      "hint": "Add a canonical disposition marker or leave as legacy-advisory until a curated sweep owns this heading.",
      "line": 3626,
      "rule": "dw6-unclassified-legacy-advisory"
    },
    {
      "disposition": null,
      "excerpt": "source_spec: `_bmad-output/implementation-artifacts/spec-6-1-folded-snapshot-frozen-spec.md`",
      "file": "_bmad-output/implementation-artifacts/deferred-work.md",
      "heading": "Deferred from: code review of spec-4-15-oq8-platform-closure-and-handoff (2026-09-06)",
      "hint": "Add a canonical disposition marker or leave as legacy-advisory until a curated sweep owns this heading.",
      "line": 3630,
      "rule": "dw6-unclassified-legacy-advisory"
    },
    {
      "disposition": null,
      "excerpt": "`git_diff_is_clean` in `tools/validate-oq8-platform-evidence.py:893` has no callers. Group B tests that dirty a worktree therefore cannot be backed by a prod...",
      "file": "_bmad-output/implementation-artifacts/deferred-work.md",
      "heading": "Deferred from: code review of spec-4-15-oq8-platform-closure-and-handoff (2026-09-07)",
      "hint": "Add a canonical disposition marker or leave as legacy-advisory until a curated sweep owns this heading.",
      "line": 3596,
      "rule": "dw6-unclassified-legacy-advisory"
    },
    {
      "disposition": null,
      "excerpt": "Owner accepted renaming `ChangedOrDeletedLaterWorktreePathDoesNotRewriteHistoricalV1`, `CurrentIndexVisibilityFlagsDoNotAlterHistoricalV1`, and `NonDescendan...",
      "file": "_bmad-output/implementation-artifacts/deferred-work.md",
      "heading": "Deferred from: code review of spec-4-15-oq8-platform-closure-and-handoff (2026-09-07)",
      "hint": "Add a canonical disposition marker or leave as legacy-advisory until a curated sweep owns this heading.",
      "line": 3597,
      "rule": "dw6-unclassified-legacy-advisory"
    },
    {
      "disposition": null,
      "excerpt": "Owner accepted deleting unused `candidate-test-source-body` from `ApplyCandidateMutation` / `ExpectedCandidateFailure`. Applied 2026-09-08 during the authori...",
      "file": "_bmad-output/implementation-artifacts/deferred-work.md",
      "heading": "Deferred from: code review of spec-4-15-oq8-platform-closure-and-handoff (2026-09-07)",
      "hint": "Add a canonical disposition marker or leave as legacy-advisory until a curated sweep owns this heading.",
      "line": 3598,
      "rule": "dw6-unclassified-legacy-advisory"
    },
    {
      "disposition": null,
      "excerpt": "`PreReviewModeRejectsCaptureAndSupportArguments` does not send `--lifecycle-mode`. Deferred: capture/support already hit the exclusivity branch; a third seal...",
      "file": "_bmad-output/implementation-artifacts/deferred-work.md",
      "heading": "Deferred from: code review of spec-4-15-oq8-platform-closure-and-handoff (2026-09-07)",
      "hint": "Add a canonical disposition marker or leave as legacy-advisory until a curated sweep owns this heading.",
      "line": 3599,
      "rule": "dw6-unclassified-legacy-advisory"
    },
    {
      "disposition": null,
      "excerpt": "source_spec: `_bmad-output/implementation-artifacts/spec-4-15-oq8-platform-closure-and-handoff.md`",
      "file": "_bmad-output/implementation-artifacts/deferred-work.md",
      "heading": "Deferred from: code review of spec-4-15-oq8-platform-closure-and-handoff (2026-09-09, Group H)",
      "hint": "Add a canonical disposition marker or leave as legacy-advisory until a curated sweep owns this heading.",
      "line": 3743,
      "rule": "dw6-unclassified-legacy-advisory"
    },
    {
      "disposition": null,
      "excerpt": "source_spec: `_bmad-output/implementation-artifacts/spec-4-15-oq8-platform-closure-and-handoff.md`",
      "file": "_bmad-output/implementation-artifacts/deferred-work.md",
      "heading": "Deferred from: code review of spec-4-15-oq8-platform-closure-and-handoff (2026-09-12)",
      "hint": "Add a canonical disposition marker or leave as legacy-advisory until a curated sweep owns this heading.",
      "line": 3881,
      "rule": "dw6-unclassified-legacy-advisory"
    },
    {
      "disposition": null,
      "excerpt": "source_spec: `_bmad-output/implementation-artifacts/spec-4-15-oq8-platform-closure-and-handoff.md`",
      "file": "_bmad-output/implementation-artifacts/deferred-work.md",
      "heading": "Deferred from: code review of spec-4-15-oq8-platform-closure-and-handoff (2026-09-12)",
      "hint": "Add a canonical disposition marker or leave as legacy-advisory until a curated sweep owns this heading.",
      "line": 3884,
      "rule": "dw6-unclassified-legacy-advisory"
    },
    {
      "disposition": null,
      "excerpt": "source_spec: `_bmad-output/implementation-artifacts/spec-4-15-oq8-platform-closure-and-handoff.md`",
      "file": "_bmad-output/implementation-artifacts/deferred-work.md",
      "heading": "Deferred from: code review of spec-4-15-oq8-platform-closure-and-handoff (2026-09-12)",
      "hint": "Add a canonical disposition marker or leave as legacy-advisory until a curated sweep owns this heading.",
      "line": 3887,
      "rule": "dw6-unclassified-legacy-advisory"
    },
    {
      "disposition": null,
      "excerpt": "source_spec: `_bmad-output/implementation-artifacts/spec-4-15-oq8-platform-closure-and-handoff.md`",
      "file": "_bmad-output/implementation-artifacts/deferred-work.md",
      "heading": "Deferred from: code review of spec-4-15-oq8-platform-closure-and-handoff (2026-09-12)",
      "hint": "Add a canonical disposition marker or leave as legacy-advisory until a curated sweep owns this heading.",
      "line": 3890,
      "rule": "dw6-unclassified-legacy-advisory"
    },
    {
      "disposition": null,
      "excerpt": "source_spec: `_bmad-output/implementation-artifacts/spec-4-15-oq8-platform-closure-and-handoff.md`",
      "file": "_bmad-output/implementation-artifacts/deferred-work.md",
      "heading": "Deferred from: code review of spec-4-15-oq8-platform-closure-and-handoff (2026-09-12, resumed build)",
      "hint": "Add a canonical disposition marker or leave as legacy-advisory until a curated sweep owns this heading.",
      "line": 3920,
      "rule": "dw6-unclassified-legacy-advisory"
    },
    {
      "disposition": null,
      "excerpt": "source_spec: `_bmad-output/implementation-artifacts/spec-4-15-oq8-platform-closure-and-handoff.md`",
      "file": "_bmad-output/implementation-artifacts/deferred-work.md",
      "heading": "Deferred from: code review of spec-4-15-oq8-platform-closure-and-handoff (2026-09-12, resumed build)",
      "hint": "Add a canonical disposition marker or leave as legacy-advisory until a curated sweep owns this heading.",
      "line": 3924,
      "rule": "dw6-unclassified-legacy-advisory"
    },
    {
      "disposition": null,
      "excerpt": "source_spec: `_bmad-output/implementation-artifacts/spec-4-15-oq8-platform-closure-and-handoff.md`",
      "file": "_bmad-output/implementation-artifacts/deferred-work.md",
      "heading": "Deferred from: code review of spec-4-15-oq8-platform-closure-and-handoff (2026-09-12, resumed build)",
      "hint": "Add a canonical disposition marker or leave as legacy-advisory until a curated sweep owns this heading.",
      "line": 3927,
      "rule": "dw6-unclassified-legacy-advisory"
    },
    {
      "disposition": null,
      "excerpt": "source_spec: `_bmad-output/implementation-artifacts/spec-4-15-oq8-platform-closure-and-handoff.md`",
      "file": "_bmad-output/implementation-artifacts/deferred-work.md",
      "heading": "Deferred from: code review of spec-4-15-oq8-platform-closure-and-handoff (2026-09-12, resumed build)",
      "hint": "Add a canonical disposition marker or leave as legacy-advisory until a curated sweep owns this heading.",
      "line": 3930,
      "rule": "dw6-unclassified-legacy-advisory"
    },
    {
      "disposition": null,
      "excerpt": "source_spec: `_bmad-output/implementation-artifacts/spec-4-15-oq8-platform-closure-and-handoff.md`",
      "file": "_bmad-output/implementation-artifacts/deferred-work.md",
      "heading": "Deferred from: code review of spec-4-15-oq8-platform-closure-and-handoff (2026-09-12, resumed build)",
      "hint": "Add a canonical disposition marker or leave as legacy-advisory until a curated sweep owns this heading.",
      "line": 3933,
      "rule": "dw6-unclassified-legacy-advisory"
    },
    {
      "disposition": null,
      "excerpt": "source_spec: `_bmad-output/implementation-artifacts/spec-4-15-oq8-platform-closure-and-handoff.md`",
      "file": "_bmad-output/implementation-artifacts/deferred-work.md",
      "heading": "Deferred from: code review of spec-4-15-oq8-platform-closure-and-handoff (2026-09-12, resumed build)",
      "hint": "Add a canonical disposition marker or leave as legacy-advisory until a curated sweep owns this heading.",
      "line": 3937,
      "rule": "dw6-unclassified-legacy-advisory"
    },
    {
      "disposition": null,
      "excerpt": "source_spec: `_bmad-output/implementation-artifacts/spec-4-15-oq8-platform-closure-and-handoff.md`",
      "file": "_bmad-output/implementation-artifacts/deferred-work.md",
      "heading": "Deferred from: code review of spec-4-15-oq8-platform-closure-and-handoff (2026-09-12, resumed build)",
      "hint": "Add a canonical disposition marker or leave as legacy-advisory until a curated sweep owns this heading.",
      "line": 3940,
      "rule": "dw6-unclassified-legacy-advisory"
    },
    {
      "disposition": null,
      "excerpt": "source_spec: `_bmad-output/implementation-artifacts/spec-4-15-oq8-platform-closure-and-handoff.md`",
      "file": "_bmad-output/implementation-artifacts/deferred-work.md",
      "heading": "Deferred from: code review of spec-4-15-oq8-platform-closure-and-handoff (2026-09-12, resumed build)",
      "hint": "Add a canonical disposition marker or leave as legacy-advisory until a curated sweep owns this heading.",
      "line": 3943,
      "rule": "dw6-unclassified-legacy-advisory"
    },
    {
      "disposition": null,
      "excerpt": "source_spec: `/home/administrator/projects/hexalith/eventstore/_bmad-output/implementation-artifacts/spec-4-15-oq8-platform-closure-and-handoff.md`",
      "file": "_bmad-output/implementation-artifacts/deferred-work.md",
      "heading": "Deferred from: code review of spec-4-15-oq8-platform-closure-and-handoff (2026-09-17, validator pass)",
      "hint": "Add a canonical disposition marker or leave as legacy-advisory until a curated sweep owns this heading.",
      "line": 4270,
      "rule": "dw6-unclassified-legacy-advisory"
    },
    {
      "disposition": null,
      "excerpt": "source_spec: `/home/administrator/projects/hexalith/eventstore/_bmad-output/implementation-artifacts/spec-4-15-oq8-platform-closure-and-handoff.md`",
      "file": "_bmad-output/implementation-artifacts/deferred-work.md",
      "heading": "Deferred from: code review of spec-4-15-oq8-platform-closure-and-handoff (2026-09-17, validator pass)",
      "hint": "Add a canonical disposition marker or leave as legacy-advisory until a curated sweep owns this heading.",
      "line": 4276,
      "rule": "dw6-unclassified-legacy-advisory"
    },
    {
      "disposition": null,
      "excerpt": "source_spec: `/home/administrator/projects/hexalith/eventstore/_bmad-output/implementation-artifacts/spec-4-15-oq8-platform-closure-and-handoff.md`",
      "file": "_bmad-output/implementation-artifacts/deferred-work.md",
      "heading": "Deferred from: code review of spec-4-15-oq8-platform-closure-and-handoff (2026-09-17, validator pass)",
      "hint": "Add a canonical disposition marker or leave as legacy-advisory until a curated sweep owns this heading.",
      "line": 4280,
      "rule": "dw6-unclassified-legacy-advisory"
    },
    {
      "disposition": null,
      "excerpt": "source_spec: `/home/administrator/projects/hexalith/eventstore/_bmad-output/implementation-artifacts/spec-4-15-oq8-platform-closure-and-handoff.md`",
      "file": "_bmad-output/implementation-artifacts/deferred-work.md",
      "heading": "Deferred from: code review of spec-4-15-oq8-platform-closure-and-handoff (2026-09-17, validator pass)",
      "hint": "Add a canonical disposition marker or leave as legacy-advisory until a curated sweep owns this heading.",
      "line": 4284,
      "rule": "dw6-unclassified-legacy-advisory"
    },
    {
      "disposition": null,
      "excerpt": "source_spec: `/home/administrator/projects/hexalith/eventstore/_bmad-output/implementation-artifacts/spec-4-15-oq8-platform-closure-and-handoff.md`",
      "file": "_bmad-output/implementation-artifacts/deferred-work.md",
      "heading": "Deferred from: code review of spec-4-15-oq8-platform-closure-and-handoff (2026-09-17, validator pass)",
      "hint": "Add a canonical disposition marker or leave as legacy-advisory until a curated sweep owns this heading.",
      "line": 4288,
      "rule": "dw6-unclassified-legacy-advisory"
    },
    {
      "disposition": null,
      "excerpt": "source_spec: `/home/administrator/projects/hexalith/eventstore/_bmad-output/implementation-artifacts/spec-4-15-oq8-platform-closure-and-handoff.md`",
      "file": "_bmad-output/implementation-artifacts/deferred-work.md",
      "heading": "Deferred from: code review of spec-4-15-oq8-platform-closure-and-handoff (2026-09-18)",
      "hint": "Add a canonical disposition marker or leave as legacy-advisory until a curated sweep owns this heading.",
      "line": 4294,
      "rule": "dw6-unclassified-legacy-advisory"
    },
    {
      "disposition": null,
      "excerpt": "source_spec: `/home/administrator/projects/hexalith/eventstore/_bmad-output/implementation-artifacts/spec-4-15-oq8-platform-closure-and-handoff.md`",
      "file": "_bmad-output/implementation-artifacts/deferred-work.md",
      "heading": "Deferred from: code review of spec-4-15-oq8-platform-closure-and-handoff (2026-09-18)",
      "hint": "Add a canonical disposition marker or leave as legacy-advisory until a curated sweep owns this heading.",
      "line": 4298,
      "rule": "dw6-unclassified-legacy-advisory"
    },
    {
      "disposition": null,
      "excerpt": "source_spec: `/home/administrator/projects/hexalith/eventstore/_bmad-output/implementation-artifacts/spec-4-15-oq8-platform-closure-and-handoff.md`",
      "file": "_bmad-output/implementation-artifacts/deferred-work.md",
      "heading": "Deferred from: code review of spec-4-15-oq8-platform-closure-and-handoff (2026-09-18)",
      "hint": "Add a canonical disposition marker or leave as legacy-advisory until a curated sweep owns this heading.",
      "line": 4302,
      "rule": "dw6-unclassified-legacy-advisory"
    },
    {
      "disposition": null,
      "excerpt": "source_spec: `/home/administrator/projects/hexalith/eventstore/_bmad-output/implementation-artifacts/spec-4-15-oq8-platform-closure-and-handoff.md`",
      "file": "_bmad-output/implementation-artifacts/deferred-work.md",
      "heading": "Deferred from: code review of spec-4-15-oq8-platform-closure-and-handoff (2026-09-18)",
      "hint": "Add a canonical disposition marker or leave as legacy-advisory until a curated sweep owns this heading.",
      "line": 4306,
      "rule": "dw6-unclassified-legacy-advisory"
    },
    {
      "disposition": null,
      "excerpt": "source_spec: `/home/administrator/projects/hexalith/eventstore/_bmad-output/implementation-artifacts/spec-4-15-oq8-platform-closure-and-handoff.md`",
      "file": "_bmad-output/implementation-artifacts/deferred-work.md",
      "heading": "Deferred from: code review of spec-4-15-oq8-platform-closure-and-handoff (2026-09-18)",
      "hint": "Add a canonical disposition marker or leave as legacy-advisory until a curated sweep owns this heading.",
      "line": 4310,
      "rule": "dw6-unclassified-legacy-advisory"
    },
    {
      "disposition": null,
      "excerpt": "source_spec: `/home/administrator/projects/hexalith/eventstore/_bmad-output/implementation-artifacts/spec-4-15-oq8-platform-closure-and-handoff.md`",
      "file": "_bmad-output/implementation-artifacts/deferred-work.md",
      "heading": "Deferred from: code review of spec-4-15-oq8-platform-closure-and-handoff (2026-09-18)",
      "hint": "Add a canonical disposition marker or leave as legacy-advisory until a curated sweep owns this heading.",
      "line": 4314,
      "rule": "dw6-unclassified-legacy-advisory"
    },
    {
      "disposition": null,
      "excerpt": "source_spec: `/home/administrator/projects/hexalith/eventstore/_bmad-output/implementation-artifacts/spec-4-15-oq8-platform-closure-and-handoff.md`",
      "file": "_bmad-output/implementation-artifacts/deferred-work.md",
      "heading": "Deferred from: code review of spec-4-15-oq8-platform-closure-and-handoff (2026-09-18)",
      "hint": "Add a canonical disposition marker or leave as legacy-advisory until a curated sweep owns this heading.",
      "line": 4318,
      "rule": "dw6-unclassified-legacy-advisory"
    },
    {
      "disposition": null,
      "excerpt": "source_spec: `_bmad-output/implementation-artifacts/spec-4-15-oq8-platform-closure-and-handoff.md`",
      "file": "_bmad-output/implementation-artifacts/deferred-work.md",
      "heading": "Deferred from: code review of spec-4-15-oq8-platform-closure-and-handoff Group E (2026-09-09)",
      "hint": "Add a canonical disposition marker or leave as legacy-advisory until a curated sweep owns this heading.",
      "line": 3642,
      "rule": "dw6-unclassified-legacy-advisory"
    },
    {
      "disposition": null,
      "excerpt": "source_spec: `_bmad-output/implementation-artifacts/spec-4-15-oq8-platform-closure-and-handoff.md`",
      "file": "_bmad-output/implementation-artifacts/deferred-work.md",
      "heading": "Deferred from: code review of spec-4-15-oq8-platform-closure-and-handoff Group E (2026-09-09)",
      "hint": "Add a canonical disposition marker or leave as legacy-advisory until a curated sweep owns this heading.",
      "line": 3645,
      "rule": "dw6-unclassified-legacy-advisory"
    },
    {
      "disposition": null,
      "excerpt": "source_spec: `_bmad-output/implementation-artifacts/spec-4-15-oq8-platform-closure-and-handoff.md`",
      "file": "_bmad-output/implementation-artifacts/deferred-work.md",
      "heading": "Deferred from: code review of spec-4-15-oq8-platform-closure-and-handoff Group E (2026-09-09)",
      "hint": "Add a canonical disposition marker or leave as legacy-advisory until a curated sweep owns this heading.",
      "line": 3648,
      "rule": "dw6-unclassified-legacy-advisory"
    },
    {
      "disposition": null,
      "excerpt": "source_spec: `_bmad-output/implementation-artifacts/spec-4-15-oq8-platform-closure-and-handoff.md`",
      "file": "_bmad-output/implementation-artifacts/deferred-work.md",
      "heading": "Deferred from: code review of spec-4-15-oq8-platform-closure-and-handoff Group E (2026-09-09)",
      "hint": "Add a canonical disposition marker or leave as legacy-advisory until a curated sweep owns this heading.",
      "line": 3651,
      "rule": "dw6-unclassified-legacy-advisory"
    },
    {
      "disposition": null,
      "excerpt": "source_spec: `_bmad-output/implementation-artifacts/spec-4-15-oq8-platform-closure-and-handoff.md`",
      "file": "_bmad-output/implementation-artifacts/deferred-work.md",
      "heading": "Deferred from: code review of spec-4-15-oq8-platform-closure-and-handoff Group F (2026-09-09)",
      "hint": "Add a canonical disposition marker or leave as legacy-advisory until a curated sweep owns this heading.",
      "line": 3657,
      "rule": "dw6-unclassified-legacy-advisory"
    },
    {
      "disposition": null,
      "excerpt": "source_spec: `_bmad-output/implementation-artifacts/spec-4-15-oq8-platform-closure-and-handoff.md`",
      "file": "_bmad-output/implementation-artifacts/deferred-work.md",
      "heading": "Deferred from: code review of spec-4-15-oq8-platform-closure-and-handoff Group F (2026-09-09)",
      "hint": "Add a canonical disposition marker or leave as legacy-advisory until a curated sweep owns this heading.",
      "line": 3661,
      "rule": "dw6-unclassified-legacy-advisory"
    },
    {
      "disposition": null,
      "excerpt": "source_spec: `_bmad-output/implementation-artifacts/spec-4-15-oq8-platform-closure-and-handoff.md`",
      "file": "_bmad-output/implementation-artifacts/deferred-work.md",
      "heading": "Deferred from: code review of spec-4-15-oq8-platform-closure-and-handoff Group F (2026-09-09)",
      "hint": "Add a canonical disposition marker or leave as legacy-advisory until a curated sweep owns this heading.",
      "line": 3665,
      "rule": "dw6-unclassified-legacy-advisory"
    },
    {
      "disposition": null,
      "excerpt": "source_spec: `_bmad-output/implementation-artifacts/spec-4-15-oq8-platform-closure-and-handoff.md`",
      "file": "_bmad-output/implementation-artifacts/deferred-work.md",
      "heading": "Deferred from: code review of spec-4-15-oq8-platform-closure-and-handoff Group F (2026-09-09)",
      "hint": "Add a canonical disposition marker or leave as legacy-advisory until a curated sweep owns this heading.",
      "line": 3669,
      "rule": "dw6-unclassified-legacy-advisory"
    },
    {
      "disposition": null,
      "excerpt": "source_spec: `_bmad-output/implementation-artifacts/spec-4-15-oq8-platform-closure-and-handoff.md`",
      "file": "_bmad-output/implementation-artifacts/deferred-work.md",
      "heading": "Deferred from: code review of spec-4-15-oq8-platform-closure-and-handoff Group F (2026-09-09)",
      "hint": "Add a canonical disposition marker or leave as legacy-advisory until a curated sweep owns this heading.",
      "line": 3673,
      "rule": "dw6-unclassified-legacy-advisory"
    },
    {
      "disposition": null,
      "excerpt": "source_spec: `_bmad-output/implementation-artifacts/spec-4-15-oq8-platform-closure-and-handoff.md`",
      "file": "_bmad-output/implementation-artifacts/deferred-work.md",
      "heading": "Deferred from: code review of spec-4-15-oq8-platform-closure-and-handoff Group F (2026-09-09)",
      "hint": "Add a canonical disposition marker or leave as legacy-advisory until a curated sweep owns this heading.",
      "line": 3677,
      "rule": "dw6-unclassified-legacy-advisory"
    },
    {
      "disposition": null,
      "excerpt": "source_spec: `_bmad-output/implementation-artifacts/spec-4-15-oq8-platform-closure-and-handoff.md`",
      "file": "_bmad-output/implementation-artifacts/deferred-work.md",
      "heading": "Deferred from: code review of spec-4-15-oq8-platform-closure-and-handoff.md (2026-09-09, Group I)",
      "hint": "Add a canonical disposition marker or leave as legacy-advisory until a curated sweep owns this heading.",
      "line": 3749,
      "rule": "dw6-unclassified-legacy-advisory"
    },
    {
      "disposition": null,
      "excerpt": "source_spec: `_bmad-output/implementation-artifacts/spec-4-15-oq8-platform-closure-and-handoff.md`",
      "file": "_bmad-output/implementation-artifacts/deferred-work.md",
      "heading": "Deferred from: code review of spec-4-15-oq8-platform-closure-and-handoff.md (2026-09-09, Group J)",
      "hint": "Add a canonical disposition marker or leave as legacy-advisory until a curated sweep owns this heading.",
      "line": 3755,
      "rule": "dw6-unclassified-legacy-advisory"
    },
    {
      "disposition": null,
      "excerpt": "source_spec: `_bmad-output/implementation-artifacts/spec-4-15-oq8-platform-closure-and-handoff.md`",
      "file": "_bmad-output/implementation-artifacts/deferred-work.md",
      "heading": "Deferred from: code review of spec-4-15-oq8-platform-closure-and-handoff.md (2026-09-09, Group J)",
      "hint": "Add a canonical disposition marker or leave as legacy-advisory until a curated sweep owns this heading.",
      "line": 3758,
      "rule": "dw6-unclassified-legacy-advisory"
    },
    {
      "disposition": null,
      "excerpt": "source_spec: `/home/administrator/projects/hexalith/eventstore/_bmad-output/implementation-artifacts/spec-5-3-production-authentication-guards-and-secret-str...",
      "file": "_bmad-output/implementation-artifacts/deferred-work.md",
      "heading": "Deferred from: code review of spec-4-15-oq8-platform-closure-and-handoff.md (2026-09-09, Group J)",
      "hint": "Add a canonical disposition marker or leave as legacy-advisory until a curated sweep owns this heading.",
      "line": 3761,
      "rule": "dw6-unclassified-legacy-advisory"
    },
    {
      "disposition": null,
      "excerpt": "source_spec: `/home/administrator/projects/hexalith/eventstore/_bmad-output/implementation-artifacts/spec-5-3-production-authentication-guards-and-secret-str...",
      "file": "_bmad-output/implementation-artifacts/deferred-work.md",
      "heading": "Deferred from: code review of spec-4-15-oq8-platform-closure-and-handoff.md (2026-09-09, Group J)",
      "hint": "Add a canonical disposition marker or leave as legacy-advisory until a curated sweep owns this heading.",
      "line": 3764,
      "rule": "dw6-unclassified-legacy-advisory"
    },
    {
      "disposition": null,
      "excerpt": "source_spec: `/home/administrator/projects/hexalith/eventstore/_bmad-output/implementation-artifacts/spec-5-3-production-authentication-guards-and-secret-str...",
      "file": "_bmad-output/implementation-artifacts/deferred-work.md",
      "heading": "Deferred from: code review of spec-4-15-oq8-platform-closure-and-handoff.md (2026-09-09, Group J)",
      "hint": "Add a canonical disposition marker or leave as legacy-advisory until a curated sweep owns this heading.",
      "line": 3767,
      "rule": "dw6-unclassified-legacy-advisory"
    },
    {
      "disposition": null,
      "excerpt": "source_spec: `/home/administrator/projects/hexalith/eventstore/_bmad-output/implementation-artifacts/spec-5-3-production-authentication-guards-and-secret-str...",
      "file": "_bmad-output/implementation-artifacts/deferred-work.md",
      "heading": "Deferred from: code review of spec-4-15-oq8-platform-closure-and-handoff.md (2026-09-09, Group J)",
      "hint": "Add a canonical disposition marker or leave as legacy-advisory until a curated sweep owns this heading.",
      "line": 3770,
      "rule": "dw6-unclassified-legacy-advisory"
    },
    {
      "disposition": null,
      "excerpt": "source_spec: `_bmad-output/implementation-artifacts/spec-4-15-oq8-platform-closure-and-handoff.md`",
      "file": "_bmad-output/implementation-artifacts/deferred-work.md",
      "heading": "Deferred from: code review of spec-4-15-oq8-platform-closure-and-handoff.md (2026-09-10, Group B re-review)",
      "hint": "Add a canonical disposition marker or leave as legacy-advisory until a curated sweep owns this heading.",
      "line": 3848,
      "rule": "dw6-unclassified-legacy-advisory"
    },
    {
      "disposition": null,
      "excerpt": "source_spec: `_bmad-output/implementation-artifacts/spec-4-15-oq8-platform-closure-and-handoff.md`",
      "file": "_bmad-output/implementation-artifacts/deferred-work.md",
      "heading": "Deferred from: code review of spec-4-15-oq8-platform-closure-and-handoff.md (2026-09-10, Group K)",
      "hint": "Add a canonical disposition marker or leave as legacy-advisory until a curated sweep owns this heading.",
      "line": 3776,
      "rule": "dw6-unclassified-legacy-advisory"
    },
    {
      "disposition": null,
      "excerpt": "source_spec: `_bmad-output/implementation-artifacts/spec-4-15-oq8-platform-closure-and-handoff.md`",
      "file": "_bmad-output/implementation-artifacts/deferred-work.md",
      "heading": "Deferred from: code review of spec-4-15-oq8-platform-closure-and-handoff.md (2026-09-10, Group K)",
      "hint": "Add a canonical disposition marker or leave as legacy-advisory until a curated sweep owns this heading.",
      "line": 3779,
      "rule": "dw6-unclassified-legacy-advisory"
    },
    {
      "disposition": null,
      "excerpt": "source_spec: `_bmad-output/implementation-artifacts/spec-4-15-oq8-platform-closure-and-handoff.md`",
      "file": "_bmad-output/implementation-artifacts/deferred-work.md",
      "heading": "Deferred from: code review of spec-4-15-oq8-platform-closure-and-handoff.md (2026-09-10, Group L)",
      "hint": "Add a canonical disposition marker or leave as legacy-advisory until a curated sweep owns this heading.",
      "line": 3785,
      "rule": "dw6-unclassified-legacy-advisory"
    },
    {
      "disposition": null,
      "excerpt": "source_spec: `_bmad-output/implementation-artifacts/spec-4-15-oq8-platform-closure-and-handoff.md`",
      "file": "_bmad-output/implementation-artifacts/deferred-work.md",
      "heading": "Deferred from: code review of spec-4-15-oq8-platform-closure-and-handoff.md (2026-09-10, Group L)",
      "hint": "Add a canonical disposition marker or leave as legacy-advisory until a curated sweep owns this heading.",
      "line": 3788,
      "rule": "dw6-unclassified-legacy-advisory"
    },
    {
      "disposition": null,
      "excerpt": "source_spec: `_bmad-output/implementation-artifacts/spec-4-15-oq8-platform-closure-and-handoff.md`",
      "file": "_bmad-output/implementation-artifacts/deferred-work.md",
      "heading": "Deferred from: code review of spec-4-15-oq8-platform-closure-and-handoff.md (2026-09-10, Group M)",
      "hint": "Add a canonical disposition marker or leave as legacy-advisory until a curated sweep owns this heading.",
      "line": 3854,
      "rule": "dw6-unclassified-legacy-advisory"
    },
    {
      "disposition": null,
      "excerpt": "source_spec: `_bmad-output/implementation-artifacts/spec-4-15-oq8-platform-closure-and-handoff.md`",
      "file": "_bmad-output/implementation-artifacts/deferred-work.md",
      "heading": "Deferred from: code review of spec-4-15-oq8-platform-closure-and-handoff.md (2026-09-10, Group M)",
      "hint": "Add a canonical disposition marker or leave as legacy-advisory until a curated sweep owns this heading.",
      "line": 3857,
      "rule": "dw6-unclassified-legacy-advisory"
    },
    {
      "disposition": null,
      "excerpt": "source_spec: `_bmad-output/implementation-artifacts/spec-4-15-oq8-platform-closure-and-handoff.md`",
      "file": "_bmad-output/implementation-artifacts/deferred-work.md",
      "heading": "Deferred from: code review of spec-4-15-oq8-platform-closure-and-handoff.md (2026-09-10, Group M)",
      "hint": "Add a canonical disposition marker or leave as legacy-advisory until a curated sweep owns this heading.",
      "line": 3860,
      "rule": "dw6-unclassified-legacy-advisory"
    },
    {
      "disposition": null,
      "excerpt": "source_spec: `_bmad-output/implementation-artifacts/spec-4-15-oq8-platform-closure-and-handoff.md`",
      "file": "_bmad-output/implementation-artifacts/deferred-work.md",
      "heading": "Deferred from: code review of spec-4-15-oq8-platform-closure-and-handoff.md (2026-09-10, Group M)",
      "hint": "Add a canonical disposition marker or leave as legacy-advisory until a curated sweep owns this heading.",
      "line": 3863,
      "rule": "dw6-unclassified-legacy-advisory"
    },
    {
      "disposition": null,
      "excerpt": "source_spec: `_bmad-output/implementation-artifacts/spec-4-15-oq8-platform-closure-and-handoff.md`",
      "file": "_bmad-output/implementation-artifacts/deferred-work.md",
      "heading": "Deferred from: code review of spec-4-15-oq8-platform-closure-and-handoff.md (2026-09-11)",
      "hint": "Add a canonical disposition marker or leave as legacy-advisory until a curated sweep owns this heading.",
      "line": 3869,
      "rule": "dw6-unclassified-legacy-advisory"
    },
    {
      "disposition": null,
      "excerpt": "source_spec: `spec-4-15-oq8-platform-closure-and-handoff.md`",
      "file": "_bmad-output/implementation-artifacts/deferred-work.md",
      "heading": "Deferred from: code review of spec-4-15-oq8-platform-closure-and-handoff.md (2026-09-20, Group 1 validator)",
      "hint": "Add a canonical disposition marker or leave as legacy-advisory until a curated sweep owns this heading.",
      "line": 4556,
      "rule": "dw6-unclassified-legacy-advisory"
    },
    {
      "disposition": null,
      "excerpt": "source_spec: `spec-4-15-oq8-platform-closure-and-handoff.md`",
      "file": "_bmad-output/implementation-artifacts/deferred-work.md",
      "heading": "Deferred from: code review of spec-4-15-oq8-platform-closure-and-handoff.md (2026-09-20, Group 1 validator)",
      "hint": "Add a canonical disposition marker or leave as legacy-advisory until a curated sweep owns this heading.",
      "line": 4559,
      "rule": "dw6-unclassified-legacy-advisory"
    },
    {
      "disposition": null,
      "excerpt": "source_spec: `spec-4-15-oq8-platform-closure-and-handoff.md`",
      "file": "_bmad-output/implementation-artifacts/deferred-work.md",
      "heading": "Deferred from: code review of spec-4-15-oq8-platform-closure-and-handoff.md (2026-09-20, Group 1 validator)",
      "hint": "Add a canonical disposition marker or leave as legacy-advisory until a curated sweep owns this heading.",
      "line": 4562,
      "rule": "dw6-unclassified-legacy-advisory"
    },
    {
      "disposition": null,
      "excerpt": "source_spec: `spec-4-15-oq8-platform-closure-and-handoff.md`",
      "file": "_bmad-output/implementation-artifacts/deferred-work.md",
      "heading": "Deferred from: code review of spec-4-15-oq8-platform-closure-and-handoff.md (2026-09-20, Group 1 validator)",
      "hint": "Add a canonical disposition marker or leave as legacy-advisory until a curated sweep owns this heading.",
      "line": 4565,
      "rule": "dw6-unclassified-legacy-advisory"
    },
    {
      "disposition": null,
      "excerpt": "DW-496 reconfirmed: the declared current-HEAD / 24-path proof still validates historical commits while active v3 binds only its reduced gate-input set.",
      "file": "_bmad-output/implementation-artifacts/deferred-work.md",
      "heading": "Deferred from: code review of spec-4-15-oq8-platform-closure-and-handoff.md (2026-09-20, story-files-only review)",
      "hint": "Add a canonical disposition marker or leave as legacy-advisory until a curated sweep owns this heading.",
      "line": 4589,
      "rule": "dw6-unclassified-legacy-advisory"
    },
    {
      "disposition": null,
      "excerpt": "DW-497 reconfirmed: final validation still requires sprint `review` and spec `done` as success inputs.",
      "file": "_bmad-output/implementation-artifacts/deferred-work.md",
      "heading": "Deferred from: code review of spec-4-15-oq8-platform-closure-and-handoff.md (2026-09-20, story-files-only review)",
      "hint": "Add a canonical disposition marker or leave as legacy-advisory until a curated sweep owns this heading.",
      "line": 4590,
      "rule": "dw6-unclassified-legacy-advisory"
    },
    {
      "disposition": null,
      "excerpt": "DW-528 reconfirmed: candidate JSON and support-safe scanners still miss private-path shapes handled by the unexpected-exception redactor.",
      "file": "_bmad-output/implementation-artifacts/deferred-work.md",
      "heading": "Deferred from: code review of spec-4-15-oq8-platform-closure-and-handoff.md (2026-09-20, story-files-only review)",
      "hint": "Add a canonical disposition marker or leave as legacy-advisory until a curated sweep owns this heading.",
      "line": 4591,
      "rule": "dw6-unclassified-legacy-advisory"
    },
    {
      "disposition": null,
      "excerpt": "DW-534 reconfirmed: the round-4 limitation set still omits Group R's owner-required deferred-gap sentence and six high `run6-*` disclosures.",
      "file": "_bmad-output/implementation-artifacts/deferred-work.md",
      "heading": "Deferred from: code review of spec-4-15-oq8-platform-closure-and-handoff.md (2026-09-20, story-files-only review)",
      "hint": "Add a canonical disposition marker or leave as legacy-advisory until a curated sweep owns this heading.",
      "line": 4592,
      "rule": "dw6-unclassified-legacy-advisory"
    },
    {
      "disposition": null,
      "excerpt": "source_spec: `/home/administrator/projects/hexalith/eventstore/_bmad-output/implementation-artifacts/spec-4-15-story-file-diff-review-patches.md`",
      "file": "_bmad-output/implementation-artifacts/deferred-work.md",
      "heading": "Deferred from: code review of spec-4-15-oq8-platform-closure-and-handoff.md (2026-09-20, story-files-only review)",
      "hint": "Add a canonical disposition marker or leave as legacy-advisory until a curated sweep owns this heading.",
      "line": 4594,
      "rule": "dw6-unclassified-legacy-advisory"
    },
    {
      "disposition": null,
      "excerpt": "source_spec: `/home/administrator/projects/hexalith/eventstore/_bmad-output/implementation-artifacts/spec-5-4-admin-surface-safety-hygiene.md`",
      "file": "_bmad-output/implementation-artifacts/deferred-work.md",
      "heading": "Deferred from: code review of spec-4-15-oq8-platform-closure-and-handoff.md (2026-09-20, story-files-only review)",
      "hint": "Add a canonical disposition marker or leave as legacy-advisory until a curated sweep owns this heading.",
      "line": 4597,
      "rule": "dw6-unclassified-legacy-advisory"
    },
    {
      "disposition": null,
      "excerpt": "source_spec: `/home/administrator/projects/hexalith/eventstore/_bmad-output/implementation-artifacts/spec-5-4-admin-surface-safety-hygiene.md`",
      "file": "_bmad-output/implementation-artifacts/deferred-work.md",
      "heading": "Deferred from: code review of spec-4-15-oq8-platform-closure-and-handoff.md (2026-09-20, story-files-only review)",
      "hint": "Add a canonical disposition marker or leave as legacy-advisory until a curated sweep owns this heading.",
      "line": 4600,
      "rule": "dw6-unclassified-legacy-advisory"
    },
    {
      "disposition": null,
      "excerpt": "source_spec: `/home/administrator/projects/hexalith/eventstore/_bmad-output/implementation-artifacts/spec-5-4-admin-surface-safety-hygiene.md`",
      "file": "_bmad-output/implementation-artifacts/deferred-work.md",
      "heading": "Deferred from: code review of spec-4-15-oq8-platform-closure-and-handoff.md (2026-09-20, story-files-only review)",
      "hint": "Add a canonical disposition marker or leave as legacy-advisory until a curated sweep owns this heading.",
      "line": 4603,
      "rule": "dw6-unclassified-legacy-advisory"
    },
    {
      "disposition": null,
      "excerpt": "source_spec: `/home/administrator/projects/hexalith/eventstore/_bmad-output/implementation-artifacts/spec-5-4-admin-surface-safety-hygiene.md`",
      "file": "_bmad-output/implementation-artifacts/deferred-work.md",
      "heading": "Deferred from: code review of spec-4-15-oq8-platform-closure-and-handoff.md (2026-09-20, story-files-only review)",
      "hint": "Add a canonical disposition marker or leave as legacy-advisory until a curated sweep owns this heading.",
      "line": 4606,
      "rule": "dw6-unclassified-legacy-advisory"
    },
    {
      "disposition": null,
      "excerpt": "source_spec: `/home/administrator/projects/hexalith/eventstore/_bmad-output/implementation-artifacts/spec-5-4-admin-surface-safety-hygiene.md`",
      "file": "_bmad-output/implementation-artifacts/deferred-work.md",
      "heading": "Deferred from: code review of spec-4-15-oq8-platform-closure-and-handoff.md (2026-09-20, story-files-only review)",
      "hint": "Add a canonical disposition marker or leave as legacy-advisory until a curated sweep owns this heading.",
      "line": 4609,
      "rule": "dw6-unclassified-legacy-advisory"
    },
    {
      "disposition": null,
      "excerpt": "DW-527: Hash-bound `.gitattributes` still has no explicit `eol`, and EditorConfig still defaults C# to CRLF.",
      "file": "_bmad-output/implementation-artifacts/deferred-work.md",
      "heading": "Deferred from: code review of spec-4-15-v3-round-4-reseal (2026-09-20, fifth story-file pass)",
      "hint": "Add a canonical disposition marker or leave as legacy-advisory until a curated sweep owns this heading.",
      "line": 4544,
      "rule": "dw6-unclassified-legacy-advisory"
    },
    {
      "disposition": null,
      "excerpt": "DW-528: `PRIVATE_PATH_RE` still misses deep UNC user paths that `PRIVATE_PATH_TOKEN_RE` redacts.",
      "file": "_bmad-output/implementation-artifacts/deferred-work.md",
      "heading": "Deferred from: code review of spec-4-15-v3-round-4-reseal (2026-09-20, fifth story-file pass)",
      "hint": "Add a canonical disposition marker or leave as legacy-advisory until a curated sweep owns this heading.",
      "line": 4545,
      "rule": "dw6-unclassified-legacy-advisory"
    },
    {
      "disposition": null,
      "excerpt": "DW-529: Whitespace-bearing UNC intermediate segments remain visible because the UNC intermediate class excludes spaces.",
      "file": "_bmad-output/implementation-artifacts/deferred-work.md",
      "heading": "Deferred from: code review of spec-4-15-v3-round-4-reseal (2026-09-20, fifth story-file pass)",
      "hint": "Add a canonical disposition marker or leave as legacy-advisory until a curated sweep owns this heading.",
      "line": 4546,
      "rule": "dw6-unclassified-legacy-advisory"
    },
    {
      "disposition": null,
      "excerpt": "DW-531: `write_json` still publishes through a predictable `<destination>.tmp` sibling; this pass only reconfirmed the collision path.",
      "file": "_bmad-output/implementation-artifacts/deferred-work.md",
      "heading": "Deferred from: code review of spec-4-15-v3-round-4-reseal (2026-09-20, fifth story-file pass)",
      "hint": "Add a canonical disposition marker or leave as legacy-advisory until a curated sweep owns this heading.",
      "line": 4547,
      "rule": "dw6-unclassified-legacy-advisory"
    },
    {
      "disposition": null,
      "excerpt": "DW-534: Group R's deferred-gap limitation sentence and six high `run6-*` disclosures were not restored in the frozen eight-item list.",
      "file": "_bmad-output/implementation-artifacts/deferred-work.md",
      "heading": "Deferred from: code review of spec-4-15-v3-round-4-reseal (2026-09-20, fifth story-file pass)",
      "hint": "Add a canonical disposition marker or leave as legacy-advisory until a curated sweep owns this heading.",
      "line": 4548,
      "rule": "dw6-unclassified-legacy-advisory"
    },
    {
      "disposition": null,
      "excerpt": "DW-535: The parent Story 4.15 spec still names the superseded 2026-09-18 packet.",
      "file": "_bmad-output/implementation-artifacts/deferred-work.md",
      "heading": "Deferred from: code review of spec-4-15-v3-round-4-reseal (2026-09-20, fifth story-file pass)",
      "hint": "Add a canonical disposition marker or leave as legacy-advisory until a curated sweep owns this heading.",
      "line": 4549,
      "rule": "dw6-unclassified-legacy-advisory"
    },
    {
      "disposition": null,
      "excerpt": "DW-536: The round-4 test receipt still does not disclose that `ci / contracts` filters HeavyweightContainerPublish.",
      "file": "_bmad-output/implementation-artifacts/deferred-work.md",
      "heading": "Deferred from: code review of spec-4-15-v3-round-4-reseal (2026-09-20, fifth story-file pass)",
      "hint": "Add a canonical disposition marker or leave as legacy-advisory until a curated sweep owns this heading.",
      "line": 4550,
      "rule": "dw6-unclassified-legacy-advisory"
    },
    {
      "disposition": null,
      "excerpt": "source_spec: `_bmad-output/implementation-artifacts/spec-5-4-admin-surface-safety-hygiene.md`",
      "file": "_bmad-output/implementation-artifacts/deferred-work.md",
      "heading": "Deferred from: code review of spec-5-4-admin-surface-safety-hygiene (2026-09-10)",
      "hint": "Add a canonical disposition marker or leave as legacy-advisory until a curated sweep owns this heading.",
      "line": 3794,
      "rule": "dw6-unclassified-legacy-advisory"
    },
    {
      "disposition": null,
      "excerpt": "source_spec: `_bmad-output/implementation-artifacts/spec-5-4-admin-surface-safety-hygiene.md`",
      "file": "_bmad-output/implementation-artifacts/deferred-work.md",
      "heading": "Deferred from: code review of spec-5-4-admin-surface-safety-hygiene (2026-09-10)",
      "hint": "Add a canonical disposition marker or leave as legacy-advisory until a curated sweep owns this heading.",
      "line": 3797,
      "rule": "dw6-unclassified-legacy-advisory"
    },
    {
      "disposition": null,
      "excerpt": "source_spec: `/home/administrator/projects/hexalith/eventstore/_bmad-output/implementation-artifacts/spec-4-7-tenants-query-provenance-follow-up.md`",
      "file": "_bmad-output/implementation-artifacts/deferred-work.md",
      "heading": "Deferred from: code review of spec-5-4-admin-surface-safety-hygiene (2026-09-10)",
      "hint": "Add a canonical disposition marker or leave as legacy-advisory until a curated sweep owns this heading.",
      "line": 3800,
      "rule": "dw6-unclassified-legacy-advisory"
    },
    {
      "disposition": null,
      "excerpt": "source_spec: `/home/administrator/projects/hexalith/eventstore/_bmad-output/implementation-artifacts/spec-4-7-tenants-query-provenance-follow-up.md`",
      "file": "_bmad-output/implementation-artifacts/deferred-work.md",
      "heading": "Deferred from: code review of spec-5-4-admin-surface-safety-hygiene (2026-09-10)",
      "hint": "Add a canonical disposition marker or leave as legacy-advisory until a curated sweep owns this heading.",
      "line": 3803,
      "rule": "dw6-unclassified-legacy-advisory"
    },
    {
      "disposition": null,
      "excerpt": "source_spec: `/home/administrator/projects/hexalith/eventstore/_bmad-output/implementation-artifacts/spec-4-7-tenants-query-provenance-follow-up.md`",
      "file": "_bmad-output/implementation-artifacts/deferred-work.md",
      "heading": "Deferred from: code review of spec-5-4-admin-surface-safety-hygiene (2026-09-10)",
      "hint": "Add a canonical disposition marker or leave as legacy-advisory until a curated sweep owns this heading.",
      "line": 3806,
      "rule": "dw6-unclassified-legacy-advisory"
    },
    {
      "disposition": null,
      "excerpt": "source_spec: `/home/administrator/projects/hexalith/eventstore/_bmad-output/implementation-artifacts/spec-4-7-tenants-query-provenance-follow-up.md`",
      "file": "_bmad-output/implementation-artifacts/deferred-work.md",
      "heading": "Deferred from: code review of spec-5-4-admin-surface-safety-hygiene (2026-09-10)",
      "hint": "Add a canonical disposition marker or leave as legacy-advisory until a curated sweep owns this heading.",
      "line": 3809,
      "rule": "dw6-unclassified-legacy-advisory"
    },
    {
      "disposition": null,
      "excerpt": "source_spec: `/home/administrator/projects/hexalith/eventstore/_bmad-output/implementation-artifacts/spec-5-4-admin-surface-safety-hygiene.md`",
      "file": "_bmad-output/implementation-artifacts/deferred-work.md",
      "heading": "Deferred from: code review of spec-5-4-admin-surface-safety-hygiene (2026-09-10)",
      "hint": "Add a canonical disposition marker or leave as legacy-advisory until a curated sweep owns this heading.",
      "line": 3812,
      "rule": "dw6-unclassified-legacy-advisory"
    },
    {
      "disposition": null,
      "excerpt": "source_spec: `/home/administrator/projects/hexalith/eventstore/_bmad-output/implementation-artifacts/spec-5-4-admin-surface-safety-hygiene.md`",
      "file": "_bmad-output/implementation-artifacts/deferred-work.md",
      "heading": "Deferred from: code review of spec-5-4-admin-surface-safety-hygiene (2026-09-10)",
      "hint": "Add a canonical disposition marker or leave as legacy-advisory until a curated sweep owns this heading.",
      "line": 3815,
      "rule": "dw6-unclassified-legacy-advisory"
    },
    {
      "disposition": null,
      "excerpt": "source_spec: `/home/administrator/projects/hexalith/eventstore/_bmad-output/implementation-artifacts/spec-5-4-admin-surface-safety-hygiene.md`",
      "file": "_bmad-output/implementation-artifacts/deferred-work.md",
      "heading": "Deferred from: code review of spec-5-4-admin-surface-safety-hygiene (2026-09-10)",
      "hint": "Add a canonical disposition marker or leave as legacy-advisory until a curated sweep owns this heading.",
      "line": 3818,
      "rule": "dw6-unclassified-legacy-advisory"
    },
    {
      "disposition": null,
      "excerpt": "source_spec: `/home/administrator/projects/hexalith/eventstore/_bmad-output/implementation-artifacts/spec-5-4-admin-surface-safety-hygiene.md`",
      "file": "_bmad-output/implementation-artifacts/deferred-work.md",
      "heading": "Deferred from: code review of spec-5-4-admin-surface-safety-hygiene (2026-09-10)",
      "hint": "Add a canonical disposition marker or leave as legacy-advisory until a curated sweep owns this heading.",
      "line": 3821,
      "rule": "dw6-unclassified-legacy-advisory"
    },
    {
      "disposition": null,
      "excerpt": "source_spec: `/home/administrator/projects/hexalith/eventstore/_bmad-output/implementation-artifacts/spec-5-4-admin-surface-safety-hygiene.md`",
      "file": "_bmad-output/implementation-artifacts/deferred-work.md",
      "heading": "Deferred from: code review of spec-5-4-admin-surface-safety-hygiene (2026-09-10)",
      "hint": "Add a canonical disposition marker or leave as legacy-advisory until a curated sweep owns this heading.",
      "line": 3824,
      "rule": "dw6-unclassified-legacy-advisory"
    },
    {
      "disposition": null,
      "excerpt": "source_spec: `/home/administrator/projects/hexalith/eventstore/_bmad-output/implementation-artifacts/spec-5-4-admin-surface-safety-hygiene.md`",
      "file": "_bmad-output/implementation-artifacts/deferred-work.md",
      "heading": "Deferred from: code review of spec-5-4-admin-surface-safety-hygiene (2026-09-10)",
      "hint": "Add a canonical disposition marker or leave as legacy-advisory until a curated sweep owns this heading.",
      "line": 3827,
      "rule": "dw6-unclassified-legacy-advisory"
    },
    {
      "disposition": null,
      "excerpt": "source_spec: `/home/administrator/projects/hexalith/eventstore/_bmad-output/implementation-artifacts/spec-5-4-admin-surface-safety-hygiene.md`",
      "file": "_bmad-output/implementation-artifacts/deferred-work.md",
      "heading": "Deferred from: code review of spec-5-4-admin-surface-safety-hygiene (2026-09-10)",
      "hint": "Add a canonical disposition marker or leave as legacy-advisory until a curated sweep owns this heading.",
      "line": 3830,
      "rule": "dw6-unclassified-legacy-advisory"
    },
    {
      "disposition": null,
      "excerpt": "source_spec: `_bmad-output/implementation-artifacts/spec-5-4-admin-surface-safety-hygiene.md`",
      "file": "_bmad-output/implementation-artifacts/deferred-work.md",
      "heading": "Deferred from: code review of spec-5-4-admin-surface-safety-hygiene.md (2026-09-10, Host+MCP+CLI+docs)",
      "hint": "Add a canonical disposition marker or leave as legacy-advisory until a curated sweep owns this heading.",
      "line": 3836,
      "rule": "dw6-unclassified-legacy-advisory"
    },
    {
      "disposition": null,
      "excerpt": "source_spec: `_bmad-output/implementation-artifacts/spec-5-4-admin-surface-safety-hygiene.md`",
      "file": "_bmad-output/implementation-artifacts/deferred-work.md",
      "heading": "Deferred from: code review of spec-5-4-admin-surface-safety-hygiene.md (2026-09-10, Host+MCP+CLI+docs)",
      "hint": "Add a canonical disposition marker or leave as legacy-advisory until a curated sweep owns this heading.",
      "line": 3839,
      "rule": "dw6-unclassified-legacy-advisory"
    },
    {
      "disposition": null,
      "excerpt": "source_spec: `_bmad-output/implementation-artifacts/spec-5-4-admin-surface-safety-hygiene.md`",
      "file": "_bmad-output/implementation-artifacts/deferred-work.md",
      "heading": "Deferred from: code review of spec-5-4-admin-surface-safety-hygiene.md (2026-09-10, Host+MCP+CLI+docs)",
      "hint": "Add a canonical disposition marker or leave as legacy-advisory until a curated sweep owns this heading.",
      "line": 3842,
      "rule": "dw6-unclassified-legacy-advisory"
    },
    {
      "disposition": null,
      "excerpt": "source_spec: `_bmad-output/implementation-artifacts/spec-5-4-admin-surface-safety-hygiene.md`",
      "file": "_bmad-output/implementation-artifacts/deferred-work.md",
      "heading": "Deferred from: code review of spec-5-4-admin-surface-safety-hygiene.md (2026-09-11, Host/OpenAPI follow-up)",
      "hint": "Add a canonical disposition marker or leave as legacy-advisory until a curated sweep owns this heading.",
      "line": 3875,
      "rule": "dw6-unclassified-legacy-advisory"
    },
    {
      "disposition": null,
      "excerpt": "source_spec: `_bmad-output/implementation-artifacts/spec-5-4-admin-surface-safety-hygiene.md`",
      "file": "_bmad-output/implementation-artifacts/deferred-work.md",
      "heading": "Deferred from: code review of spec-5-4-admin-surface-safety-hygiene.md (2026-09-12)",
      "hint": "Add a canonical disposition marker or leave as legacy-advisory until a curated sweep owns this heading.",
      "line": 3896,
      "rule": "dw6-unclassified-legacy-advisory"
    },
    {
      "disposition": null,
      "excerpt": "source_spec: `_bmad-output/implementation-artifacts/spec-5-4-admin-surface-safety-hygiene.md`",
      "file": "_bmad-output/implementation-artifacts/deferred-work.md",
      "heading": "Deferred from: code review of spec-5-4-admin-surface-safety-hygiene.md (2026-09-12)",
      "hint": "Add a canonical disposition marker or leave as legacy-advisory until a curated sweep owns this heading.",
      "line": 3899,
      "rule": "dw6-unclassified-legacy-advisory"
    },
    {
      "disposition": null,
      "excerpt": "source_spec: `_bmad-output/implementation-artifacts/spec-5-4-admin-surface-safety-hygiene.md`",
      "file": "_bmad-output/implementation-artifacts/deferred-work.md",
      "heading": "Deferred from: code review of spec-5-4-admin-surface-safety-hygiene.md (2026-09-12)",
      "hint": "Add a canonical disposition marker or leave as legacy-advisory until a curated sweep owns this heading.",
      "line": 3902,
      "rule": "dw6-unclassified-legacy-advisory"
    },
    {
      "disposition": null,
      "excerpt": "source_spec: `_bmad-output/implementation-artifacts/spec-5-4-admin-surface-safety-hygiene.md`",
      "file": "_bmad-output/implementation-artifacts/deferred-work.md",
      "heading": "Deferred from: code review of spec-5-4-admin-surface-safety-hygiene.md (2026-09-12, Group 1 adversarial review)",
      "hint": "Add a canonical disposition marker or leave as legacy-advisory until a curated sweep owns this heading.",
      "line": 3908,
      "rule": "dw6-unclassified-legacy-advisory"
    },
    {
      "disposition": null,
      "excerpt": "source_spec: `_bmad-output/implementation-artifacts/spec-5-4-admin-surface-safety-hygiene.md`",
      "file": "_bmad-output/implementation-artifacts/deferred-work.md",
      "heading": "Deferred from: code review of spec-5-4-admin-surface-safety-hygiene.md (2026-09-12, Group 1 adversarial review)",
      "hint": "Add a canonical disposition marker or leave as legacy-advisory until a curated sweep owns this heading.",
      "line": 3911,
      "rule": "dw6-unclassified-legacy-advisory"
    },
    {
      "disposition": null,
      "excerpt": "source_spec: `_bmad-output/implementation-artifacts/spec-5-4-admin-surface-safety-hygiene.md`",
      "file": "_bmad-output/implementation-artifacts/deferred-work.md",
      "heading": "Deferred from: code review of spec-5-4-admin-surface-safety-hygiene.md (2026-09-12, Group 1 adversarial review)",
      "hint": "Add a canonical disposition marker or leave as legacy-advisory until a curated sweep owns this heading.",
      "line": 3914,
      "rule": "dw6-unclassified-legacy-advisory"
    },
    {
      "disposition": null,
      "excerpt": "source_spec: `_bmad-output/implementation-artifacts/spec-5-4-admin-surface-safety-hygiene.md`",
      "file": "_bmad-output/implementation-artifacts/deferred-work.md",
      "heading": "Deferred from: code review of spec-5-4-admin-surface-safety-hygiene.md (2026-09-21, Admin-surface slice)",
      "hint": "Add a canonical disposition marker or leave as legacy-advisory until a curated sweep owns this heading.",
      "line": 4657,
      "rule": "dw6-unclassified-legacy-advisory"
    },
    {
      "disposition": null,
      "excerpt": "source_spec: `_bmad-output/implementation-artifacts/spec-5-4-admin-surface-safety-hygiene.md`",
      "file": "_bmad-output/implementation-artifacts/deferred-work.md",
      "heading": "Deferred from: code review of spec-5-4-admin-surface-safety-hygiene.md (2026-09-21, Admin-surface slice)",
      "hint": "Add a canonical disposition marker or leave as legacy-advisory until a curated sweep owns this heading.",
      "line": 4660,
      "rule": "dw6-unclassified-legacy-advisory"
    },
    {
      "disposition": null,
      "excerpt": "source_spec: `_bmad-output/implementation-artifacts/spec-5-4-admin-surface-safety-hygiene.md`",
      "file": "_bmad-output/implementation-artifacts/deferred-work.md",
      "heading": "Deferred from: code review of spec-5-4-admin-surface-safety-hygiene.md (2026-09-21, Admin-surface slice)",
      "hint": "Add a canonical disposition marker or leave as legacy-advisory until a curated sweep owns this heading.",
      "line": 4663,
      "rule": "dw6-unclassified-legacy-advisory"
    },
    {
      "disposition": null,
      "excerpt": "source_spec: `_bmad-output/implementation-artifacts/spec-5-4-admin-surface-safety-hygiene.md`",
      "file": "_bmad-output/implementation-artifacts/deferred-work.md",
      "heading": "Deferred from: code review of spec-5-4-admin-surface-safety-hygiene.md (2026-09-21, Admin-surface slice)",
      "hint": "Add a canonical disposition marker or leave as legacy-advisory until a curated sweep owns this heading.",
      "line": 4666,
      "rule": "dw6-unclassified-legacy-advisory"
    },
    {
      "disposition": null,
      "excerpt": "source_spec: `_bmad-output/implementation-artifacts/spec-5-4-admin-surface-safety-hygiene.md`",
      "file": "_bmad-output/implementation-artifacts/deferred-work.md",
      "heading": "Deferred from: code review of spec-5-4-admin-surface-safety-hygiene.md (2026-09-21, Admin-surface slice)",
      "hint": "Add a canonical disposition marker or leave as legacy-advisory until a curated sweep owns this heading.",
      "line": 4669,
      "rule": "dw6-unclassified-legacy-advisory"
    },
    {
      "disposition": null,
      "excerpt": "source_spec: `_bmad-output/implementation-artifacts/spec-5-4-admin-surface-safety-hygiene.md`",
      "file": "_bmad-output/implementation-artifacts/deferred-work.md",
      "heading": "Deferred from: code review of spec-5-4-admin-surface-safety-hygiene.md (2026-09-21, Admin-surface slice)",
      "hint": "Add a canonical disposition marker or leave as legacy-advisory until a curated sweep owns this heading.",
      "line": 4672,
      "rule": "dw6-unclassified-legacy-advisory"
    },
    {
      "disposition": null,
      "excerpt": "source_spec: `_bmad-output/implementation-artifacts/spec-5-4-admin-surface-safety-hygiene.md`",
      "file": "_bmad-output/implementation-artifacts/deferred-work.md",
      "heading": "Deferred from: code review of spec-5-4-admin-surface-safety-hygiene.md (2026-09-21, Admin-surface slice)",
      "hint": "Add a canonical disposition marker or leave as legacy-advisory until a curated sweep owns this heading.",
      "line": 4675,
      "rule": "dw6-unclassified-legacy-advisory"
    },
    {
      "disposition": null,
      "excerpt": "source_spec: `_bmad-output/implementation-artifacts/spec-5-4-admin-surface-safety-hygiene.md`",
      "file": "_bmad-output/implementation-artifacts/deferred-work.md",
      "heading": "Deferred from: code review of spec-5-4-admin-surface-safety-hygiene.md (2026-09-21, Chunk 1 bmad-code-review)",
      "hint": "Add a canonical disposition marker or leave as legacy-advisory until a curated sweep owns this heading.",
      "line": 4633,
      "rule": "dw6-unclassified-legacy-advisory"
    },
    {
      "disposition": null,
      "excerpt": "source_spec: `_bmad-output/implementation-artifacts/spec-5-4-admin-surface-safety-hygiene.md`",
      "file": "_bmad-output/implementation-artifacts/deferred-work.md",
      "heading": "Deferred from: code review of spec-5-4-admin-surface-safety-hygiene.md (2026-09-21, Chunk 1 bmad-code-review)",
      "hint": "Add a canonical disposition marker or leave as legacy-advisory until a curated sweep owns this heading.",
      "line": 4636,
      "rule": "dw6-unclassified-legacy-advisory"
    },
    {
      "disposition": null,
      "excerpt": "source_spec: `_bmad-output/implementation-artifacts/spec-5-4-admin-surface-safety-hygiene.md`",
      "file": "_bmad-output/implementation-artifacts/deferred-work.md",
      "heading": "Deferred from: code review of spec-5-4-admin-surface-safety-hygiene.md (2026-09-21, Chunk 1 bmad-code-review)",
      "hint": "Add a canonical disposition marker or leave as legacy-advisory until a curated sweep owns this heading.",
      "line": 4639,
      "rule": "dw6-unclassified-legacy-advisory"
    },
    {
      "disposition": null,
      "excerpt": "source_spec: `/home/administrator/projects/hexalith/eventstore/_bmad-output/implementation-artifacts/spec-5-4-admin-surface-safety-hygiene.md`",
      "file": "_bmad-output/implementation-artifacts/deferred-work.md",
      "heading": "Deferred from: code review of spec-5-4-admin-surface-safety-hygiene.md (2026-09-21, Chunk 1 bmad-code-review)",
      "hint": "Add a canonical disposition marker or leave as legacy-advisory until a curated sweep owns this heading.",
      "line": 4642,
      "rule": "dw6-unclassified-legacy-advisory"
    },
    {
      "disposition": null,
      "excerpt": "source_spec: `/home/administrator/projects/hexalith/eventstore/_bmad-output/implementation-artifacts/spec-5-4-admin-surface-safety-hygiene.md`",
      "file": "_bmad-output/implementation-artifacts/deferred-work.md",
      "heading": "Deferred from: code review of spec-5-4-admin-surface-safety-hygiene.md (2026-09-21, Chunk 1 bmad-code-review)",
      "hint": "Add a canonical disposition marker or leave as legacy-advisory until a curated sweep owns this heading.",
      "line": 4645,
      "rule": "dw6-unclassified-legacy-advisory"
    },
    {
      "disposition": null,
      "excerpt": "source_spec: `/home/administrator/projects/hexalith/eventstore/_bmad-output/implementation-artifacts/spec-5-4-admin-surface-safety-hygiene.md`",
      "file": "_bmad-output/implementation-artifacts/deferred-work.md",
      "heading": "Deferred from: code review of spec-5-4-admin-surface-safety-hygiene.md (2026-09-21, Chunk 1 bmad-code-review)",
      "hint": "Add a canonical disposition marker or leave as legacy-advisory until a curated sweep owns this heading.",
      "line": 4648,
      "rule": "dw6-unclassified-legacy-advisory"
    },
    {
      "disposition": null,
      "excerpt": "source_spec: `/home/administrator/projects/hexalith/eventstore/_bmad-output/implementation-artifacts/spec-5-4-admin-surface-safety-hygiene.md`",
      "file": "_bmad-output/implementation-artifacts/deferred-work.md",
      "heading": "Deferred from: code review of spec-5-4-admin-surface-safety-hygiene.md (2026-09-21, Chunk 1 bmad-code-review)",
      "hint": "Add a canonical disposition marker or leave as legacy-advisory until a curated sweep owns this heading.",
      "line": 4651,
      "rule": "dw6-unclassified-legacy-advisory"
    },
    {
      "disposition": null,
      "excerpt": "source_spec: `_bmad-output/implementation-artifacts/spec-5-4-admin-surface-safety-hygiene.md`",
      "file": "_bmad-output/implementation-artifacts/deferred-work.md",
      "heading": "Deferred from: code review of spec-5-4-admin-surface-safety-hygiene.md (2026-09-21, Host+MCP+CLI+docs)",
      "hint": "Add a canonical disposition marker or leave as legacy-advisory until a curated sweep owns this heading.",
      "line": 4621,
      "rule": "dw6-unclassified-legacy-advisory"
    },
    {
      "disposition": null,
      "excerpt": "source_spec: `_bmad-output/implementation-artifacts/spec-5-4-admin-surface-safety-hygiene.md`",
      "file": "_bmad-output/implementation-artifacts/deferred-work.md",
      "heading": "Deferred from: code review of spec-5-4-admin-surface-safety-hygiene.md (2026-09-21, Host+MCP+CLI+docs)",
      "hint": "Add a canonical disposition marker or leave as legacy-advisory until a curated sweep owns this heading.",
      "line": 4624,
      "rule": "dw6-unclassified-legacy-advisory"
    },
    {
      "disposition": null,
      "excerpt": "source_spec: `_bmad-output/implementation-artifacts/spec-5-4-admin-surface-safety-hygiene.md`",
      "file": "_bmad-output/implementation-artifacts/deferred-work.md",
      "heading": "Deferred from: code review of spec-5-4-admin-surface-safety-hygiene.md (2026-09-21, Host+MCP+CLI+docs)",
      "hint": "Add a canonical disposition marker or leave as legacy-advisory until a curated sweep owns this heading.",
      "line": 4627,
      "rule": "dw6-unclassified-legacy-advisory"
    },
    {
      "disposition": null,
      "excerpt": "source_spec: `_bmad-output/implementation-artifacts/spec-5-4-admin-surface-safety-hygiene.md`",
      "file": "_bmad-output/implementation-artifacts/deferred-work.md",
      "heading": "Deferred from: code review of spec-5-4-admin-surface-safety-hygiene.md (2026-09-21, Host/OpenAPI chunk)",
      "hint": "Add a canonical disposition marker or leave as legacy-advisory until a curated sweep owns this heading.",
      "line": 4615,
      "rule": "dw6-unclassified-legacy-advisory"
    },
    {
      "disposition": null,
      "excerpt": "source_spec: `_bmad-output/implementation-artifacts/spec-5-4-admin-surface-safety-hygiene.md`",
      "file": "_bmad-output/implementation-artifacts/deferred-work.md",
      "heading": "Deferred from: code review of spec-5-4-admin-surface-safety-hygiene.md (2026-09-21, MCP chunk)",
      "hint": "Add a canonical disposition marker or leave as legacy-advisory until a curated sweep owns this heading.",
      "line": 4693,
      "rule": "dw6-unclassified-legacy-advisory"
    },
    {
      "disposition": null,
      "excerpt": "source_spec: `_bmad-output/implementation-artifacts/spec-5-4-admin-surface-safety-hygiene.md`",
      "file": "_bmad-output/implementation-artifacts/deferred-work.md",
      "heading": "Deferred from: code review of spec-5-4-admin-surface-safety-hygiene.md (2026-09-21, MCP chunk)",
      "hint": "Add a canonical disposition marker or leave as legacy-advisory until a curated sweep owns this heading.",
      "line": 4696,
      "rule": "dw6-unclassified-legacy-advisory"
    },
    {
      "disposition": null,
      "excerpt": "source_spec: `_bmad-output/implementation-artifacts/spec-5-4-admin-surface-safety-hygiene.md`",
      "file": "_bmad-output/implementation-artifacts/deferred-work.md",
      "heading": "Deferred from: code review of spec-5-4-admin-surface-safety-hygiene.md (2026-09-21, MCP chunk)",
      "hint": "Add a canonical disposition marker or leave as legacy-advisory until a curated sweep owns this heading.",
      "line": 4699,
      "rule": "dw6-unclassified-legacy-advisory"
    },
    {
      "disposition": null,
      "excerpt": "source_spec: `_bmad-output/implementation-artifacts/spec-5-4-admin-surface-safety-hygiene.md`",
      "file": "_bmad-output/implementation-artifacts/deferred-work.md",
      "heading": "Deferred from: code review of spec-5-4-admin-surface-safety-hygiene.md (2026-09-22, Admin UI slice)",
      "hint": "Add a canonical disposition marker or leave as legacy-advisory until a curated sweep owns this heading.",
      "line": 4795,
      "rule": "dw6-unclassified-legacy-advisory"
    },
    {
      "disposition": null,
      "excerpt": "source_spec: `_bmad-output/implementation-artifacts/spec-5-4-admin-surface-safety-hygiene.md`",
      "file": "_bmad-output/implementation-artifacts/deferred-work.md",
      "heading": "Deferred from: code review of spec-5-4-admin-surface-safety-hygiene.md (2026-09-22, Admin UI slice)",
      "hint": "Add a canonical disposition marker or leave as legacy-advisory until a curated sweep owns this heading.",
      "line": 4798,
      "rule": "dw6-unclassified-legacy-advisory"
    },
    {
      "disposition": null,
      "excerpt": "source_spec: `_bmad-output/implementation-artifacts/spec-5-4-admin-surface-safety-hygiene.md`",
      "file": "_bmad-output/implementation-artifacts/deferred-work.md",
      "heading": "Deferred from: code review of spec-5-4-admin-surface-safety-hygiene.md (2026-09-22, MCP slice)",
      "hint": "Add a canonical disposition marker or leave as legacy-advisory until a curated sweep owns this heading.",
      "line": 4726,
      "rule": "dw6-unclassified-legacy-advisory"
    },
    {
      "disposition": null,
      "excerpt": "source_spec: `_bmad-output/implementation-artifacts/spec-5-4-admin-surface-safety-hygiene.md`",
      "file": "_bmad-output/implementation-artifacts/deferred-work.md",
      "heading": "Deferred from: code review of spec-5-4-admin-surface-safety-hygiene.md (2026-09-22, MCP slice)",
      "hint": "Add a canonical disposition marker or leave as legacy-advisory until a curated sweep owns this heading.",
      "line": 4729,
      "rule": "dw6-unclassified-legacy-advisory"
    },
    {
      "disposition": null,
      "excerpt": "source_spec: `/home/administrator/projects/hexalith/eventstore/_bmad-output/implementation-artifacts/spec-5-4-admin-surface-safety-hygiene.md`",
      "file": "_bmad-output/implementation-artifacts/deferred-work.md",
      "heading": "Deferred from: code review of spec-5-4-admin-surface-safety-hygiene.md (2026-09-22, MCP slice)",
      "hint": "Add a canonical disposition marker or leave as legacy-advisory until a curated sweep owns this heading.",
      "line": 4732,
      "rule": "dw6-unclassified-legacy-advisory"
    },
    {
      "disposition": null,
      "excerpt": "source_spec: `/home/administrator/projects/hexalith/eventstore/_bmad-output/implementation-artifacts/spec-5-4-admin-surface-safety-hygiene.md`",
      "file": "_bmad-output/implementation-artifacts/deferred-work.md",
      "heading": "Deferred from: code review of spec-5-4-admin-surface-safety-hygiene.md (2026-09-22, MCP slice)",
      "hint": "Add a canonical disposition marker or leave as legacy-advisory until a curated sweep owns this heading.",
      "line": 4735,
      "rule": "dw6-unclassified-legacy-advisory"
    },
    {
      "disposition": null,
      "excerpt": "source_spec: `/home/administrator/projects/hexalith/eventstore/_bmad-output/implementation-artifacts/spec-5-4-admin-surface-safety-hygiene.md`",
      "file": "_bmad-output/implementation-artifacts/deferred-work.md",
      "heading": "Deferred from: code review of spec-5-4-admin-surface-safety-hygiene.md (2026-09-22, MCP slice)",
      "hint": "Add a canonical disposition marker or leave as legacy-advisory until a curated sweep owns this heading.",
      "line": 4738,
      "rule": "dw6-unclassified-legacy-advisory"
    },
    {
      "disposition": null,
      "excerpt": "source_spec: `/home/administrator/projects/hexalith/eventstore/_bmad-output/implementation-artifacts/spec-5-4-admin-surface-safety-hygiene.md`",
      "file": "_bmad-output/implementation-artifacts/deferred-work.md",
      "heading": "Deferred from: code review of spec-5-4-admin-surface-safety-hygiene.md (2026-09-22, MCP slice)",
      "hint": "Add a canonical disposition marker or leave as legacy-advisory until a curated sweep owns this heading.",
      "line": 4741,
      "rule": "dw6-unclassified-legacy-advisory"
    },
    {
      "disposition": null,
      "excerpt": "source_spec: `/home/administrator/projects/hexalith/eventstore/_bmad-output/implementation-artifacts/spec-5-4-admin-surface-safety-hygiene.md`",
      "file": "_bmad-output/implementation-artifacts/deferred-work.md",
      "heading": "Deferred from: code review of spec-5-4-admin-surface-safety-hygiene.md (2026-09-22, MCP slice)",
      "hint": "Add a canonical disposition marker or leave as legacy-advisory until a curated sweep owns this heading.",
      "line": 4744,
      "rule": "dw6-unclassified-legacy-advisory"
    },
    {
      "disposition": null,
      "excerpt": "source_spec: `/home/administrator/projects/hexalith/eventstore/_bmad-output/implementation-artifacts/spec-5-4-admin-surface-safety-hygiene.md`",
      "file": "_bmad-output/implementation-artifacts/deferred-work.md",
      "heading": "Deferred from: code review of spec-5-4-admin-surface-safety-hygiene.md (2026-09-22, MCP slice)",
      "hint": "Add a canonical disposition marker or leave as legacy-advisory until a curated sweep owns this heading.",
      "line": 4747,
      "rule": "dw6-unclassified-legacy-advisory"
    },
    {
      "disposition": null,
      "excerpt": "source_spec: `/home/administrator/projects/hexalith/eventstore/_bmad-output/implementation-artifacts/spec-5-4-admin-surface-safety-hygiene.md`",
      "file": "_bmad-output/implementation-artifacts/deferred-work.md",
      "heading": "Deferred from: code review of spec-5-4-admin-surface-safety-hygiene.md (2026-09-22, MCP slice)",
      "hint": "Add a canonical disposition marker or leave as legacy-advisory until a curated sweep owns this heading.",
      "line": 4750,
      "rule": "dw6-unclassified-legacy-advisory"
    },
    {
      "disposition": null,
      "excerpt": "source_spec: `/home/administrator/projects/hexalith/eventstore/_bmad-output/implementation-artifacts/spec-5-4-admin-surface-safety-hygiene.md`",
      "file": "_bmad-output/implementation-artifacts/deferred-work.md",
      "heading": "Deferred from: code review of spec-5-4-admin-surface-safety-hygiene.md (2026-09-22, MCP slice)",
      "hint": "Add a canonical disposition marker or leave as legacy-advisory until a curated sweep owns this heading.",
      "line": 4753,
      "rule": "dw6-unclassified-legacy-advisory"
    },
    {
      "disposition": null,
      "excerpt": "source_spec: `/home/administrator/projects/hexalith/eventstore/_bmad-output/implementation-artifacts/spec-5-4-admin-surface-safety-hygiene.md`",
      "file": "_bmad-output/implementation-artifacts/deferred-work.md",
      "heading": "Deferred from: code review of spec-5-4-admin-surface-safety-hygiene.md (2026-09-22, MCP slice)",
      "hint": "Add a canonical disposition marker or leave as legacy-advisory until a curated sweep owns this heading.",
      "line": 4756,
      "rule": "dw6-unclassified-legacy-advisory"
    },
    {
      "disposition": null,
      "excerpt": "source_spec: `_bmad-output/implementation-artifacts/spec-5-4-admin-surface-safety-hygiene.md`",
      "file": "_bmad-output/implementation-artifacts/deferred-work.md",
      "heading": "Deferred from: code review of spec-5-4-admin-surface-safety-hygiene.md (2026-09-22, MCP slice)",
      "hint": "Add a canonical disposition marker or leave as legacy-advisory until a curated sweep owns this heading.",
      "line": 4759,
      "rule": "dw6-unclassified-legacy-advisory"
    },
    {
      "disposition": null,
      "excerpt": "source_spec: `_bmad-output/implementation-artifacts/spec-5-4-admin-surface-safety-hygiene.md`",
      "file": "_bmad-output/implementation-artifacts/deferred-work.md",
      "heading": "Deferred from: code review of spec-5-4-admin-surface-safety-hygiene.md (2026-09-22, MCP slice)",
      "hint": "Add a canonical disposition marker or leave as legacy-advisory until a curated sweep owns this heading.",
      "line": 4762,
      "rule": "dw6-unclassified-legacy-advisory"
    },
    {
      "disposition": null,
      "excerpt": "source_spec: `_bmad-output/implementation-artifacts/spec-5-4-admin-surface-safety-hygiene.md`",
      "file": "_bmad-output/implementation-artifacts/deferred-work.md",
      "heading": "Deferred from: code review of spec-5-4-admin-surface-safety-hygiene.md (2026-09-22, MCP slice)",
      "hint": "Add a canonical disposition marker or leave as legacy-advisory until a curated sweep owns this heading.",
      "line": 4765,
      "rule": "dw6-unclassified-legacy-advisory"
    },
    {
      "disposition": null,
      "excerpt": "source_spec: `_bmad-output/implementation-artifacts/spec-5-4-admin-surface-safety-hygiene.md`",
      "file": "_bmad-output/implementation-artifacts/deferred-work.md",
      "heading": "Deferred from: code review of spec-5-4-admin-surface-safety-hygiene.md (2026-09-22, MCP slice)",
      "hint": "Add a canonical disposition marker or leave as legacy-advisory until a curated sweep owns this heading.",
      "line": 4768,
      "rule": "dw6-unclassified-legacy-advisory"
    },
    {
      "disposition": null,
      "excerpt": "source_spec: `_bmad-output/implementation-artifacts/spec-5-4-admin-surface-safety-hygiene.md`",
      "file": "_bmad-output/implementation-artifacts/deferred-work.md",
      "heading": "Deferred from: code review of spec-5-4-admin-surface-safety-hygiene.md (2026-09-22, MCP slice)",
      "hint": "Add a canonical disposition marker or leave as legacy-advisory until a curated sweep owns this heading.",
      "line": 4771,
      "rule": "dw6-unclassified-legacy-advisory"
    },
    {
      "disposition": null,
      "excerpt": "source_spec: `_bmad-output/implementation-artifacts/spec-5-4-admin-surface-safety-hygiene.md`",
      "file": "_bmad-output/implementation-artifacts/deferred-work.md",
      "heading": "Deferred from: code review of spec-5-4-admin-surface-safety-hygiene.md (2026-09-22, MCP slice)",
      "hint": "Add a canonical disposition marker or leave as legacy-advisory until a curated sweep owns this heading.",
      "line": 4774,
      "rule": "dw6-unclassified-legacy-advisory"
    },
    {
      "disposition": null,
      "excerpt": "source_spec: `_bmad-output/implementation-artifacts/spec-5-4-admin-surface-safety-hygiene.md`",
      "file": "_bmad-output/implementation-artifacts/deferred-work.md",
      "heading": "Deferred from: code review of spec-5-4-admin-surface-safety-hygiene.md (2026-09-22, MCP slice)",
      "hint": "Add a canonical disposition marker or leave as legacy-advisory until a curated sweep owns this heading.",
      "line": 4777,
      "rule": "dw6-unclassified-legacy-advisory"
    },
    {
      "disposition": null,
      "excerpt": "source_spec: `_bmad-output/implementation-artifacts/spec-5-4-admin-surface-safety-hygiene.md`",
      "file": "_bmad-output/implementation-artifacts/deferred-work.md",
      "heading": "Deferred from: code review of spec-5-4-admin-surface-safety-hygiene.md (2026-09-22, MCP slice)",
      "hint": "Add a canonical disposition marker or leave as legacy-advisory until a curated sweep owns this heading.",
      "line": 4780,
      "rule": "dw6-unclassified-legacy-advisory"
    },
    {
      "disposition": null,
      "excerpt": "source_spec: `_bmad-output/implementation-artifacts/spec-5-4-admin-surface-safety-hygiene.md`",
      "file": "_bmad-output/implementation-artifacts/deferred-work.md",
      "heading": "Deferred from: code review of spec-5-4-admin-surface-safety-hygiene.md (2026-09-22, MCP slice)",
      "hint": "Add a canonical disposition marker or leave as legacy-advisory until a curated sweep owns this heading.",
      "line": 4783,
      "rule": "dw6-unclassified-legacy-advisory"
    },
    {
      "disposition": null,
      "excerpt": "source_spec: `/home/administrator/projects/hexalith/eventstore/_bmad-output/implementation-artifacts/spec-5-4-admin-surface-safety-hygiene.md`",
      "file": "_bmad-output/implementation-artifacts/deferred-work.md",
      "heading": "Deferred from: code review of spec-5-4-admin-surface-safety-hygiene.md (2026-09-22, MCP slice)",
      "hint": "Add a canonical disposition marker or leave as legacy-advisory until a curated sweep owns this heading.",
      "line": 4786,
      "rule": "dw6-unclassified-legacy-advisory"
    },
    {
      "disposition": null,
      "excerpt": "source_spec: `/home/administrator/projects/hexalith/eventstore/_bmad-output/implementation-artifacts/spec-5-4-admin-surface-safety-hygiene.md`",
      "file": "_bmad-output/implementation-artifacts/deferred-work.md",
      "heading": "Deferred from: code review of spec-5-4-admin-surface-safety-hygiene.md (2026-09-22, MCP slice)",
      "hint": "Add a canonical disposition marker or leave as legacy-advisory until a curated sweep owns this heading.",
      "line": 4789,
      "rule": "dw6-unclassified-legacy-advisory"
    },
    {
      "disposition": null,
      "excerpt": "source_spec: `_bmad-output/implementation-artifacts/spec-5-4-admin-surface-safety-hygiene.md`",
      "file": "_bmad-output/implementation-artifacts/deferred-work.md",
      "heading": "Deferred from: code review of spec-5-4-admin-surface-safety-hygiene.md (2026-09-22, chunk 1 host/CLI/docs/marker)",
      "hint": "Add a canonical disposition marker or leave as legacy-advisory until a curated sweep owns this heading.",
      "line": 4714,
      "rule": "dw6-unclassified-legacy-advisory"
    },
    {
      "disposition": null,
      "excerpt": "source_spec: `_bmad-output/implementation-artifacts/spec-5-4-admin-surface-safety-hygiene.md`",
      "file": "_bmad-output/implementation-artifacts/deferred-work.md",
      "heading": "Deferred from: code review of spec-5-4-admin-surface-safety-hygiene.md (2026-09-22, chunk 1 host/CLI/docs/marker)",
      "hint": "Add a canonical disposition marker or leave as legacy-advisory until a curated sweep owns this heading.",
      "line": 4717,
      "rule": "dw6-unclassified-legacy-advisory"
    },
    {
      "disposition": null,
      "excerpt": "source_spec: `_bmad-output/implementation-artifacts/spec-5-4-admin-surface-safety-hygiene.md`",
      "file": "_bmad-output/implementation-artifacts/deferred-work.md",
      "heading": "Deferred from: code review of spec-5-4-admin-surface-safety-hygiene.md (2026-09-22, chunk 1 host/CLI/docs/marker)",
      "hint": "Add a canonical disposition marker or leave as legacy-advisory until a curated sweep owns this heading.",
      "line": 4720,
      "rule": "dw6-unclassified-legacy-advisory"
    },
    {
      "disposition": null,
      "excerpt": "source_spec: `_bmad-output/implementation-artifacts/spec-6-1-folded-snapshot-frozen-spec.md`",
      "file": "_bmad-output/implementation-artifacts/deferred-work.md",
      "heading": "Deferred from: code review of spec-6-1-folded-snapshot-frozen-spec.md (2026-10-04)",
      "hint": "Add a canonical disposition marker or leave as legacy-advisory until a curated sweep owns this heading.",
      "line": 5308,
      "rule": "dw6-unclassified-legacy-advisory"
    },
    {
      "disposition": null,
      "excerpt": "source_spec: `_bmad-output/implementation-artifacts/spec-6-1-folded-snapshot-frozen-spec.md`",
      "file": "_bmad-output/implementation-artifacts/deferred-work.md",
      "heading": "Deferred from: code review of spec-6-1-folded-snapshot-frozen-spec.md (2026-10-04)",
      "hint": "Add a canonical disposition marker or leave as legacy-advisory until a curated sweep owns this heading.",
      "line": 5312,
      "rule": "dw6-unclassified-legacy-advisory"
    },
    {
      "disposition": null,
      "excerpt": "source_spec: `_bmad-output/implementation-artifacts/spec-6-5a-event-contract-writer-and-migration-evidence-2.md`",
      "file": "_bmad-output/implementation-artifacts/deferred-work.md",
      "heading": "Deferred from: code review of spec-6-5a-event-contract-writer-and-migration-evidence-2.md (2026-09-27)",
      "hint": "Add a canonical disposition marker or leave as legacy-advisory until a curated sweep owns this heading.",
      "line": 4947,
      "rule": "dw6-unclassified-legacy-advisory"
    },
    {
      "disposition": null,
      "excerpt": "source_spec: `_bmad-output/implementation-artifacts/spec-6-5a-event-contract-writer-and-migration-evidence-2.md`",
      "file": "_bmad-output/implementation-artifacts/deferred-work.md",
      "heading": "Deferred from: code review of spec-6-5a-event-contract-writer-and-migration-evidence-2.md (2026-09-27)",
      "hint": "Add a canonical disposition marker or leave as legacy-advisory until a curated sweep owns this heading.",
      "line": 4951,
      "rule": "dw6-unclassified-legacy-advisory"
    },
    {
      "disposition": null,
      "excerpt": "source_spec: `_bmad-output/implementation-artifacts/spec-6-5a-event-contract-writer-and-migration-evidence-2.md`",
      "file": "_bmad-output/implementation-artifacts/deferred-work.md",
      "heading": "Deferred from: code review of spec-6-5a-event-contract-writer-and-migration-evidence-2.md (2026-09-27)",
      "hint": "Add a canonical disposition marker or leave as legacy-advisory until a curated sweep owns this heading.",
      "line": 4955,
      "rule": "dw6-unclassified-legacy-advisory"
    },
    {
      "disposition": null,
      "excerpt": "source_spec: `_bmad-output/implementation-artifacts/spec-6-5a-event-contract-writer-and-migration-evidence-2.md`",
      "file": "_bmad-output/implementation-artifacts/deferred-work.md",
      "heading": "Deferred from: code review of spec-6-5a-event-contract-writer-and-migration-evidence-2.md (2026-09-27)",
      "hint": "Add a canonical disposition marker or leave as legacy-advisory until a curated sweep owns this heading.",
      "line": 4959,
      "rule": "dw6-unclassified-legacy-advisory"
    },
    {
      "disposition": null,
      "excerpt": "source_spec: `_bmad-output/implementation-artifacts/spec-6-5a-event-contract-writer-and-migration-evidence-2.md`",
      "file": "_bmad-output/implementation-artifacts/deferred-work.md",
      "heading": "Deferred from: code review of spec-6-5a-event-contract-writer-and-migration-evidence-2.md (2026-09-27)",
      "hint": "Add a canonical disposition marker or leave as legacy-advisory until a curated sweep owns this heading.",
      "line": 4963,
      "rule": "dw6-unclassified-legacy-advisory"
    },
    {
      "disposition": null,
      "excerpt": "source_spec: `_bmad-output/implementation-artifacts/spec-6-5a-event-contract-writer-and-migration-evidence-2.md`",
      "file": "_bmad-output/implementation-artifacts/deferred-work.md",
      "heading": "Deferred from: code review of spec-6-5a-event-contract-writer-and-migration-evidence-2.md (2026-09-27)",
      "hint": "Add a canonical disposition marker or leave as legacy-advisory until a curated sweep owns this heading.",
      "line": 4967,
      "rule": "dw6-unclassified-legacy-advisory"
    },
    {
      "disposition": null,
      "excerpt": "source_spec: `_bmad-output/implementation-artifacts/spec-6-5a-event-contract-writer-and-migration-evidence-2.md`",
      "file": "_bmad-output/implementation-artifacts/deferred-work.md",
      "heading": "Deferred from: code review of spec-6-5a-event-contract-writer-and-migration-evidence-2.md (2026-09-27)",
      "hint": "Add a canonical disposition marker or leave as legacy-advisory until a curated sweep owns this heading.",
      "line": 4971,
      "rule": "dw6-unclassified-legacy-advisory"
    },
    {
      "disposition": null,
      "excerpt": "source_spec: `_bmad-output/implementation-artifacts/spec-6-5a-event-contract-writer-and-migration-evidence-2.md`",
      "file": "_bmad-output/implementation-artifacts/deferred-work.md",
      "heading": "Deferred from: code review of spec-6-5a-event-contract-writer-and-migration-evidence-2.md (2026-09-27)",
      "hint": "Add a canonical disposition marker or leave as legacy-advisory until a curated sweep owns this heading.",
      "line": 4975,
      "rule": "dw6-unclassified-legacy-advisory"
    },
    {
      "disposition": null,
      "excerpt": "source_spec: `_bmad-output/implementation-artifacts/spec-6-5a-event-contract-writer-and-migration-evidence-2.md`",
      "file": "_bmad-output/implementation-artifacts/deferred-work.md",
      "heading": "Deferred from: code review of spec-6-5a-event-contract-writer-and-migration-evidence-2.md (2026-09-27, pass 5)",
      "hint": "Add a canonical disposition marker or leave as legacy-advisory until a curated sweep owns this heading.",
      "line": 4995,
      "rule": "dw6-unclassified-legacy-advisory"
    },
    {
      "disposition": null,
      "excerpt": "source_spec: `_bmad-output/implementation-artifacts/spec-6-5a-event-contract-writer-and-migration-evidence-2.md`",
      "file": "_bmad-output/implementation-artifacts/deferred-work.md",
      "heading": "Deferred from: code review of spec-6-5a-event-contract-writer-and-migration-evidence-2.md (2026-09-27, pass 7)",
      "hint": "Add a canonical disposition marker or leave as legacy-advisory until a curated sweep owns this heading.",
      "line": 5011,
      "rule": "dw6-unclassified-legacy-advisory"
    },
    {
      "disposition": null,
      "excerpt": "source_spec: `_bmad-output/implementation-artifacts/spec-6-5b-verified-read-replay-and-projection-2.md`",
      "file": "_bmad-output/implementation-artifacts/deferred-work.md",
      "heading": "Deferred from: code review of spec-6-5b-verified-read-replay-and-projection-2.md (2026-09-27)",
      "hint": "Add a canonical disposition marker or leave as legacy-advisory until a curated sweep owns this heading.",
      "line": 5019,
      "rule": "dw6-unclassified-legacy-advisory"
    },
    {
      "disposition": null,
      "excerpt": "source_spec: `_bmad-output/implementation-artifacts/spec-6-5c-publication-subscription-and-rollout-2.md`",
      "file": "_bmad-output/implementation-artifacts/deferred-work.md",
      "heading": "Deferred from: code review of spec-6-5c-publication-subscription-and-rollout-2.md (2026-09-29, pass 15, owner routing bar)",
      "hint": "Add a canonical disposition marker or leave as legacy-advisory until a curated sweep owns this heading.",
      "line": 5027,
      "rule": "dw6-unclassified-legacy-advisory"
    },
    {
      "disposition": null,
      "excerpt": "source_spec: `_bmad-output/implementation-artifacts/spec-6-5c-publication-subscription-and-rollout-2.md`",
      "file": "_bmad-output/implementation-artifacts/deferred-work.md",
      "heading": "Deferred from: code review of spec-6-5c-publication-subscription-and-rollout-2.md (2026-09-29, pass 15, owner routing bar)",
      "hint": "Add a canonical disposition marker or leave as legacy-advisory until a curated sweep owns this heading.",
      "line": 5031,
      "rule": "dw6-unclassified-legacy-advisory"
    },
    {
      "disposition": null,
      "excerpt": "source_spec: `_bmad-output/implementation-artifacts/spec-6-5c-publication-subscription-and-rollout-2.md`",
      "file": "_bmad-output/implementation-artifacts/deferred-work.md",
      "heading": "Deferred from: code review of spec-6-5c-publication-subscription-and-rollout-2.md (2026-09-29, pass 15, owner routing bar)",
      "hint": "Add a canonical disposition marker or leave as legacy-advisory until a curated sweep owns this heading.",
      "line": 5035,
      "rule": "dw6-unclassified-legacy-advisory"
    },
    {
      "disposition": null,
      "excerpt": "source_spec: `_bmad-output/implementation-artifacts/spec-6-5c-publication-subscription-and-rollout-2.md`",
      "file": "_bmad-output/implementation-artifacts/deferred-work.md",
      "heading": "Deferred from: code review of spec-6-5c-publication-subscription-and-rollout-2.md (2026-09-29, pass 15, owner routing bar)",
      "hint": "Add a canonical disposition marker or leave as legacy-advisory until a curated sweep owns this heading.",
      "line": 5039,
      "rule": "dw6-unclassified-legacy-advisory"
    },
    {
      "disposition": null,
      "excerpt": "source_spec: `_bmad-output/implementation-artifacts/spec-6-5c-publication-subscription-and-rollout-2.md`",
      "file": "_bmad-output/implementation-artifacts/deferred-work.md",
      "heading": "Deferred from: code review of spec-6-5c-publication-subscription-and-rollout-2.md (2026-09-29, pass 15, owner routing bar)",
      "hint": "Add a canonical disposition marker or leave as legacy-advisory until a curated sweep owns this heading.",
      "line": 5043,
      "rule": "dw6-unclassified-legacy-advisory"
    },
    {
      "disposition": null,
      "excerpt": "source_spec: `_bmad-output/implementation-artifacts/spec-6-5c-publication-subscription-and-rollout-2.md`",
      "file": "_bmad-output/implementation-artifacts/deferred-work.md",
      "heading": "Deferred from: code review of spec-6-5c-publication-subscription-and-rollout-2.md (2026-09-29, pass 15, owner routing bar)",
      "hint": "Add a canonical disposition marker or leave as legacy-advisory until a curated sweep owns this heading.",
      "line": 5047,
      "rule": "dw6-unclassified-legacy-advisory"
    },
    {
      "disposition": null,
      "excerpt": "source_spec: `_bmad-output/implementation-artifacts/spec-6-5c-publication-subscription-and-rollout-2.md`",
      "file": "_bmad-output/implementation-artifacts/deferred-work.md",
      "heading": "Deferred from: code review of spec-6-5c-publication-subscription-and-rollout-2.md (2026-09-29, pass 16, owner routing bar)",
      "hint": "Add a canonical disposition marker or leave as legacy-advisory until a curated sweep owns this heading.",
      "line": 5054,
      "rule": "dw6-unclassified-legacy-advisory"
    },
    {
      "disposition": null,
      "excerpt": "source_spec: `_bmad-output/implementation-artifacts/spec-6-5c-publication-subscription-and-rollout-2.md`",
      "file": "_bmad-output/implementation-artifacts/deferred-work.md",
      "heading": "Deferred from: code review of spec-6-5c-publication-subscription-and-rollout-2.md (2026-09-29, pass 16, owner routing bar)",
      "hint": "Add a canonical disposition marker or leave as legacy-advisory until a curated sweep owns this heading.",
      "line": 5058,
      "rule": "dw6-unclassified-legacy-advisory"
    },
    {
      "disposition": null,
      "excerpt": "source_spec: `_bmad-output/implementation-artifacts/spec-6-5c-publication-subscription-and-rollout-2.md`",
      "file": "_bmad-output/implementation-artifacts/deferred-work.md",
      "heading": "Deferred from: code review of spec-6-5c-publication-subscription-and-rollout-2.md (2026-09-29, pass 16, owner routing bar)",
      "hint": "Add a canonical disposition marker or leave as legacy-advisory until a curated sweep owns this heading.",
      "line": 5062,
      "rule": "dw6-unclassified-legacy-advisory"
    },
    {
      "disposition": null,
      "excerpt": "source_spec: `_bmad-output/implementation-artifacts/spec-6-5c-publication-subscription-and-rollout-2.md`",
      "file": "_bmad-output/implementation-artifacts/deferred-work.md",
      "heading": "Deferred from: code review of spec-6-5c-publication-subscription-and-rollout-2.md (2026-09-29, pass 16, owner routing bar)",
      "hint": "Add a canonical disposition marker or leave as legacy-advisory until a curated sweep owns this heading.",
      "line": 5066,
      "rule": "dw6-unclassified-legacy-advisory"
    },
    {
      "disposition": null,
      "excerpt": "source_spec: `_bmad-output/implementation-artifacts/spec-6-5c-publication-subscription-and-rollout-2.md`",
      "file": "_bmad-output/implementation-artifacts/deferred-work.md",
      "heading": "Deferred from: code review of spec-6-5c-publication-subscription-and-rollout-2.md (2026-09-29, pass 16, owner routing bar)",
      "hint": "Add a canonical disposition marker or leave as legacy-advisory until a curated sweep owns this heading.",
      "line": 5070,
      "rule": "dw6-unclassified-legacy-advisory"
    },
    {
      "disposition": null,
      "excerpt": "source_spec: `_bmad-output/implementation-artifacts/spec-6-5c-publication-subscription-and-rollout-2.md`",
      "file": "_bmad-output/implementation-artifacts/deferred-work.md",
      "heading": "Deferred from: code review of spec-6-5c-publication-subscription-and-rollout-2.md (2026-09-29, pass 16, owner routing bar)",
      "hint": "Add a canonical disposition marker or leave as legacy-advisory until a curated sweep owns this heading.",
      "line": 5074,
      "rule": "dw6-unclassified-legacy-advisory"
    },
    {
      "disposition": null,
      "excerpt": "source_spec: `_bmad-output/implementation-artifacts/spec-6-5c-publication-subscription-and-rollout-2.md`",
      "file": "_bmad-output/implementation-artifacts/deferred-work.md",
      "heading": "Deferred from: code review of spec-6-5c-publication-subscription-and-rollout-2.md (2026-09-29, pass 16, owner routing bar)",
      "hint": "Add a canonical disposition marker or leave as legacy-advisory until a curated sweep owns this heading.",
      "line": 5078,
      "rule": "dw6-unclassified-legacy-advisory"
    },
    {
      "disposition": null,
      "excerpt": "source_spec: `_bmad-output/implementation-artifacts/spec-6-5c-publication-subscription-and-rollout-2.md`",
      "file": "_bmad-output/implementation-artifacts/deferred-work.md",
      "heading": "Deferred from: code review of spec-6-5c-publication-subscription-and-rollout-2.md (2026-09-29, pass 16, owner routing bar)",
      "hint": "Add a canonical disposition marker or leave as legacy-advisory until a curated sweep owns this heading.",
      "line": 5082,
      "rule": "dw6-unclassified-legacy-advisory"
    },
    {
      "disposition": null,
      "excerpt": "source_spec: `_bmad-output/implementation-artifacts/spec-6-5c-publication-subscription-and-rollout-2.md`",
      "file": "_bmad-output/implementation-artifacts/deferred-work.md",
      "heading": "Deferred from: code review of spec-6-5c-publication-subscription-and-rollout-2.md (2026-09-29, pass 16, owner routing bar)",
      "hint": "Add a canonical disposition marker or leave as legacy-advisory until a curated sweep owns this heading.",
      "line": 5086,
      "rule": "dw6-unclassified-legacy-advisory"
    },
    {
      "disposition": null,
      "excerpt": "source_spec: `_bmad-output/implementation-artifacts/spec-6-5c-publication-subscription-and-rollout-2.md`",
      "file": "_bmad-output/implementation-artifacts/deferred-work.md",
      "heading": "Deferred from: code review of spec-6-5c-publication-subscription-and-rollout-2.md (2026-09-29, pass 16, owner routing bar)",
      "hint": "Add a canonical disposition marker or leave as legacy-advisory until a curated sweep owns this heading.",
      "line": 5090,
      "rule": "dw6-unclassified-legacy-advisory"
    },
    {
      "disposition": null,
      "excerpt": "source_spec: `_bmad-output/implementation-artifacts/spec-6-5c-publication-subscription-and-rollout-2.md`",
      "file": "_bmad-output/implementation-artifacts/deferred-work.md",
      "heading": "Deferred from: code review of spec-6-5c-publication-subscription-and-rollout-2.md (2026-09-29, pass 16, owner routing bar)",
      "hint": "Add a canonical disposition marker or leave as legacy-advisory until a curated sweep owns this heading.",
      "line": 5094,
      "rule": "dw6-unclassified-legacy-advisory"
    },
    {
      "disposition": null,
      "excerpt": "source_spec: `_bmad-output/implementation-artifacts/spec-6-5c-publication-subscription-and-rollout-2.md`",
      "file": "_bmad-output/implementation-artifacts/deferred-work.md",
      "heading": "Deferred from: code review of spec-6-5c-publication-subscription-and-rollout-2.md (2026-09-29, pass 16, owner routing bar)",
      "hint": "Add a canonical disposition marker or leave as legacy-advisory until a curated sweep owns this heading.",
      "line": 5098,
      "rule": "dw6-unclassified-legacy-advisory"
    },
    {
      "disposition": null,
      "excerpt": "source_spec: `_bmad-output/implementation-artifacts/spec-6-5c-publication-subscription-and-rollout-2.md`",
      "file": "_bmad-output/implementation-artifacts/deferred-work.md",
      "heading": "Deferred from: code review of spec-6-5c-publication-subscription-and-rollout-2.md (2026-09-29, pass 16, owner routing bar)",
      "hint": "Add a canonical disposition marker or leave as legacy-advisory until a curated sweep owns this heading.",
      "line": 5102,
      "rule": "dw6-unclassified-legacy-advisory"
    },
    {
      "disposition": null,
      "excerpt": "source_spec: `_bmad-output/implementation-artifacts/spec-6-5c-publication-subscription-and-rollout-2.md`",
      "file": "_bmad-output/implementation-artifacts/deferred-work.md",
      "heading": "Deferred from: code review of spec-6-5c-publication-subscription-and-rollout-2.md (2026-09-29, pass 16, owner routing bar)",
      "hint": "Add a canonical disposition marker or leave as legacy-advisory until a curated sweep owns this heading.",
      "line": 5106,
      "rule": "dw6-unclassified-legacy-advisory"
    },
    {
      "disposition": null,
      "excerpt": "source_spec: `_bmad-output/implementation-artifacts/spec-6-5c-publication-subscription-and-rollout-2.md`",
      "file": "_bmad-output/implementation-artifacts/deferred-work.md",
      "heading": "Deferred from: code review of spec-6-5c-publication-subscription-and-rollout-2.md (2026-09-29, pass 16, owner routing bar)",
      "hint": "Add a canonical disposition marker or leave as legacy-advisory until a curated sweep owns this heading.",
      "line": 5110,
      "rule": "dw6-unclassified-legacy-advisory"
    },
    {
      "disposition": null,
      "excerpt": "source_spec: `_bmad-output/implementation-artifacts/spec-6-5c-publication-subscription-and-rollout-2.md`",
      "file": "_bmad-output/implementation-artifacts/deferred-work.md",
      "heading": "Deferred from: code review of spec-6-5c-publication-subscription-and-rollout-2.md (2026-09-29, pass 16, owner routing bar)",
      "hint": "Add a canonical disposition marker or leave as legacy-advisory until a curated sweep owns this heading.",
      "line": 5114,
      "rule": "dw6-unclassified-legacy-advisory"
    },
    {
      "disposition": null,
      "excerpt": "source_spec: `_bmad-output/implementation-artifacts/spec-6-5c-publication-subscription-and-rollout-2.md`",
      "file": "_bmad-output/implementation-artifacts/deferred-work.md",
      "heading": "Deferred from: code review of spec-6-5c-publication-subscription-and-rollout-2.md (2026-09-29, pass 16, owner routing bar)",
      "hint": "Add a canonical disposition marker or leave as legacy-advisory until a curated sweep owns this heading.",
      "line": 5118,
      "rule": "dw6-unclassified-legacy-advisory"
    },
    {
      "disposition": null,
      "excerpt": "source_spec: `_bmad-output/implementation-artifacts/spec-6-5c-publication-subscription-and-rollout-2.md`",
      "file": "_bmad-output/implementation-artifacts/deferred-work.md",
      "heading": "Deferred from: code review of spec-6-5c-publication-subscription-and-rollout-2.md (2026-09-29, pass 16, owner routing bar)",
      "hint": "Add a canonical disposition marker or leave as legacy-advisory until a curated sweep owns this heading.",
      "line": 5122,
      "rule": "dw6-unclassified-legacy-advisory"
    },
    {
      "disposition": null,
      "excerpt": "source_spec: `_bmad-output/implementation-artifacts/spec-6-5c-publication-subscription-and-rollout-2.md`",
      "file": "_bmad-output/implementation-artifacts/deferred-work.md",
      "heading": "Deferred from: code review of spec-6-5c-publication-subscription-and-rollout-2.md (2026-09-29, pass 16, owner routing bar)",
      "hint": "Add a canonical disposition marker or leave as legacy-advisory until a curated sweep owns this heading.",
      "line": 5126,
      "rule": "dw6-unclassified-legacy-advisory"
    },
    {
      "disposition": null,
      "excerpt": "source_spec: `_bmad-output/implementation-artifacts/spec-6-5c-publication-subscription-and-rollout-2.md`",
      "file": "_bmad-output/implementation-artifacts/deferred-work.md",
      "heading": "Deferred from: code review of spec-6-5c-publication-subscription-and-rollout-2.md (2026-09-29, pass 17, owner routing bar)",
      "hint": "Add a canonical disposition marker or leave as legacy-advisory until a curated sweep owns this heading.",
      "line": 5133,
      "rule": "dw6-unclassified-legacy-advisory"
    },
    {
      "disposition": null,
      "excerpt": "source_spec: `_bmad-output/implementation-artifacts/spec-6-5c-publication-subscription-and-rollout-2.md`",
      "file": "_bmad-output/implementation-artifacts/deferred-work.md",
      "heading": "Deferred from: code review of spec-6-5c-publication-subscription-and-rollout-2.md (2026-09-29, pass 17, owner routing bar)",
      "hint": "Add a canonical disposition marker or leave as legacy-advisory until a curated sweep owns this heading.",
      "line": 5137,
      "rule": "dw6-unclassified-legacy-advisory"
    },
    {
      "disposition": null,
      "excerpt": "source_spec: `_bmad-output/implementation-artifacts/spec-6-5c-publication-subscription-and-rollout-2.md`",
      "file": "_bmad-output/implementation-artifacts/deferred-work.md",
      "heading": "Deferred from: code review of spec-6-5c-publication-subscription-and-rollout-2.md (2026-09-29, pass 17, owner routing bar)",
      "hint": "Add a canonical disposition marker or leave as legacy-advisory until a curated sweep owns this heading.",
      "line": 5141,
      "rule": "dw6-unclassified-legacy-advisory"
    },
    {
      "disposition": null,
      "excerpt": "source_spec: `_bmad-output/implementation-artifacts/spec-6-5c-publication-subscription-and-rollout-2.md`",
      "file": "_bmad-output/implementation-artifacts/deferred-work.md",
      "heading": "Deferred from: code review of spec-6-5c-publication-subscription-and-rollout-2.md (2026-09-29, pass 17, owner routing bar)",
      "hint": "Add a canonical disposition marker or leave as legacy-advisory until a curated sweep owns this heading.",
      "line": 5145,
      "rule": "dw6-unclassified-legacy-advisory"
    },
    {
      "disposition": null,
      "excerpt": "source_spec: `_bmad-output/implementation-artifacts/spec-6-5c-publication-subscription-and-rollout-2.md`",
      "file": "_bmad-output/implementation-artifacts/deferred-work.md",
      "heading": "Deferred from: code review of spec-6-5c-publication-subscription-and-rollout-2.md (2026-09-29, pass 18, owner routing bar)",
      "hint": "Add a canonical disposition marker or leave as legacy-advisory until a curated sweep owns this heading.",
      "line": 5152,
      "rule": "dw6-unclassified-legacy-advisory"
    },
    {
      "disposition": null,
      "excerpt": "source_spec: `_bmad-output/implementation-artifacts/spec-6-5c-publication-subscription-and-rollout-2.md`",
      "file": "_bmad-output/implementation-artifacts/deferred-work.md",
      "heading": "Deferred from: code review of spec-6-5c-publication-subscription-and-rollout-2.md (2026-09-29, pass 18, owner routing bar)",
      "hint": "Add a canonical disposition marker or leave as legacy-advisory until a curated sweep owns this heading.",
      "line": 5156,
      "rule": "dw6-unclassified-legacy-advisory"
    },
    {
      "disposition": null,
      "excerpt": "source_spec: `_bmad-output/implementation-artifacts/spec-6-5c-publication-subscription-and-rollout-2.md`",
      "file": "_bmad-output/implementation-artifacts/deferred-work.md",
      "heading": "Deferred from: code review of spec-6-5c-publication-subscription-and-rollout-2.md (2026-09-29, pass 19, owner routing bar)",
      "hint": "Add a canonical disposition marker or leave as legacy-advisory until a curated sweep owns this heading.",
      "line": 5163,
      "rule": "dw6-unclassified-legacy-advisory"
    },
    {
      "disposition": null,
      "excerpt": "source_spec: `_bmad-output/implementation-artifacts/spec-6-5c-publication-subscription-and-rollout-2.md`",
      "file": "_bmad-output/implementation-artifacts/deferred-work.md",
      "heading": "Deferred from: code review of spec-6-5c-publication-subscription-and-rollout-2.md (2026-09-29, pass 19, owner routing bar)",
      "hint": "Add a canonical disposition marker or leave as legacy-advisory until a curated sweep owns this heading.",
      "line": 5167,
      "rule": "dw6-unclassified-legacy-advisory"
    },
    {
      "disposition": null,
      "excerpt": "source_spec: `_bmad-output/implementation-artifacts/spec-6-5c-publication-subscription-and-rollout-2.md`",
      "file": "_bmad-output/implementation-artifacts/deferred-work.md",
      "heading": "Deferred from: code review of spec-6-5c-publication-subscription-and-rollout-2.md (2026-09-29, pass 19, owner routing bar)",
      "hint": "Add a canonical disposition marker or leave as legacy-advisory until a curated sweep owns this heading.",
      "line": 5171,
      "rule": "dw6-unclassified-legacy-advisory"
    },
    {
      "disposition": null,
      "excerpt": "source_spec: `_bmad-output/implementation-artifacts/spec-6-5c-publication-subscription-and-rollout-2.md`",
      "file": "_bmad-output/implementation-artifacts/deferred-work.md",
      "heading": "Deferred from: code review of spec-6-5c-publication-subscription-and-rollout-2.md (2026-09-29, pass 20, owner routing bar)",
      "hint": "Add a canonical disposition marker or leave as legacy-advisory until a curated sweep owns this heading.",
      "line": 5178,
      "rule": "dw6-unclassified-legacy-advisory"
    },
    {
      "disposition": null,
      "excerpt": "source_spec: `_bmad-output/implementation-artifacts/spec-6-5c-publication-subscription-and-rollout-2.md`",
      "file": "_bmad-output/implementation-artifacts/deferred-work.md",
      "heading": "Deferred from: code review of spec-6-5c-publication-subscription-and-rollout-2.md (2026-09-29, pass 21, owner routing bar)",
      "hint": "Add a canonical disposition marker or leave as legacy-advisory until a curated sweep owns this heading.",
      "line": 5185,
      "rule": "dw6-unclassified-legacy-advisory"
    },
    {
      "disposition": null,
      "excerpt": "source_spec: `_bmad-output/implementation-artifacts/spec-6-5c-publication-subscription-and-rollout-2.md`",
      "file": "_bmad-output/implementation-artifacts/deferred-work.md",
      "heading": "Deferred from: code review of spec-6-5c-publication-subscription-and-rollout-2.md (2026-09-29, pass 21, owner routing bar)",
      "hint": "Add a canonical disposition marker or leave as legacy-advisory until a curated sweep owns this heading.",
      "line": 5189,
      "rule": "dw6-unclassified-legacy-advisory"
    },
    {
      "disposition": null,
      "excerpt": "source_spec: `_bmad-output/implementation-artifacts/spec-6-5-event-versioning-and-upcasting-spec.md`",
      "file": "_bmad-output/implementation-artifacts/deferred-work.md",
      "heading": "Deferred from: code review of spec-6-5c-publication-subscription-and-rollout-2.md (2026-09-29, pass 21, owner routing bar)",
      "hint": "Add a canonical disposition marker or leave as legacy-advisory until a curated sweep owns this heading.",
      "line": 5194,
      "rule": "dw6-unclassified-legacy-advisory"
    },
    {
      "disposition": null,
      "excerpt": "source_spec: `_bmad-output/implementation-artifacts/spec-6-5d-hold-lifecycle-resume-and-legacy-admission-2.md`",
      "file": "_bmad-output/implementation-artifacts/deferred-work.md",
      "heading": "Deferred from: code review of spec-6-5d-hold-lifecycle-resume-and-legacy-admission-2.md (2026-10-01, pass 7)",
      "hint": "Add a canonical disposition marker or leave as legacy-advisory until a curated sweep owns this heading.",
      "line": 5201,
      "rule": "dw6-unclassified-legacy-advisory"
    },
    {
      "disposition": null,
      "excerpt": "source_spec: `_bmad-output/implementation-artifacts/spec-6-5d-hold-lifecycle-resume-and-legacy-admission-2.md`",
      "file": "_bmad-output/implementation-artifacts/deferred-work.md",
      "heading": "Deferred from: code review of spec-6-5d-hold-lifecycle-resume-and-legacy-admission-2.md (2026-10-01, pass 7)",
      "hint": "Add a canonical disposition marker or leave as legacy-advisory until a curated sweep owns this heading.",
      "line": 5206,
      "rule": "dw6-unclassified-legacy-advisory"
    },
    {
      "disposition": null,
      "excerpt": "source_spec: `_bmad-output/implementation-artifacts/spec-6-5d-hold-lifecycle-resume-and-legacy-admission-2.md`",
      "file": "_bmad-output/implementation-artifacts/deferred-work.md",
      "heading": "Deferred from: code review of spec-6-5d-hold-lifecycle-resume-and-legacy-admission-2.md (2026-10-01, pass 7)",
      "hint": "Add a canonical disposition marker or leave as legacy-advisory until a curated sweep owns this heading.",
      "line": 5211,
      "rule": "dw6-unclassified-legacy-advisory"
    },
    {
      "disposition": null,
      "excerpt": "source_spec: `_bmad-output/implementation-artifacts/spec-6-5d-hold-lifecycle-resume-and-legacy-admission-2.md`",
      "file": "_bmad-output/implementation-artifacts/deferred-work.md",
      "heading": "Deferred from: code review of spec-6-5d-hold-lifecycle-resume-and-legacy-admission-2.md (2026-10-01, pass 7)",
      "hint": "Add a canonical disposition marker or leave as legacy-advisory until a curated sweep owns this heading.",
      "line": 5216,
      "rule": "dw6-unclassified-legacy-advisory"
    },
    {
      "disposition": null,
      "excerpt": "source_spec: `_bmad-output/implementation-artifacts/spec-6-5d-hold-lifecycle-resume-and-legacy-admission-2.md`",
      "file": "_bmad-output/implementation-artifacts/deferred-work.md",
      "heading": "Deferred from: code review of spec-6-5d-hold-lifecycle-resume-and-legacy-admission-2.md (2026-10-01, pass 7)",
      "hint": "Add a canonical disposition marker or leave as legacy-advisory until a curated sweep owns this heading.",
      "line": 5221,
      "rule": "dw6-unclassified-legacy-advisory"
    },
    {
      "disposition": null,
      "excerpt": "source_spec: `_bmad-output/implementation-artifacts/spec-6-5d-hold-lifecycle-resume-and-legacy-admission-2.md`",
      "file": "_bmad-output/implementation-artifacts/deferred-work.md",
      "heading": "Deferred from: code review of spec-6-5d-hold-lifecycle-resume-and-legacy-admission-2.md (2026-10-01, pass 7)",
      "hint": "Add a canonical disposition marker or leave as legacy-advisory until a curated sweep owns this heading.",
      "line": 5226,
      "rule": "dw6-unclassified-legacy-advisory"
    },
    {
      "disposition": null,
      "excerpt": "source_spec: `_bmad-output/implementation-artifacts/spec-6-5d-hold-lifecycle-resume-and-legacy-admission-2.md`",
      "file": "_bmad-output/implementation-artifacts/deferred-work.md",
      "heading": "Deferred from: code review of spec-6-5d-hold-lifecycle-resume-and-legacy-admission-2.md (2026-10-01, pass 7)",
      "hint": "Add a canonical disposition marker or leave as legacy-advisory until a curated sweep owns this heading.",
      "line": 5231,
      "rule": "dw6-unclassified-legacy-advisory"
    },
    {
      "disposition": null,
      "excerpt": "source_spec: `_bmad-output/implementation-artifacts/spec-6-5d-hold-lifecycle-resume-and-legacy-admission-2.md`",
      "file": "_bmad-output/implementation-artifacts/deferred-work.md",
      "heading": "Deferred from: code review of spec-6-5d-hold-lifecycle-resume-and-legacy-admission-2.md (2026-10-01, pass 7)",
      "hint": "Add a canonical disposition marker or leave as legacy-advisory until a curated sweep owns this heading.",
      "line": 5236,
      "rule": "dw6-unclassified-legacy-advisory"
    },
    {
      "disposition": null,
      "excerpt": "source_spec: `_bmad-output/implementation-artifacts/spec-6-5d-hold-lifecycle-resume-and-legacy-admission-2.md`",
      "file": "_bmad-output/implementation-artifacts/deferred-work.md",
      "heading": "Deferred from: code review of spec-6-5d-hold-lifecycle-resume-and-legacy-admission-2.md (2026-10-01, pass 7)",
      "hint": "Add a canonical disposition marker or leave as legacy-advisory until a curated sweep owns this heading.",
      "line": 5241,
      "rule": "dw6-unclassified-legacy-advisory"
    },
    {
      "disposition": null,
      "excerpt": "source_spec: `_bmad-output/implementation-artifacts/spec-6-5d-hold-lifecycle-resume-and-legacy-admission-2.md`",
      "file": "_bmad-output/implementation-artifacts/deferred-work.md",
      "heading": "Deferred from: code review of spec-6-5d-hold-lifecycle-resume-and-legacy-admission-2.md (2026-10-01, pass 7)",
      "hint": "Add a canonical disposition marker or leave as legacy-advisory until a curated sweep owns this heading.",
      "line": 5246,
      "rule": "dw6-unclassified-legacy-advisory"
    },
    {
      "disposition": null,
      "excerpt": "source_spec: `_bmad-output/implementation-artifacts/spec-6-5d-hold-lifecycle-resume-and-legacy-admission-2.md`",
      "file": "_bmad-output/implementation-artifacts/deferred-work.md",
      "heading": "Deferred from: code review of spec-6-5d-hold-lifecycle-resume-and-legacy-admission-2.md (2026-10-01, pass 7)",
      "hint": "Add a canonical disposition marker or leave as legacy-advisory until a curated sweep owns this heading.",
      "line": 5251,
      "rule": "dw6-unclassified-legacy-advisory"
    },
    {
      "disposition": null,
      "excerpt": "source_spec: `_bmad-output/implementation-artifacts/spec-6-5d-hold-lifecycle-resume-and-legacy-admission-2.md`",
      "file": "_bmad-output/implementation-artifacts/deferred-work.md",
      "heading": "Deferred from: code review of spec-6-5d-hold-lifecycle-resume-and-legacy-admission-2.md (2026-10-01, pass 7)",
      "hint": "Add a canonical disposition marker or leave as legacy-advisory until a curated sweep owns this heading.",
      "line": 5256,
      "rule": "dw6-unclassified-legacy-advisory"
    },
    {
      "disposition": null,
      "excerpt": "source_spec: `_bmad-output/implementation-artifacts/spec-6-5d-hold-lifecycle-resume-and-legacy-admission-2.md`",
      "file": "_bmad-output/implementation-artifacts/deferred-work.md",
      "heading": "Deferred from: code review of spec-6-5d-hold-lifecycle-resume-and-legacy-admission-2.md (2026-10-01, pass 7)",
      "hint": "Add a canonical disposition marker or leave as legacy-advisory until a curated sweep owns this heading.",
      "line": 5261,
      "rule": "dw6-unclassified-legacy-advisory"
    },
    {
      "disposition": null,
      "excerpt": "source_spec: `_bmad-output/implementation-artifacts/spec-6-5d-hold-lifecycle-resume-and-legacy-admission-2.md`",
      "file": "_bmad-output/implementation-artifacts/deferred-work.md",
      "heading": "Deferred from: code review of spec-6-5d-hold-lifecycle-resume-and-legacy-admission-2.md (2026-10-01, pass 7)",
      "hint": "Add a canonical disposition marker or leave as legacy-advisory until a curated sweep owns this heading.",
      "line": 5266,
      "rule": "dw6-unclassified-legacy-advisory"
    },
    {
      "disposition": null,
      "excerpt": "source_spec: `_bmad-output/implementation-artifacts/spec-6-5d-hold-lifecycle-resume-and-legacy-admission-2.md`",
      "file": "_bmad-output/implementation-artifacts/deferred-work.md",
      "heading": "Deferred from: code review of spec-6-5d-hold-lifecycle-resume-and-legacy-admission-2.md (2026-10-01, pass 7)",
      "hint": "Add a canonical disposition marker or leave as legacy-advisory until a curated sweep owns this heading.",
      "line": 5271,
      "rule": "dw6-unclassified-legacy-advisory"
    },
    {
      "disposition": null,
      "excerpt": "source_spec: `_bmad-output/implementation-artifacts/spec-6-5d-hold-lifecycle-resume-and-legacy-admission-2.md`",
      "file": "_bmad-output/implementation-artifacts/deferred-work.md",
      "heading": "Deferred from: code review of spec-6-5d-hold-lifecycle-resume-and-legacy-admission-2.md (2026-10-01, pass 7)",
      "hint": "Add a canonical disposition marker or leave as legacy-advisory until a curated sweep owns this heading.",
      "line": 5276,
      "rule": "dw6-unclassified-legacy-advisory"
    },
    {
      "disposition": null,
      "excerpt": "source_spec: `_bmad-output/implementation-artifacts/spec-6-5d-hold-lifecycle-resume-and-legacy-admission-2.md`",
      "file": "_bmad-output/implementation-artifacts/deferred-work.md",
      "heading": "Deferred from: code review of spec-6-5d-hold-lifecycle-resume-and-legacy-admission-2.md (2026-10-01, pass 8)",
      "hint": "Add a canonical disposition marker or leave as legacy-advisory until a curated sweep owns this heading.",
      "line": 5283,
      "rule": "dw6-unclassified-legacy-advisory"
    },
    {
      "disposition": null,
      "excerpt": "source_spec: `_bmad-output/implementation-artifacts/spec-6-5d-hold-lifecycle-resume-and-legacy-admission-2.md`",
      "file": "_bmad-output/implementation-artifacts/deferred-work.md",
      "heading": "Deferred from: code review of spec-6-5d-hold-lifecycle-resume-and-legacy-admission-2.md (2026-10-03, focused post-simplification pass)",
      "hint": "Add a canonical disposition marker or leave as legacy-advisory until a curated sweep owns this heading.",
      "line": 5290,
      "rule": "dw6-unclassified-legacy-advisory"
    },
    {
      "disposition": null,
      "excerpt": "source_spec: `_bmad-output/implementation-artifacts/spec-6-5d-hold-lifecycle-resume-and-legacy-admission-2.md`",
      "file": "_bmad-output/implementation-artifacts/deferred-work.md",
      "heading": "Deferred from: code review of spec-6-5d-hold-lifecycle-resume-and-legacy-admission-2.md (2026-10-03, focused post-simplification pass)",
      "hint": "Add a canonical disposition marker or leave as legacy-advisory until a curated sweep owns this heading.",
      "line": 5294,
      "rule": "dw6-unclassified-legacy-advisory"
    },
    {
      "disposition": null,
      "excerpt": "source_spec: `_bmad-output/implementation-artifacts/spec-6-5d-hold-lifecycle-resume-and-legacy-admission-2.md`",
      "file": "_bmad-output/implementation-artifacts/deferred-work.md",
      "heading": "Deferred from: code review of spec-6-5d-hold-lifecycle-resume-and-legacy-admission-2.md (2026-10-04, recovery-build review)",
      "hint": "Add a canonical disposition marker or leave as legacy-advisory until a curated sweep owns this heading.",
      "line": 5301,
      "rule": "dw6-unclassified-legacy-advisory"
    },
    {
      "disposition": null,
      "excerpt": "source_spec: `_bmad-output/implementation-artifacts/spec-6-6-event-versioning-and-upcasting-implementation-2.md`",
      "file": "_bmad-output/implementation-artifacts/deferred-work.md",
      "heading": "Deferred from: code review of spec-6-6-event-versioning-and-upcasting-implementation-2.md (2026-10-05)",
      "hint": "Add a canonical disposition marker or leave as legacy-advisory until a curated sweep owns this heading.",
      "line": 5427,
      "rule": "dw6-unclassified-legacy-advisory"
    },
    {
      "disposition": null,
      "excerpt": "source_spec: `_bmad-output/implementation-artifacts/spec-6-6-event-versioning-and-upcasting-implementation-2.md`",
      "file": "_bmad-output/implementation-artifacts/deferred-work.md",
      "heading": "Deferred from: code review of spec-6-6-event-versioning-and-upcasting-implementation-2.md (2026-10-05)",
      "hint": "Add a canonical disposition marker or leave as legacy-advisory until a curated sweep owns this heading.",
      "line": 5431,
      "rule": "dw6-unclassified-legacy-advisory"
    },
    {
      "disposition": null,
      "excerpt": "source_spec: `_bmad-output/implementation-artifacts/spec-6-6-event-versioning-and-upcasting-implementation-2.md`",
      "file": "_bmad-output/implementation-artifacts/deferred-work.md",
      "heading": "Deferred from: code review of spec-6-6-event-versioning-and-upcasting-implementation-2.md (2026-10-05)",
      "hint": "Add a canonical disposition marker or leave as legacy-advisory until a curated sweep owns this heading.",
      "line": 5436,
      "rule": "dw6-unclassified-legacy-advisory"
    },
    {
      "disposition": null,
      "excerpt": "source_spec: `/home/administrator/projects/hexalith/eventstore/_bmad-output/implementation-artifacts/spec-8-3-pdenc-v2-core-cryptographic-engine.md`",
      "file": "_bmad-output/implementation-artifacts/deferred-work.md",
      "heading": "Deferred from: code review of spec-8-3-pdenc-v2-core-cryptographic-engine (2026-09-16, chunk 4a)",
      "hint": "Add a canonical disposition marker or leave as legacy-advisory until a curated sweep owns this heading.",
      "line": 4222,
      "rule": "dw6-unclassified-legacy-advisory"
    },
    {
      "disposition": null,
      "excerpt": "source_spec: `/home/administrator/projects/hexalith/eventstore/_bmad-output/implementation-artifacts/spec-8-3-pdenc-v2-core-cryptographic-engine.md`",
      "file": "_bmad-output/implementation-artifacts/deferred-work.md",
      "heading": "Deferred from: code review of spec-8-3-pdenc-v2-core-cryptographic-engine (2026-09-17, fifth pass)",
      "hint": "Add a canonical disposition marker or leave as legacy-advisory until a curated sweep owns this heading.",
      "line": 4246,
      "rule": "dw6-unclassified-legacy-advisory"
    },
    {
      "disposition": null,
      "excerpt": "source_spec: `/home/administrator/projects/hexalith/eventstore/_bmad-output/implementation-artifacts/spec-8-3-pdenc-v2-core-cryptographic-engine.md`",
      "file": "_bmad-output/implementation-artifacts/deferred-work.md",
      "heading": "Deferred from: code review of spec-8-3-pdenc-v2-core-cryptographic-engine (2026-09-17, fifth pass)",
      "hint": "Add a canonical disposition marker or leave as legacy-advisory until a curated sweep owns this heading.",
      "line": 4250,
      "rule": "dw6-unclassified-legacy-advisory"
    },
    {
      "disposition": null,
      "excerpt": "source_spec: `/home/administrator/projects/hexalith/eventstore/_bmad-output/implementation-artifacts/spec-8-3-pdenc-v2-core-cryptographic-engine.md`",
      "file": "_bmad-output/implementation-artifacts/deferred-work.md",
      "heading": "Deferred from: code review of spec-8-3-pdenc-v2-core-cryptographic-engine (2026-09-17, fifth pass)",
      "hint": "Add a canonical disposition marker or leave as legacy-advisory until a curated sweep owns this heading.",
      "line": 4254,
      "rule": "dw6-unclassified-legacy-advisory"
    },
    {
      "disposition": null,
      "excerpt": "source_spec: `/home/administrator/projects/hexalith/eventstore/_bmad-output/implementation-artifacts/spec-8-3-pdenc-v2-core-cryptographic-engine.md`",
      "file": "_bmad-output/implementation-artifacts/deferred-work.md",
      "heading": "Deferred from: code review of spec-8-3-pdenc-v2-core-cryptographic-engine (2026-09-17, fifth pass)",
      "hint": "Add a canonical disposition marker or leave as legacy-advisory until a curated sweep owns this heading.",
      "line": 4258,
      "rule": "dw6-unclassified-legacy-advisory"
    },
    {
      "disposition": null,
      "excerpt": "source_spec: `/home/administrator/projects/hexalith/eventstore/_bmad-output/implementation-artifacts/spec-8-3-pdenc-v2-core-cryptographic-engine.md`",
      "file": "_bmad-output/implementation-artifacts/deferred-work.md",
      "heading": "Deferred from: code review of spec-8-3-pdenc-v2-core-cryptographic-engine (2026-09-17, fourth pass)",
      "hint": "Add a canonical disposition marker or leave as legacy-advisory until a curated sweep owns this heading.",
      "line": 4228,
      "rule": "dw6-unclassified-legacy-advisory"
    },
    {
      "disposition": null,
      "excerpt": "source_spec: `/home/administrator/projects/hexalith/eventstore/_bmad-output/implementation-artifacts/spec-8-3-pdenc-v2-core-cryptographic-engine.md`",
      "file": "_bmad-output/implementation-artifacts/deferred-work.md",
      "heading": "Deferred from: code review of spec-8-3-pdenc-v2-core-cryptographic-engine (2026-09-17, fourth pass)",
      "hint": "Add a canonical disposition marker or leave as legacy-advisory until a curated sweep owns this heading.",
      "line": 4232,
      "rule": "dw6-unclassified-legacy-advisory"
    },
    {
      "disposition": null,
      "excerpt": "source_spec: `/home/administrator/projects/hexalith/eventstore/_bmad-output/implementation-artifacts/spec-8-3-pdenc-v2-core-cryptographic-engine.md`",
      "file": "_bmad-output/implementation-artifacts/deferred-work.md",
      "heading": "Deferred from: code review of spec-8-3-pdenc-v2-core-cryptographic-engine (2026-09-17, fourth pass)",
      "hint": "Add a canonical disposition marker or leave as legacy-advisory until a curated sweep owns this heading.",
      "line": 4236,
      "rule": "dw6-unclassified-legacy-advisory"
    },
    {
      "disposition": null,
      "excerpt": "source_spec: `/home/administrator/projects/hexalith/eventstore/_bmad-output/implementation-artifacts/spec-8-3-pdenc-v2-core-cryptographic-engine.md`",
      "file": "_bmad-output/implementation-artifacts/deferred-work.md",
      "heading": "Deferred from: code review of spec-8-3-pdenc-v2-core-cryptographic-engine (2026-09-17, fourth pass)",
      "hint": "Add a canonical disposition marker or leave as legacy-advisory until a curated sweep owns this heading.",
      "line": 4240,
      "rule": "dw6-unclassified-legacy-advisory"
    },
    {
      "disposition": null,
      "excerpt": "source_spec: `/home/administrator/projects/hexalith/eventstore/_bmad-output/implementation-artifacts/spec-8-3-pdenc-v2-core-cryptographic-engine.md`",
      "file": "_bmad-output/implementation-artifacts/deferred-work.md",
      "heading": "Deferred from: code review of spec-8-3-pdenc-v2-core-cryptographic-engine (2026-09-17, sixth pass)",
      "hint": "Add a canonical disposition marker or leave as legacy-advisory until a curated sweep owns this heading.",
      "line": 4264,
      "rule": "dw6-unclassified-legacy-advisory"
    },
    {
      "disposition": null,
      "excerpt": "`.github/workflows/ci.yml` is a named review-subject binding (`ciWorkflow`) but resolves only through `PRIOR_ROOT_BINDING_HASHES[\".github/workflows/ci.yml\"]...",
      "file": "_bmad-output/implementation-artifacts/deferred-work.md",
      "heading": "Deferred from: code review of story-4.15 Group D (2026-09-09)",
      "hint": "Add a canonical disposition marker or leave as legacy-advisory until a curated sweep owns this heading.",
      "line": 3636,
      "rule": "dw6-unclassified-legacy-advisory"
    },
    {
      "disposition": null,
      "excerpt": "`--filter-not-trait \"Category=HeavyweightContainerPublish\"` (`.github/workflows/ci.yml:93`) leaves `CorrectiveOciProvenanceReleaseTests.RealMultiRidArchiveCo...",
      "file": "_bmad-output/implementation-artifacts/deferred-work.md",
      "heading": "Deferred from: code review of story-4.15 Group D (2026-09-09)",
      "hint": "Add a canonical disposition marker or leave as legacy-advisory until a curated sweep owns this heading.",
      "line": 3637,
      "rule": "dw6-unclassified-legacy-advisory"
    },
    {
      "disposition": null,
      "excerpt": "The `ci / contracts` job does a cold `dotnet restore` with no `~/.nuget/packages` cache under a 25-minute timeout, unlike `integration.yml` which caches keye...",
      "file": "_bmad-output/implementation-artifacts/deferred-work.md",
      "heading": "Deferred from: code review of story-4.15 Group D (2026-09-09)",
      "hint": "Add a canonical disposition marker or leave as legacy-advisory until a curated sweep owns this heading.",
      "line": 3638,
      "rule": "dw6-unclassified-legacy-advisory"
    },
    {
      "disposition": null,
      "excerpt": "source_spec: `spec-4-15-oq8-platform-closure-and-handoff.md`",
      "file": "_bmad-output/implementation-artifacts/deferred-work.md",
      "heading": "Deferred from: formal review of spec-4-15-oq8-platform-closure-and-handoff (2026-09-18, run 6)",
      "hint": "Add a canonical disposition marker or leave as legacy-advisory until a curated sweep owns this heading.",
      "line": 4335,
      "rule": "dw6-unclassified-legacy-advisory"
    },
    {
      "disposition": null,
      "excerpt": "source_spec: `spec-4-15-oq8-platform-closure-and-handoff.md`",
      "file": "_bmad-output/implementation-artifacts/deferred-work.md",
      "heading": "Deferred from: formal review of spec-4-15-oq8-platform-closure-and-handoff (2026-09-18, run 6)",
      "hint": "Add a canonical disposition marker or leave as legacy-advisory until a curated sweep owns this heading.",
      "line": 4339,
      "rule": "dw6-unclassified-legacy-advisory"
    },
    {
      "disposition": null,
      "excerpt": "source_spec: `spec-4-15-oq8-platform-closure-and-handoff.md`",
      "file": "_bmad-output/implementation-artifacts/deferred-work.md",
      "heading": "Deferred from: formal review of spec-4-15-oq8-platform-closure-and-handoff (2026-09-18, run 6)",
      "hint": "Add a canonical disposition marker or leave as legacy-advisory until a curated sweep owns this heading.",
      "line": 4343,
      "rule": "dw6-unclassified-legacy-advisory"
    },
    {
      "disposition": null,
      "excerpt": "source_spec: `spec-4-15-oq8-platform-closure-and-handoff.md`",
      "file": "_bmad-output/implementation-artifacts/deferred-work.md",
      "heading": "Deferred from: formal review of spec-4-15-oq8-platform-closure-and-handoff (2026-09-18, run 6)",
      "hint": "Add a canonical disposition marker or leave as legacy-advisory until a curated sweep owns this heading.",
      "line": 4347,
      "rule": "dw6-unclassified-legacy-advisory"
    },
    {
      "disposition": null,
      "excerpt": "source_spec: `spec-4-15-oq8-platform-closure-and-handoff.md`",
      "file": "_bmad-output/implementation-artifacts/deferred-work.md",
      "heading": "Deferred from: formal review of spec-4-15-oq8-platform-closure-and-handoff (2026-09-18, run 6)",
      "hint": "Add a canonical disposition marker or leave as legacy-advisory until a curated sweep owns this heading.",
      "line": 4351,
      "rule": "dw6-unclassified-legacy-advisory"
    },
    {
      "disposition": null,
      "excerpt": "source_spec: `spec-4-15-oq8-platform-closure-and-handoff.md`",
      "file": "_bmad-output/implementation-artifacts/deferred-work.md",
      "heading": "Deferred from: formal review of spec-4-15-oq8-platform-closure-and-handoff (2026-09-18, run 6)",
      "hint": "Add a canonical disposition marker or leave as legacy-advisory until a curated sweep owns this heading.",
      "line": 4355,
      "rule": "dw6-unclassified-legacy-advisory"
    },
    {
      "disposition": null,
      "excerpt": "source_spec: `spec-4-15-oq8-platform-closure-and-handoff.md`",
      "file": "_bmad-output/implementation-artifacts/deferred-work.md",
      "heading": "Deferred from: formal review of spec-4-15-oq8-platform-closure-and-handoff (2026-09-18, run 6)",
      "hint": "Add a canonical disposition marker or leave as legacy-advisory until a curated sweep owns this heading.",
      "line": 4359,
      "rule": "dw6-unclassified-legacy-advisory"
    },
    {
      "disposition": null,
      "excerpt": "source_spec: `spec-4-15-oq8-platform-closure-and-handoff.md`",
      "file": "_bmad-output/implementation-artifacts/deferred-work.md",
      "heading": "Deferred from: formal review of spec-4-15-oq8-platform-closure-and-handoff (2026-09-18, run 6)",
      "hint": "Add a canonical disposition marker or leave as legacy-advisory until a curated sweep owns this heading.",
      "line": 4363,
      "rule": "dw6-unclassified-legacy-advisory"
    },
    {
      "disposition": null,
      "excerpt": "source_spec: `spec-4-15-oq8-platform-closure-and-handoff.md`",
      "file": "_bmad-output/implementation-artifacts/deferred-work.md",
      "heading": "Deferred from: formal review of spec-4-15-oq8-platform-closure-and-handoff (2026-09-18, run 6)",
      "hint": "Add a canonical disposition marker or leave as legacy-advisory until a curated sweep owns this heading.",
      "line": 4367,
      "rule": "dw6-unclassified-legacy-advisory"
    },
    {
      "disposition": null,
      "excerpt": "source_spec: `spec-4-15-oq8-platform-closure-and-handoff.md`",
      "file": "_bmad-output/implementation-artifacts/deferred-work.md",
      "heading": "Deferred from: formal review of spec-4-15-oq8-platform-closure-and-handoff (2026-09-18, run 6)",
      "hint": "Add a canonical disposition marker or leave as legacy-advisory until a curated sweep owns this heading.",
      "line": 4371,
      "rule": "dw6-unclassified-legacy-advisory"
    },
    {
      "disposition": null,
      "excerpt": "source_spec: `_bmad-output/implementation-artifacts/spec-6-6-event-versioning-and-upcasting-implementation-2.md`",
      "file": "_bmad-output/implementation-artifacts/deferred-work.md",
      "heading": "Deferred from: replay-reader independent review (2026-10-05)",
      "hint": "Add a canonical disposition marker or leave as legacy-advisory until a curated sweep owns this heading.",
      "line": 5443,
      "rule": "dw6-unclassified-legacy-advisory"
    },
    {
      "disposition": null,
      "excerpt": "source_spec: `_bmad-output/implementation-artifacts/spec-6-6-event-versioning-and-upcasting-implementation-2.md`",
      "file": "_bmad-output/implementation-artifacts/deferred-work.md",
      "heading": "Deferred from: replay-reader independent review (2026-10-05)",
      "hint": "Add a canonical disposition marker or leave as legacy-advisory until a curated sweep owns this heading.",
      "line": 5448,
      "rule": "dw6-unclassified-legacy-advisory"
    },
    {
      "disposition": null,
      "excerpt": "source_spec: `_bmad-output/implementation-artifacts/spec-6-6-event-versioning-and-upcasting-implementation-2.md`",
      "file": "_bmad-output/implementation-artifacts/deferred-work.md",
      "heading": "Deferred from: replay-reader independent review (2026-10-05)",
      "hint": "Add a canonical disposition marker or leave as legacy-advisory until a curated sweep owns this heading.",
      "line": 5453,
      "rule": "dw6-unclassified-legacy-advisory"
    },
    {
      "disposition": null,
      "excerpt": "source_spec: `_bmad-output/implementation-artifacts/spec-6-6-event-versioning-and-upcasting-implementation-2.md`",
      "file": "_bmad-output/implementation-artifacts/deferred-work.md",
      "heading": "Deferred from: replay-reader independent review (2026-10-05)",
      "hint": "Add a canonical disposition marker or leave as legacy-advisory until a curated sweep owns this heading.",
      "line": 5458,
      "rule": "dw6-unclassified-legacy-advisory"
    },
    {
      "disposition": null,
      "excerpt": "source_spec: `_bmad-output/implementation-artifacts/spec-6-6-event-versioning-and-upcasting-implementation-2.md`",
      "file": "_bmad-output/implementation-artifacts/deferred-work.md",
      "heading": "Deferred from: replay-reader independent review (2026-10-05)",
      "hint": "Add a canonical disposition marker or leave as legacy-advisory until a curated sweep owns this heading.",
      "line": 5464,
      "rule": "dw6-unclassified-legacy-advisory"
    },
    {
      "disposition": null,
      "excerpt": "source_spec: `_bmad-output/implementation-artifacts/spec-6-6-event-versioning-and-upcasting-implementation-2.md`",
      "file": "_bmad-output/implementation-artifacts/deferred-work.md",
      "heading": "Deferred from: replay-reader independent review (2026-10-05)",
      "hint": "Add a canonical disposition marker or leave as legacy-advisory until a curated sweep owns this heading.",
      "line": 5470,
      "rule": "dw6-unclassified-legacy-advisory"
    },
    {
      "disposition": null,
      "excerpt": "source_spec: `_bmad-output/implementation-artifacts/spec-6-6-event-versioning-and-upcasting-implementation-2.md`",
      "file": "_bmad-output/implementation-artifacts/deferred-work.md",
      "heading": "Deferred from: replay-reader independent review (2026-10-05)",
      "hint": "Add a canonical disposition marker or leave as legacy-advisory until a curated sweep owns this heading.",
      "line": 5476,
      "rule": "dw6-unclassified-legacy-advisory"
    },
    {
      "disposition": null,
      "excerpt": "source_spec: `_bmad-output/implementation-artifacts/spec-6-1-p1r-remediation-runtime.md`",
      "file": "_bmad-output/implementation-artifacts/deferred-work.md",
      "heading": "Deferred from: replay-reader independent review (2026-10-05)",
      "hint": "Add a canonical disposition marker or leave as legacy-advisory until a curated sweep owns this heading.",
      "line": 5481,
      "rule": "dw6-unclassified-legacy-advisory"
    },
    {
      "disposition": null,
      "excerpt": "source_spec: `_bmad-output/implementation-artifacts/spec-6-1-p1r-remediation-runtime.md`",
      "file": "_bmad-output/implementation-artifacts/deferred-work.md",
      "heading": "Deferred from: replay-reader independent review (2026-10-05)",
      "hint": "Add a canonical disposition marker or leave as legacy-advisory until a curated sweep owns this heading.",
      "line": 5485,
      "rule": "dw6-unclassified-legacy-advisory"
    },
    {
      "disposition": null,
      "excerpt": "source_spec: `_bmad-output/implementation-artifacts/spec-6-1-p1r-remediation-runtime.md`",
      "file": "_bmad-output/implementation-artifacts/deferred-work.md",
      "heading": "Deferred from: replay-reader independent review (2026-10-05)",
      "hint": "Add a canonical disposition marker or leave as legacy-advisory until a curated sweep owns this heading.",
      "line": 5489,
      "rule": "dw6-unclassified-legacy-advisory"
    },
    {
      "disposition": null,
      "excerpt": "source_spec: `_bmad-output/implementation-artifacts/spec-6-1-p1r-remediation-runtime.md`",
      "file": "_bmad-output/implementation-artifacts/deferred-work.md",
      "heading": "Deferred from: replay-reader independent review (2026-10-05)",
      "hint": "Add a canonical disposition marker or leave as legacy-advisory until a curated sweep owns this heading.",
      "line": 5493,
      "rule": "dw6-unclassified-legacy-advisory"
    },
    {
      "disposition": null,
      "excerpt": "source_spec: `_bmad-output/implementation-artifacts/spec-6-1-p1r-remediation-runtime.md`",
      "file": "_bmad-output/implementation-artifacts/deferred-work.md",
      "heading": "Deferred from: replay-reader independent review (2026-10-05)",
      "hint": "Add a canonical disposition marker or leave as legacy-advisory until a curated sweep owns this heading.",
      "line": 5497,
      "rule": "dw6-unclassified-legacy-advisory"
    },
    {
      "disposition": null,
      "excerpt": "source_spec: `_bmad-output/implementation-artifacts/spec-6-1-p1r-remediation-runtime.md`",
      "file": "_bmad-output/implementation-artifacts/deferred-work.md",
      "heading": "Deferred from: replay-reader independent review (2026-10-05)",
      "hint": "Add a canonical disposition marker or leave as legacy-advisory until a curated sweep owns this heading.",
      "line": 5501,
      "rule": "dw6-unclassified-legacy-advisory"
    },
    {
      "disposition": null,
      "excerpt": "source_spec: `_bmad-output/implementation-artifacts/spec-6-1-p1r-remediation.md`",
      "file": "_bmad-output/implementation-artifacts/deferred-work.md",
      "heading": "Deferred from: replay-reader independent review (2026-10-05)",
      "hint": "Add a canonical disposition marker or leave as legacy-advisory until a curated sweep owns this heading.",
      "line": 5506,
      "rule": "dw6-unclassified-legacy-advisory"
    },
    {
      "disposition": null,
      "excerpt": "source_spec: `_bmad-output/implementation-artifacts/spec-6-1-p1r-remediation.md`",
      "file": "_bmad-output/implementation-artifacts/deferred-work.md",
      "heading": "Deferred from: replay-reader independent review (2026-10-05)",
      "hint": "Add a canonical disposition marker or leave as legacy-advisory until a curated sweep owns this heading.",
      "line": 5510,
      "rule": "dw6-unclassified-legacy-advisory"
    },
    {
      "disposition": null,
      "excerpt": "source_spec: `_bmad-output/implementation-artifacts/spec-bounded-v1-producer-scratch-admission.md`",
      "file": "_bmad-output/implementation-artifacts/deferred-work.md",
      "heading": "Deferred from: replay-reader independent review (2026-10-05)",
      "hint": "Add a canonical disposition marker or leave as legacy-advisory until a curated sweep owns this heading.",
      "line": 5514,
      "rule": "dw6-unclassified-legacy-advisory"
    },
    {
      "disposition": null,
      "excerpt": "source_spec: `_bmad-output/implementation-artifacts/spec-5-5-internal-and-domain-service-trust-boundary.md`",
      "file": "_bmad-output/implementation-artifacts/deferred-work.md",
      "heading": "Deferred from: replay-reader independent review (2026-10-05)",
      "hint": "Add a canonical disposition marker or leave as legacy-advisory until a curated sweep owns this heading.",
      "line": 5519,
      "rule": "dw6-unclassified-legacy-advisory"
    },
    {
      "disposition": null,
      "excerpt": "source_spec: `_bmad-output/implementation-artifacts/spec-5-5-internal-and-domain-service-trust-boundary.md`",
      "file": "_bmad-output/implementation-artifacts/deferred-work.md",
      "heading": "Deferred from: replay-reader independent review (2026-10-05)",
      "hint": "Add a canonical disposition marker or leave as legacy-advisory until a curated sweep owns this heading.",
      "line": 5523,
      "rule": "dw6-unclassified-legacy-advisory"
    },
    {
      "disposition": null,
      "excerpt": "source_spec: `_bmad-output/implementation-artifacts/spec-5-5-internal-and-domain-service-trust-boundary.md`",
      "file": "_bmad-output/implementation-artifacts/deferred-work.md",
      "heading": "Deferred from: replay-reader independent review (2026-10-05)",
      "hint": "Add a canonical disposition marker or leave as legacy-advisory until a curated sweep owns this heading.",
      "line": 5527,
      "rule": "dw6-unclassified-legacy-advisory"
    },
    {
      "disposition": null,
      "excerpt": "source_spec: `_bmad-output/implementation-artifacts/spec-5-5-internal-and-domain-service-trust-boundary.md`",
      "file": "_bmad-output/implementation-artifacts/deferred-work.md",
      "heading": "Deferred from: replay-reader independent review (2026-10-05)",
      "hint": "Add a canonical disposition marker or leave as legacy-advisory until a curated sweep owns this heading.",
      "line": 5531,
      "rule": "dw6-unclassified-legacy-advisory"
    },
    {
      "disposition": null,
      "excerpt": "source_spec: `_bmad-output/implementation-artifacts/spec-5-5-internal-and-domain-service-trust-boundary.md`",
      "file": "_bmad-output/implementation-artifacts/deferred-work.md",
      "heading": "Deferred from: replay-reader independent review (2026-10-05)",
      "hint": "Add a canonical disposition marker or leave as legacy-advisory until a curated sweep owns this heading.",
      "line": 5535,
      "rule": "dw6-unclassified-legacy-advisory"
    },
    {
      "disposition": null,
      "excerpt": "source_spec: `_bmad-output/implementation-artifacts/spec-5-5-internal-and-domain-service-trust-boundary.md`",
      "file": "_bmad-output/implementation-artifacts/deferred-work.md",
      "heading": "Deferred from: replay-reader independent review (2026-10-05)",
      "hint": "Add a canonical disposition marker or leave as legacy-advisory until a curated sweep owns this heading.",
      "line": 5539,
      "rule": "dw6-unclassified-legacy-advisory"
    },
    {
      "disposition": null,
      "excerpt": "source_spec: `_bmad-output/implementation-artifacts/spec-6-1-p1r-secret-scan-evidence-exemption.md`",
      "file": "_bmad-output/implementation-artifacts/deferred-work.md",
      "heading": "Deferred from: replay-reader independent review (2026-10-05)",
      "hint": "Add a canonical disposition marker or leave as legacy-advisory until a curated sweep owns this heading.",
      "line": 5543,
      "rule": "dw6-unclassified-legacy-advisory"
    },
    {
      "disposition": null,
      "excerpt": "source_spec: `_bmad-output/implementation-artifacts/spec-6-1-p1r-secret-scan-evidence-exemption.md`",
      "file": "_bmad-output/implementation-artifacts/deferred-work.md",
      "heading": "Deferred from: replay-reader independent review (2026-10-05)",
      "hint": "Add a canonical disposition marker or leave as legacy-advisory until a curated sweep owns this heading.",
      "line": 5547,
      "rule": "dw6-unclassified-legacy-advisory"
    },
    {
      "disposition": null,
      "excerpt": "source_spec: `_bmad-output/implementation-artifacts/spec-3-15-tracker-reconciliation.md`",
      "file": "_bmad-output/implementation-artifacts/deferred-work.md",
      "heading": "Deferred from: review of Story 3.15 tracker reconciliation (2026-09-24)",
      "hint": "Add a canonical disposition marker or leave as legacy-advisory until a curated sweep owns this heading.",
      "line": 4862,
      "rule": "dw6-unclassified-legacy-advisory"
    },
    {
      "disposition": null,
      "excerpt": "source_spec: `_bmad-output/implementation-artifacts/spec-3-15-tracker-reconciliation.md`",
      "file": "_bmad-output/implementation-artifacts/deferred-work.md",
      "heading": "Deferred from: review of Story 3.15 tracker reconciliation (2026-09-24)",
      "hint": "Add a canonical disposition marker or leave as legacy-advisory until a curated sweep owns this heading.",
      "line": 4865,
      "rule": "dw6-unclassified-legacy-advisory"
    },
    {
      "disposition": null,
      "excerpt": "source_spec: `_bmad-output/implementation-artifacts/spec-3-15-tracker-reconciliation.md`",
      "file": "_bmad-output/implementation-artifacts/deferred-work.md",
      "heading": "Deferred from: review of Story 3.15 tracker reconciliation (2026-09-24)",
      "hint": "Add a canonical disposition marker or leave as legacy-advisory until a curated sweep owns this heading.",
      "line": 4868,
      "rule": "dw6-unclassified-legacy-advisory"
    }
  ],
  "exitCode": 0
}

exit_code=0
