{
  "resources": [
    {
      "name": "eventstore-admin-dapr-cli-zqappppa",
      "displayName": "eventstore-admin-dapr-cli",
      "resourceType": "Executable",
      "state": "Running",
      "creationTimestamp": "2026-10-07T12:37:28+00:00",
      "startTimestamp": "2026-10-07T12:37:28.07+00:00",
      "source": "dapr",
      "healthStatus": "Healthy",
      "dashboardUrl": "https://localhost:17017/?resource=eventstore-admin-dapr-cli-zqappppa",
      "relationships": [
        {
          "type": "Parent",
          "resourceName": "eventstore-admin-ttpvdrqa"
        }
      ],
      "urls": [
        {
          "name": "metrics",
          "url": "http://localhost:34397"
        },
        {
          "name": "http",
          "url": "http://localhost:36593"
        },
        {
          "name": "grpc",
          "url": "http://localhost:46435"
        }
      ],
      "volumes": [],
      "properties": {
        "executable.args": null,
        "executable.path": "/usr/local/bin/dapr",
        "executable.pid": 99267,
        "executable.workDir": "/home/administrator/projects/hexalith/eventstore/src/Hexalith.EventStore.AppHost",
        "resource.appArgs": [
          "run",
          "--app-id",
          "eventstore-admin",
          "--config",
          "/home/administrator/projects/hexalith/eventstore/src/Hexalith.EventStore.AppHost/DaprComponents/accesscontrol.eventstore-admin.yaml",
          "--placement-host-address",
          "localhost:50005",
          "--resources-path",
          "/tmp/hexalith-eventstore-dapr-components/statestore",
          "--scheduler-host-address",
          "localhost:50006",
          "--app-port",
          "8090",
          "--dapr-grpc-port",
          "26636",
          "--dapr-http-port",
          "26635",
          "--metrics-port",
          "26634",
          "--app-channel-address",
          "localhost",
          "--app-protocol",
          "http"
        ],
        "resource.appArgsSensitivity": [
          0,
          0,
          0,
          0,
          0,
          0,
          0,
          0,
          0,
          0,
          0,
          0,
          0,
          0,
          0,
          0,
          0,
          0,
          0,
          0,
          0,
          0,
          0
        ],
        "resource.parentName": "eventstore-admin-ttpvdrqa"
      },
      "environment": {
        "OTEL_BLRP_SCHEDULE_DELAY": "1000",
        "OTEL_BSP_SCHEDULE_DELAY": "1000",
        "OTEL_EXPORTER_OTLP_ENDPOINT": "https://localhost:21079",
        "OTEL_EXPORTER_OTLP_HEADERS": "x-otlp-api-key=669ef6e63e8b1245ad44bfa2bc30d2aa",
        "OTEL_EXPORTER_OTLP_PROTOCOL": "grpc",
        "OTEL_INSTRUMENTATION_GENAI_CAPTURE_MESSAGE_CONTENT": "true",
        "OTEL_METRIC_EXPORT_INTERVAL": "1000",
        "OTEL_METRICS_EXEMPLAR_FILTER": "trace_based",
        "OTEL_RESOURCE_ATTRIBUTES": "service.instance.id=zqappppa",
        "OTEL_SERVICE_NAME": "eventstore-admin-dapr-cli",
        "OTEL_TRACES_SAMPLER": "always_on",
        "SSL_CERT_DIR": "/tmp/aspire-dcpEvpPcw/eventstore-admin-dapr-cli-zqappppa/certs:/usr/lib/ssl/certs:/home/administrator/.aspnet/dev-certs/trust"
      },
      "healthReports": {},
      "commands": {
        "restart": {
          "displayName": "Restart",
          "description": "Restart resource",
          "state": "Enabled",
          "sortOrder": 2
        },
        "stop": {
          "displayName": "Stop",
          "description": "Stop resource",
          "state": "Enabled",
          "sortOrder": 1
        }
      }
    },
    {
      "name": "eventstore-admin-ttpvdrqa",
      "displayName": "eventstore-admin",
      "resourceType": "Project",
      "state": "Running",
      "creationTimestamp": "2026-10-07T12:37:28+00:00",
      "startTimestamp": "2026-10-07T12:37:28.12+00:00",
      "source": "Hexalith.EventStore.Admin.Server.Host.csproj",
      "healthStatus": "Healthy",
      "dashboardUrl": "https://localhost:17017/?resource=eventstore-admin-ttpvdrqa",
      "relationships": [
        {
          "type": "Reference",
          "resourceName": "eventstore-nvcfhppx"
        },
        {
          "type": "Reference",
          "resourceName": "security-pbrszbmx"
        },
        {
          "type": "WaitFor",
          "resourceName": "security-pbrszbmx"
        },
        {
          "type": "Reference",
          "resourceName": "security-pbrszbmx"
        },
        {
          "type": "Reference",
          "resourceName": "security-pbrszbmx"
        }
      ],
      "urls": [
        {
          "name": "http",
          "url": "http://localhost:8090"
        },
        {
          "name": "https",
          "url": "https://localhost:8091"
        }
      ],
      "volumes": [],
      "properties": {
        "executable.args": null,
        "executable.path": "dotnet",
        "executable.pid": 99315,
        "executable.workDir": "/home/administrator/projects/hexalith/eventstore/src/Hexalith.EventStore.Admin.Server.Host",
        "project.launchProfile": "https",
        "project.path": "/home/administrator/projects/hexalith/eventstore/src/Hexalith.EventStore.Admin.Server.Host/Hexalith.EventStore.Admin.Server.Host.csproj",
        "resource.appArgs": [],
        "resource.appArgsSensitivity": [],
        "resource.launchConfigurationType": "project"
      },
      "environment": {
        "AdminServer__EventStoreDaprHttpEndpoint": "http://localhost:3501",
        "AdminServer__LogsUrl": "https://localhost:17017/structuredlogs",
        "AdminServer__MetricsUrl": "https://localhost:17017/metrics",
        "AdminServer__ResiliencyConfigPath": "/home/administrator/projects/hexalith/eventstore/src/Hexalith.EventStore.AppHost/DaprComponents/resiliency.yaml",
        "AdminServer__TraceUrl": "https://localhost:17017/traces",
        "ASPNETCORE_ENVIRONMENT": "Development",
        "ASPNETCORE_HTTPS_PORT": "8091",
        "ASPNETCORE_URLS": "https://localhost:26656;http://localhost:26655",
        "Authentication__JwtBearer__AllowedAlgorithms__0": "RS256",
        "Authentication__JwtBearer__Audience": "hexalith-eventstore",
        "Authentication__JwtBearer__Authority": "https://localhost:8180/realms/hexalith",
        "Authentication__JwtBearer__Issuer": "https://localhost:8180/realms/hexalith",
        "Authentication__JwtBearer__RequireHttpsMetadata": "false",
        "Authentication__JwtBearer__SigningKey": "",
        "Authentication__JwtBearer__ValidAudiences__0": "hexalith-eventstore",
        "DAPR_GRPC_ENDPOINT": "http://localhost:46435",
        "DAPR_GRPC_PORT": "46435",
        "DAPR_HTTP_ENDPOINT": "http://localhost:36593",
        "DAPR_HTTP_PORT": "36593",
        "DOTNET_LAUNCH_PROFILE": "https",
        "DOTNET_SYSTEM_CONSOLE_ALLOW_ANSI_COLOR_REDIRECTION": "true",
        "EVENTSTORE_HTTP": "http://localhost:8080",
        "EVENTSTORE_HTTPS": "https://localhost:7141",
        "Kestrel__Certificates__Default__Path": "/tmp/aspire-dcpEvpPcw/eventstore-admin-ttpvdrqa/private/ED6C9438F604A23BCB61B2E08EE0F6E33DD3CA06.pfx",
        "LOGGING__CONSOLE__FORMATTERNAME": "simple",
        "OTEL_BLRP_SCHEDULE_DELAY": "1000",
        "OTEL_BSP_SCHEDULE_DELAY": "1000",
        "OTEL_DOTNET_EXPERIMENTAL_ASPNETCORE_DISABLE_URL_QUERY_REDACTION": "true",
        "OTEL_DOTNET_EXPERIMENTAL_HTTPCLIENT_DISABLE_URL_QUERY_REDACTION": "true",
        "OTEL_DOTNET_EXPERIMENTAL_OTLP_RETRY": "in_memory",
        "OTEL_EXPORTER_OTLP_ENDPOINT": "https://localhost:21079",
        "OTEL_EXPORTER_OTLP_HEADERS": "x-otlp-api-key=669ef6e63e8b1245ad44bfa2bc30d2aa",
        "OTEL_EXPORTER_OTLP_PROTOCOL": "grpc",
        "OTEL_INSTRUMENTATION_GENAI_CAPTURE_MESSAGE_CONTENT": "true",
        "OTEL_METRIC_EXPORT_INTERVAL": "1000",
        "OTEL_METRICS_EXEMPLAR_FILTER": "trace_based",
        "OTEL_RESOURCE_ATTRIBUTES": "service.instance.id=ttpvdrqa",
        "OTEL_SERVICE_NAME": "eventstore-admin",
        "OTEL_TRACES_SAMPLER": "always_on",
        "SECURITY_HTTP": "https://localhost:8180",
        "services__eventstore__http__0": "http://localhost:8080",
        "services__eventstore__https__0": "https://localhost:7141",
        "services__security__https__0": "https://localhost:8180",
        "SSL_CERT_DIR": "/tmp/aspire-dcpEvpPcw/eventstore-admin-ttpvdrqa/certs:/usr/lib/ssl/certs:/home/administrator/.aspnet/dev-certs/trust"
      },
      "healthReports": {},
      "commands": {
        "rebuild": {
          "displayName": "Rebuild",
          "description": "Stop the resource, rebuild the project from source, and restart. Use this to apply source code changes.",
          "state": "Enabled",
          "sortOrder": 3
        },
        "restart": {
          "displayName": "Restart",
          "description": "Restart resource. Source code is not recompiled.",
          "state": "Enabled",
          "sortOrder": 2
        },
        "stop": {
          "displayName": "Stop",
          "description": "Stop resource",
          "state": "Enabled",
          "sortOrder": 1
        }
      }
    },
    {
      "name": "eventstore-admin-ui-dapr-cli-ktuvcbgx",
      "displayName": "eventstore-admin-ui-dapr-cli",
      "resourceType": "Executable",
      "state": "Running",
      "creationTimestamp": "2026-10-07T12:37:28+00:00",
      "startTimestamp": "2026-10-07T12:37:28.16+00:00",
      "source": "dapr",
      "healthStatus": "Healthy",
      "dashboardUrl": "https://localhost:17017/?resource=eventstore-admin-ui-dapr-cli-ktuvcbgx",
      "relationships": [
        {
          "type": "Parent",
          "resourceName": "eventstore-admin-ui-vzntwfzu"
        }
      ],
      "urls": [
        {
          "name": "metrics",
          "url": "http://localhost:34713"
        },
        {
          "name": "http",
          "url": "http://localhost:36849"
        },
        {
          "name": "grpc",
          "url": "http://localhost:33445"
        }
      ],
      "volumes": [],
      "properties": {
        "executable.args": null,
        "executable.path": "/usr/local/bin/dapr",
        "executable.pid": 99380,
        "executable.workDir": "/home/administrator/projects/hexalith/eventstore/src/Hexalith.EventStore.AppHost",
        "resource.appArgs": [
          "run",
          "--app-id",
          "eventstore-admin-ui",
          "--placement-host-address",
          "localhost:50005",
          "--scheduler-host-address",
          "localhost:50006",
          "--app-port",
          "8092",
          "--dapr-grpc-port",
          "26633",
          "--dapr-http-port",
          "26632",
          "--metrics-port",
          "26631",
          "--app-channel-address",
          "localhost",
          "--app-protocol",
          "http"
        ],
        "resource.appArgsSensitivity": [
          0,
          0,
          0,
          0,
          0,
          0,
          0,
          0,
          0,
          0,
          0,
          0,
          0,
          0,
          0,
          0,
          0,
          0,
          0
        ],
        "resource.parentName": "eventstore-admin-ui-vzntwfzu"
      },
      "environment": {
        "OTEL_BLRP_SCHEDULE_DELAY": "1000",
        "OTEL_BSP_SCHEDULE_DELAY": "1000",
        "OTEL_EXPORTER_OTLP_ENDPOINT": "https://localhost:21079",
        "OTEL_EXPORTER_OTLP_HEADERS": "x-otlp-api-key=669ef6e63e8b1245ad44bfa2bc30d2aa",
        "OTEL_EXPORTER_OTLP_PROTOCOL": "grpc",
        "OTEL_INSTRUMENTATION_GENAI_CAPTURE_MESSAGE_CONTENT": "true",
        "OTEL_METRIC_EXPORT_INTERVAL": "1000",
        "OTEL_METRICS_EXEMPLAR_FILTER": "trace_based",
        "OTEL_RESOURCE_ATTRIBUTES": "service.instance.id=ktuvcbgx",
        "OTEL_SERVICE_NAME": "eventstore-admin-ui-dapr-cli",
        "OTEL_TRACES_SAMPLER": "always_on",
        "SSL_CERT_DIR": "/tmp/aspire-dcpEvpPcw/eventstore-admin-ui-dapr-cli-ktuvcbgx/certs:/usr/lib/ssl/certs:/home/administrator/.aspnet/dev-certs/trust"
      },
      "healthReports": {},
      "commands": {
        "restart": {
          "displayName": "Restart",
          "description": "Restart resource",
          "state": "Enabled",
          "sortOrder": 2
        },
        "stop": {
          "displayName": "Stop",
          "description": "Stop resource",
          "state": "Enabled",
          "sortOrder": 1
        }
      }
    },
    {
      "name": "eventstore-admin-ui-vzntwfzu",
      "displayName": "eventstore-admin-ui",
      "resourceType": "Project",
      "state": "Running",
      "creationTimestamp": "2026-10-07T12:37:28+00:00",
      "startTimestamp": "2026-10-07T12:37:28.16+00:00",
      "source": "Hexalith.EventStore.Admin.UI.csproj",
      "healthStatus": "Healthy",
      "dashboardUrl": "https://localhost:17017/?resource=eventstore-admin-ui-vzntwfzu",
      "relationships": [
        {
          "type": "Reference",
          "resourceName": "eventstore-admin-ttpvdrqa"
        },
        {
          "type": "WaitFor",
          "resourceName": "eventstore-admin-ttpvdrqa"
        },
        {
          "type": "Reference",
          "resourceName": "security-pbrszbmx"
        },
        {
          "type": "WaitFor",
          "resourceName": "security-pbrszbmx"
        },
        {
          "type": "Reference",
          "resourceName": "security-pbrszbmx"
        },
        {
          "type": "Reference",
          "resourceName": "security-pbrszbmx"
        },
        {
          "type": "Reference",
          "resourceName": "security-pbrszbmx"
        },
        {
          "type": "Reference",
          "resourceName": "local-auth-admin-username"
        },
        {
          "type": "Reference",
          "resourceName": "local-auth-admin-password"
        },
        {
          "type": "Reference",
          "resourceName": "eventstore-admin-ttpvdrqa"
        }
      ],
      "urls": [
        {
          "name": "http",
          "url": "http://localhost:8092"
        },
        {
          "name": "https",
          "url": "https://localhost:8093"
        }
      ],
      "volumes": [],
      "properties": {
        "executable.args": null,
        "executable.path": "dotnet",
        "executable.pid": 99390,
        "executable.workDir": "/home/administrator/projects/hexalith/eventstore/src/Hexalith.EventStore.Admin.UI",
        "project.launchProfile": "Hexalith.EventStore.Admin.UI",
        "project.path": "/home/administrator/projects/hexalith/eventstore/src/Hexalith.EventStore.Admin.UI/Hexalith.EventStore.Admin.UI.csproj",
        "resource.appArgs": [],
        "resource.appArgsSensitivity": [],
        "resource.launchConfigurationType": "project"
      },
      "environment": {
        "ASPNETCORE_ENVIRONMENT": "Development",
        "ASPNETCORE_HTTPS_PORT": "8093",
        "ASPNETCORE_URLS": "https://localhost:26654;http://localhost:26653",
        "DAPR_GRPC_ENDPOINT": "http://localhost:33445",
        "DAPR_GRPC_PORT": "33445",
        "DAPR_HTTP_ENDPOINT": "http://localhost:36849",
        "DAPR_HTTP_PORT": "36849",
        "DOTNET_LAUNCH_PROFILE": "Hexalith.EventStore.Admin.UI",
        "DOTNET_SYSTEM_CONSOLE_ALLOW_ANSI_COLOR_REDIRECTION": "true",
        "EventStore__AdminServer__SwaggerUrl": "https://localhost:8091/swagger/index.html",
        "EventStore__Authentication__AllowedAlgorithms__0": "RS256",
        "EventStore__Authentication__Audience": "hexalith-eventstore",
        "EventStore__Authentication__Authority": "https://localhost:8180/realms/hexalith",
        "EventStore__Authentication__ClientId": "hexalith-eventstore",
        "EventStore__Authentication__ClientSecret": "",
        "EventStore__Authentication__GrantType": "password",
        "EventStore__Authentication__Issuer": "https://localhost:8180/realms/hexalith",
        "EventStore__Authentication__Password": null,
        "EventStore__Authentication__RequireHttpsMetadata": "false",
        "EventStore__Authentication__Scope": "openid",
        "EventStore__Authentication__SigningKey": "",
        "EventStore__Authentication__TokenEndpoint": "https://localhost:8180/realms/hexalith/protocol/openid-connect/token",
        "EventStore__Authentication__Username": "local-5f27048e166e688924469fc2",
        "EVENTSTORE_ADMIN_HTTP": "http://localhost:8090",
        "EVENTSTORE_ADMIN_HTTPS": "https://localhost:8091",
        "Kestrel__Certificates__Default__Path": "/tmp/aspire-dcpEvpPcw/eventstore-admin-ui-vzntwfzu/private/ED6C9438F604A23BCB61B2E08EE0F6E33DD3CA06.pfx",
        "LOGGING__CONSOLE__FORMATTERNAME": "simple",
        "OTEL_BLRP_SCHEDULE_DELAY": "1000",
        "OTEL_BSP_SCHEDULE_DELAY": "1000",
        "OTEL_DOTNET_EXPERIMENTAL_ASPNETCORE_DISABLE_URL_QUERY_REDACTION": "true",
        "OTEL_DOTNET_EXPERIMENTAL_HTTPCLIENT_DISABLE_URL_QUERY_REDACTION": "true",
        "OTEL_DOTNET_EXPERIMENTAL_OTLP_RETRY": "in_memory",
        "OTEL_EXPORTER_OTLP_ENDPOINT": "https://localhost:21079",
        "OTEL_EXPORTER_OTLP_HEADERS": "x-otlp-api-key=669ef6e63e8b1245ad44bfa2bc30d2aa",
        "OTEL_EXPORTER_OTLP_PROTOCOL": "grpc",
        "OTEL_INSTRUMENTATION_GENAI_CAPTURE_MESSAGE_CONTENT": "true",
        "OTEL_METRIC_EXPORT_INTERVAL": "1000",
        "OTEL_METRICS_EXEMPLAR_FILTER": "trace_based",
        "OTEL_RESOURCE_ATTRIBUTES": "service.instance.id=vzntwfzu",
        "OTEL_SERVICE_NAME": "eventstore-admin-ui",
        "OTEL_TRACES_SAMPLER": "always_on",
        "SECURITY_HTTP": "https://localhost:8180",
        "services__eventstore-admin__http__0": "http://localhost:8090",
        "services__eventstore-admin__https__0": "https://localhost:8091",
        "services__security__https__0": "https://localhost:8180",
        "SSL_CERT_DIR": "/tmp/aspire-dcpEvpPcw/eventstore-admin-ui-vzntwfzu/certs:/usr/lib/ssl/certs:/home/administrator/.aspnet/dev-certs/trust"
      },
      "healthReports": {},
      "commands": {
        "rebuild": {
          "displayName": "Rebuild",
          "description": "Stop the resource, rebuild the project from source, and restart. Use this to apply source code changes.",
          "state": "Enabled",
          "sortOrder": 3
        },
        "restart": {
          "displayName": "Restart",
          "description": "Restart resource. Source code is not recompiled.",
          "state": "Enabled",
          "sortOrder": 2
        },
        "stop": {
          "displayName": "Stop",
          "description": "Stop resource",
          "state": "Enabled",
          "sortOrder": 1
        }
      }
    },
    {
      "name": "eventstore-app-api-token",
      "displayName": "eventstore-app-api-token",
      "resourceType": "Parameter",
      "state": "Running",
      "source": "Parameters:eventstore-app-api-token",
      "healthStatus": "Healthy",
      "dashboardUrl": "https://localhost:17017/?resource=eventstore-app-api-token",
      "relationships": [],
      "urls": [],
      "volumes": [],
      "properties": {
        "resource.source": "Parameters:eventstore-app-api-token",
        "Value": null
      },
      "environment": {},
      "healthReports": {},
      "commands": {
        "delete-parameter": {
          "displayName": "Delete parameter",
          "description": "Delete parameter value",
          "state": "Enabled",
          "sortOrder": 1,
          "argumentInputs": [
            {
              "name": "DeleteFromUserSecrets",
              "label": "Delete from user secrets",
              "description": "Delete a value that is saved in [user secrets](https://aka.ms/aspire/user-secrets).",
              "enableDescriptionMarkdown": true,
              "inputType": "Boolean",
              "dynamicLoading": {
                "alwaysLoadOnStart": true
              }
            }
          ]
        },
        "set-parameter": {
          "displayName": "Set parameter",
          "description": "Set parameter value",
          "state": "Enabled",
          "sortOrder": 0,
          "argumentInputs": [
            {
              "name": "Value",
              "label": "eventstore-app-api-token",
              "inputType": "SecretText",
              "required": true,
              "placeholder": "Enter value for eventstore-app-api-token",
              "dynamicLoading": {
                "alwaysLoadOnStart": true
              }
            },
            {
              "name": "SaveToUserSecrets",
              "label": "Save to user secrets",
              "description": "Save value to [user secrets](https://aka.ms/aspire/user-secrets) for future use.",
              "enableDescriptionMarkdown": true,
              "inputType": "Boolean",
              "dynamicLoading": {
                "alwaysLoadOnStart": true,
                "dependsOnInputs": [
                  "Value"
                ]
              }
            }
          ]
        }
      }
    },
    {
      "name": "eventstore-dapr-cli-mjmyyjff",
      "displayName": "eventstore-dapr-cli",
      "resourceType": "Executable",
      "state": "Running",
      "creationTimestamp": "2026-10-07T12:37:28+00:00",
      "startTimestamp": "2026-10-07T12:37:28.08+00:00",
      "source": "dapr",
      "healthStatus": "Healthy",
      "dashboardUrl": "https://localhost:17017/?resource=eventstore-dapr-cli-mjmyyjff",
      "relationships": [
        {
          "type": "Parent",
          "resourceName": "eventstore-nvcfhppx"
        }
      ],
      "urls": [
        {
          "name": "metrics",
          "url": "http://localhost:36079"
        },
        {
          "name": "http",
          "url": "http://localhost:3501"
        },
        {
          "name": "grpc",
          "url": "http://localhost:37435"
        }
      ],
      "volumes": [],
      "properties": {
        "executable.args": null,
        "executable.path": "/usr/local/bin/dapr",
        "executable.pid": 99269,
        "executable.workDir": "/home/administrator/projects/hexalith/eventstore/src/Hexalith.EventStore.AppHost",
        "resource.appArgs": [
          "run",
          "--app-id",
          "eventstore",
          "--config",
          "/home/administrator/projects/hexalith/eventstore/src/Hexalith.EventStore.AppHost/DaprComponents/accesscontrol.yaml",
          "--placement-host-address",
          "localhost:50005",
          "--resources-path",
          "/tmp/hexalith-eventstore-dapr-components/statestore",
          "--resources-path",
          "/tmp/aspire-dapr.xCNFvb/pubsub",
          "--scheduler-host-address",
          "localhost:50006",
          "--app-port",
          "8080",
          "--dapr-grpc-port",
          "26639",
          "--dapr-http-port",
          "26638",
          "--metrics-port",
          "26637",
          "--app-channel-address",
          "localhost",
          "--app-protocol",
          "http"
        ],
        "resource.appArgsSensitivity": [
          0,
          0,
          0,
          0,
          0,
          0,
          0,
          0,
          0,
          0,
          0,
          0,
          0,
          0,
          0,
          0,
          0,
          0,
          0,
          0,
          0,
          0,
          0,
          0,
          0
        ],
        "resource.parentName": "eventstore-nvcfhppx"
      },
      "environment": {
        "APP_API_TOKEN": null,
        "OTEL_BLRP_SCHEDULE_DELAY": "1000",
        "OTEL_BSP_SCHEDULE_DELAY": "1000",
        "OTEL_EXPORTER_OTLP_ENDPOINT": "https://localhost:21079",
        "OTEL_EXPORTER_OTLP_HEADERS": "x-otlp-api-key=669ef6e63e8b1245ad44bfa2bc30d2aa",
        "OTEL_EXPORTER_OTLP_PROTOCOL": "grpc",
        "OTEL_INSTRUMENTATION_GENAI_CAPTURE_MESSAGE_CONTENT": "true",
        "OTEL_METRIC_EXPORT_INTERVAL": "1000",
        "OTEL_METRICS_EXEMPLAR_FILTER": "trace_based",
        "OTEL_RESOURCE_ATTRIBUTES": "service.instance.id=mjmyyjff",
        "OTEL_SERVICE_NAME": "eventstore-dapr-cli",
        "OTEL_TRACES_SAMPLER": "always_on",
        "SSL_CERT_DIR": "/tmp/aspire-dcpEvpPcw/eventstore-dapr-cli-mjmyyjff/certs:/usr/lib/ssl/certs:/home/administrator/.aspnet/dev-certs/trust"
      },
      "healthReports": {},
      "commands": {
        "restart": {
          "displayName": "Restart",
          "description": "Restart resource",
          "state": "Enabled",
          "sortOrder": 2
        },
        "stop": {
          "displayName": "Stop",
          "description": "Stop resource",
          "state": "Enabled",
          "sortOrder": 1
        }
      }
    },
    {
      "name": "eventstore-nvcfhppx",
      "displayName": "eventstore",
      "resourceType": "Project",
      "state": "Running",
      "creationTimestamp": "2026-10-07T12:37:28+00:00",
      "startTimestamp": "2026-10-07T12:37:28.12+00:00",
      "source": "Hexalith.EventStore.csproj",
      "healthStatus": "Healthy",
      "dashboardUrl": "https://localhost:17017/?resource=eventstore-nvcfhppx",
      "relationships": [
        {
          "type": "Reference",
          "resourceName": "security-pbrszbmx"
        },
        {
          "type": "WaitFor",
          "resourceName": "security-pbrszbmx"
        },
        {
          "type": "Reference",
          "resourceName": "security-pbrszbmx"
        },
        {
          "type": "Reference",
          "resourceName": "security-pbrszbmx"
        },
        {
          "type": "Reference",
          "resourceName": "local-auth-workload-client-secret"
        },
        {
          "type": "Reference",
          "resourceName": "eventstore-app-api-token"
        }
      ],
      "urls": [
        {
          "name": "http",
          "url": "http://localhost:8080"
        },
        {
          "name": "https",
          "url": "https://localhost:7141"
        }
      ],
      "volumes": [],
      "properties": {
        "executable.args": null,
        "executable.path": "dotnet",
        "executable.pid": 99324,
        "executable.workDir": "/home/administrator/projects/hexalith/eventstore/src/Hexalith.EventStore",
        "project.launchProfile": "https",
        "project.path": "/home/administrator/projects/hexalith/eventstore/src/Hexalith.EventStore/Hexalith.EventStore.csproj",
        "resource.appArgs": [],
        "resource.appArgsSensitivity": [],
        "resource.launchConfigurationType": "project"
      },
      "environment": {
        "APP_API_TOKEN": null,
        "ASPNETCORE_ENVIRONMENT": "Development",
        "ASPNETCORE_HTTPS_PORT": "7141",
        "ASPNETCORE_URLS": "https://localhost:26658;http://localhost:26657",
        "Authentication__JwtBearer__AllowedAlgorithms__0": "RS256",
        "Authentication__JwtBearer__Audience": "hexalith-eventstore",
        "Authentication__JwtBearer__Authority": "https://localhost:8180/realms/hexalith",
        "Authentication__JwtBearer__Issuer": "https://localhost:8180/realms/hexalith",
        "Authentication__JwtBearer__RequireHttpsMetadata": "false",
        "Authentication__JwtBearer__SigningKey": "",
        "Authentication__JwtBearer__ValidAudiences__0": "hexalith-eventstore",
        "Authentication__WorkloadIssuer__ClientId": "eventstore",
        "Authentication__WorkloadIssuer__ClientSecret": null,
        "DAPR_GRPC_ENDPOINT": "http://localhost:37435",
        "DAPR_GRPC_PORT": "37435",
        "DAPR_HTTP_ENDPOINT": "http://localhost:3501",
        "DAPR_HTTP_PORT": "3501",
        "DOTNET_LAUNCH_PROFILE": "https",
        "DOTNET_SYSTEM_CONSOLE_ALLOW_ANSI_COLOR_REDIRECTION": "true",
        "EventStore__SignalR__Enabled": "true",
        "Kestrel__Certificates__Default__Path": "/tmp/aspire-dcpEvpPcw/eventstore-nvcfhppx/private/ED6C9438F604A23BCB61B2E08EE0F6E33DD3CA06.pfx",
        "LOGGING__CONSOLE__FORMATTERNAME": "simple",
        "OTEL_BLRP_SCHEDULE_DELAY": "1000",
        "OTEL_BSP_SCHEDULE_DELAY": "1000",
        "OTEL_DOTNET_EXPERIMENTAL_ASPNETCORE_DISABLE_URL_QUERY_REDACTION": "true",
        "OTEL_DOTNET_EXPERIMENTAL_HTTPCLIENT_DISABLE_URL_QUERY_REDACTION": "true",
        "OTEL_DOTNET_EXPERIMENTAL_OTLP_RETRY": "in_memory",
        "OTEL_EXPORTER_OTLP_ENDPOINT": "https://localhost:21079",
        "OTEL_EXPORTER_OTLP_HEADERS": "x-otlp-api-key=669ef6e63e8b1245ad44bfa2bc30d2aa",
        "OTEL_EXPORTER_OTLP_PROTOCOL": "grpc",
        "OTEL_INSTRUMENTATION_GENAI_CAPTURE_MESSAGE_CONTENT": "true",
        "OTEL_METRIC_EXPORT_INTERVAL": "1000",
        "OTEL_METRICS_EXEMPLAR_FILTER": "trace_based",
        "OTEL_RESOURCE_ATTRIBUTES": "service.instance.id=nvcfhppx",
        "OTEL_SERVICE_NAME": "eventstore",
        "OTEL_TRACES_SAMPLER": "always_on",
        "SECURITY_HTTP": "https://localhost:8180",
        "services__security__https__0": "https://localhost:8180",
        "SSL_CERT_DIR": "/tmp/aspire-dcpEvpPcw/eventstore-nvcfhppx/certs:/usr/lib/ssl/certs:/home/administrator/.aspnet/dev-certs/trust"
      },
      "healthReports": {},
      "commands": {
        "rebuild": {
          "displayName": "Rebuild",
          "description": "Stop the resource, rebuild the project from source, and restart. Use this to apply source code changes.",
          "state": "Enabled",
          "sortOrder": 3
        },
        "restart": {
          "displayName": "Restart",
          "description": "Restart resource. Source code is not recompiled.",
          "state": "Enabled",
          "sortOrder": 2
        },
        "stop": {
          "displayName": "Stop",
          "description": "Stop resource",
          "state": "Enabled",
          "sortOrder": 1
        }
      }
    },
    {
      "name": "local-auth-admin-password",
      "displayName": "local-auth-admin-password",
      "resourceType": "Parameter",
      "state": "Running",
      "source": "Parameters:local-auth-admin-password",
      "healthStatus": "Healthy",
      "dashboardUrl": "https://localhost:17017/?resource=local-auth-admin-password",
      "relationships": [],
      "urls": [],
      "volumes": [],
      "properties": {
        "resource.source": "Parameters:local-auth-admin-password",
        "Value": null
      },
      "environment": {},
      "healthReports": {},
      "commands": {
        "delete-parameter": {
          "displayName": "Delete parameter",
          "description": "Delete parameter value",
          "state": "Enabled",
          "sortOrder": 1,
          "argumentInputs": [
            {
              "name": "DeleteFromUserSecrets",
              "label": "Delete from user secrets",
              "description": "Delete a value that is saved in [user secrets](https://aka.ms/aspire/user-secrets).",
              "enableDescriptionMarkdown": true,
              "inputType": "Boolean",
              "dynamicLoading": {
                "alwaysLoadOnStart": true
              }
            }
          ]
        },
        "set-parameter": {
          "displayName": "Set parameter",
          "description": "Set parameter value",
          "state": "Enabled",
          "sortOrder": 0,
          "argumentInputs": [
            {
              "name": "Value",
              "label": "local-auth-admin-password",
              "inputType": "SecretText",
              "required": true,
              "placeholder": "Enter value for local-auth-admin-password",
              "dynamicLoading": {
                "alwaysLoadOnStart": true
              }
            },
            {
              "name": "SaveToUserSecrets",
              "label": "Save to user secrets",
              "description": "Save value to [user secrets](https://aka.ms/aspire/user-secrets) for future use.",
              "enableDescriptionMarkdown": true,
              "inputType": "Boolean",
              "dynamicLoading": {
                "alwaysLoadOnStart": true,
                "dependsOnInputs": [
                  "Value"
                ]
              }
            }
          ]
        }
      }
    },
    {
      "name": "local-auth-admin-user-id",
      "displayName": "local-auth-admin-user-id",
      "resourceType": "Parameter",
      "state": "Running",
      "source": "Parameters:local-auth-admin-user-id",
      "healthStatus": "Healthy",
      "dashboardUrl": "https://localhost:17017/?resource=local-auth-admin-user-id",
      "relationships": [],
      "urls": [],
      "volumes": [],
      "properties": {
        "resource.source": "Parameters:local-auth-admin-user-id",
        "Value": "be1c1d62-3a8e-472b-861a-dc1b739b493a"
      },
      "environment": {},
      "healthReports": {},
      "commands": {
        "delete-parameter": {
          "displayName": "Delete parameter",
          "description": "Delete parameter value",
          "state": "Enabled",
          "sortOrder": 1,
          "argumentInputs": [
            {
              "name": "DeleteFromUserSecrets",
              "label": "Delete from user secrets",
              "description": "Delete a value that is saved in [user secrets](https://aka.ms/aspire/user-secrets).",
              "enableDescriptionMarkdown": true,
              "inputType": "Boolean",
              "dynamicLoading": {
                "alwaysLoadOnStart": true
              }
            }
          ]
        },
        "set-parameter": {
          "displayName": "Set parameter",
          "description": "Set parameter value",
          "state": "Enabled",
          "sortOrder": 0,
          "argumentInputs": [
            {
              "name": "Value",
              "label": "local-auth-admin-user-id",
              "inputType": "Text",
              "required": true,
              "placeholder": "Enter value for local-auth-admin-user-id",
              "dynamicLoading": {
                "alwaysLoadOnStart": true
              }
            },
            {
              "name": "SaveToUserSecrets",
              "label": "Save to user secrets",
              "description": "Save value to [user secrets](https://aka.ms/aspire/user-secrets) for future use.",
              "enableDescriptionMarkdown": true,
              "inputType": "Boolean",
              "dynamicLoading": {
                "alwaysLoadOnStart": true,
                "dependsOnInputs": [
                  "Value"
                ]
              }
            }
          ]
        }
      }
    },
    {
      "name": "local-auth-admin-username",
      "displayName": "local-auth-admin-username",
      "resourceType": "Parameter",
      "state": "Running",
      "source": "Parameters:local-auth-admin-username",
      "healthStatus": "Healthy",
      "dashboardUrl": "https://localhost:17017/?resource=local-auth-admin-username",
      "relationships": [],
      "urls": [],
      "volumes": [],
      "properties": {
        "resource.source": "Parameters:local-auth-admin-username",
        "Value": "local-5f27048e166e688924469fc2"
      },
      "environment": {},
      "healthReports": {},
      "commands": {
        "delete-parameter": {
          "displayName": "Delete parameter",
          "description": "Delete parameter value",
          "state": "Enabled",
          "sortOrder": 1,
          "argumentInputs": [
            {
              "name": "DeleteFromUserSecrets",
              "label": "Delete from user secrets",
              "description": "Delete a value that is saved in [user secrets](https://aka.ms/aspire/user-secrets).",
              "enableDescriptionMarkdown": true,
              "inputType": "Boolean",
              "dynamicLoading": {
                "alwaysLoadOnStart": true
              }
            }
          ]
        },
        "set-parameter": {
          "displayName": "Set parameter",
          "description": "Set parameter value",
          "state": "Enabled",
          "sortOrder": 0,
          "argumentInputs": [
            {
              "name": "Value",
              "label": "local-auth-admin-username",
              "inputType": "Text",
              "required": true,
              "placeholder": "Enter value for local-auth-admin-username",
              "dynamicLoading": {
                "alwaysLoadOnStart": true
              }
            },
            {
              "name": "SaveToUserSecrets",
              "label": "Save to user secrets",
              "description": "Save value to [user secrets](https://aka.ms/aspire/user-secrets) for future use.",
              "enableDescriptionMarkdown": true,
              "inputType": "Boolean",
              "dynamicLoading": {
                "alwaysLoadOnStart": true,
                "dependsOnInputs": [
                  "Value"
                ]
              }
            }
          ]
        }
      }
    },
    {
      "name": "local-auth-sample-password",
      "displayName": "local-auth-sample-password",
      "resourceType": "Parameter",
      "state": "Running",
      "source": "Parameters:local-auth-sample-password",
      "healthStatus": "Healthy",
      "dashboardUrl": "https://localhost:17017/?resource=local-auth-sample-password",
      "relationships": [],
      "urls": [],
      "volumes": [],
      "properties": {
        "resource.source": "Parameters:local-auth-sample-password",
        "Value": null
      },
      "environment": {},
      "healthReports": {},
      "commands": {
        "delete-parameter": {
          "displayName": "Delete parameter",
          "description": "Delete parameter value",
          "state": "Enabled",
          "sortOrder": 1,
          "argumentInputs": [
            {
              "name": "DeleteFromUserSecrets",
              "label": "Delete from user secrets",
              "description": "Delete a value that is saved in [user secrets](https://aka.ms/aspire/user-secrets).",
              "enableDescriptionMarkdown": true,
              "inputType": "Boolean",
              "dynamicLoading": {
                "alwaysLoadOnStart": true
              }
            }
          ]
        },
        "set-parameter": {
          "displayName": "Set parameter",
          "description": "Set parameter value",
          "state": "Enabled",
          "sortOrder": 0,
          "argumentInputs": [
            {
              "name": "Value",
              "label": "local-auth-sample-password",
              "inputType": "SecretText",
              "required": true,
              "placeholder": "Enter value for local-auth-sample-password",
              "dynamicLoading": {
                "alwaysLoadOnStart": true
              }
            },
            {
              "name": "SaveToUserSecrets",
              "label": "Save to user secrets",
              "description": "Save value to [user secrets](https://aka.ms/aspire/user-secrets) for future use.",
              "enableDescriptionMarkdown": true,
              "inputType": "Boolean",
              "dynamicLoading": {
                "alwaysLoadOnStart": true,
                "dependsOnInputs": [
                  "Value"
                ]
              }
            }
          ]
        }
      }
    },
    {
      "name": "local-auth-sample-user-id",
      "displayName": "local-auth-sample-user-id",
      "resourceType": "Parameter",
      "state": "Running",
      "source": "Parameters:local-auth-sample-user-id",
      "healthStatus": "Healthy",
      "dashboardUrl": "https://localhost:17017/?resource=local-auth-sample-user-id",
      "relationships": [],
      "urls": [],
      "volumes": [],
      "properties": {
        "resource.source": "Parameters:local-auth-sample-user-id",
        "Value": "3f79c19a-b799-41df-9b61-a7a88997f5f6"
      },
      "environment": {},
      "healthReports": {},
      "commands": {
        "delete-parameter": {
          "displayName": "Delete parameter",
          "description": "Delete parameter value",
          "state": "Enabled",
          "sortOrder": 1,
          "argumentInputs": [
            {
              "name": "DeleteFromUserSecrets",
              "label": "Delete from user secrets",
              "description": "Delete a value that is saved in [user secrets](https://aka.ms/aspire/user-secrets).",
              "enableDescriptionMarkdown": true,
              "inputType": "Boolean",
              "dynamicLoading": {
                "alwaysLoadOnStart": true
              }
            }
          ]
        },
        "set-parameter": {
          "displayName": "Set parameter",
          "description": "Set parameter value",
          "state": "Enabled",
          "sortOrder": 0,
          "argumentInputs": [
            {
              "name": "Value",
              "label": "local-auth-sample-user-id",
              "inputType": "Text",
              "required": true,
              "placeholder": "Enter value for local-auth-sample-user-id",
              "dynamicLoading": {
                "alwaysLoadOnStart": true
              }
            },
            {
              "name": "SaveToUserSecrets",
              "label": "Save to user secrets",
              "description": "Save value to [user secrets](https://aka.ms/aspire/user-secrets) for future use.",
              "enableDescriptionMarkdown": true,
              "inputType": "Boolean",
              "dynamicLoading": {
                "alwaysLoadOnStart": true,
                "dependsOnInputs": [
                  "Value"
                ]
              }
            }
          ]
        }
      }
    },
    {
      "name": "local-auth-sample-username",
      "displayName": "local-auth-sample-username",
      "resourceType": "Parameter",
      "state": "Running",
      "source": "Parameters:local-auth-sample-username",
      "healthStatus": "Healthy",
      "dashboardUrl": "https://localhost:17017/?resource=local-auth-sample-username",
      "relationships": [],
      "urls": [],
      "volumes": [],
      "properties": {
        "resource.source": "Parameters:local-auth-sample-username",
        "Value": "tenant-a-user"
      },
      "environment": {},
      "healthReports": {},
      "commands": {
        "delete-parameter": {
          "displayName": "Delete parameter",
          "description": "Delete parameter value",
          "state": "Enabled",
          "sortOrder": 1,
          "argumentInputs": [
            {
              "name": "DeleteFromUserSecrets",
              "label": "Delete from user secrets",
              "description": "Delete a value that is saved in [user secrets](https://aka.ms/aspire/user-secrets).",
              "enableDescriptionMarkdown": true,
              "inputType": "Boolean",
              "dynamicLoading": {
                "alwaysLoadOnStart": true
              }
            }
          ]
        },
        "set-parameter": {
          "displayName": "Set parameter",
          "description": "Set parameter value",
          "state": "Enabled",
          "sortOrder": 0,
          "argumentInputs": [
            {
              "name": "Value",
              "label": "local-auth-sample-username",
              "inputType": "Text",
              "required": true,
              "placeholder": "Enter value for local-auth-sample-username",
              "dynamicLoading": {
                "alwaysLoadOnStart": true
              }
            },
            {
              "name": "SaveToUserSecrets",
              "label": "Save to user secrets",
              "description": "Save value to [user secrets](https://aka.ms/aspire/user-secrets) for future use.",
              "enableDescriptionMarkdown": true,
              "inputType": "Boolean",
              "dynamicLoading": {
                "alwaysLoadOnStart": true,
                "dependsOnInputs": [
                  "Value"
                ]
              }
            }
          ]
        }
      }
    },
    {
      "name": "local-auth-signing-key",
      "displayName": "local-auth-signing-key",
      "resourceType": "Parameter",
      "state": "Running",
      "source": "Parameters:local-auth-signing-key",
      "healthStatus": "Healthy",
      "dashboardUrl": "https://localhost:17017/?resource=local-auth-signing-key",
      "relationships": [],
      "urls": [],
      "volumes": [],
      "properties": {
        "resource.source": "Parameters:local-auth-signing-key",
        "Value": null
      },
      "environment": {},
      "healthReports": {},
      "commands": {
        "delete-parameter": {
          "displayName": "Delete parameter",
          "description": "Delete parameter value",
          "state": "Enabled",
          "sortOrder": 1,
          "argumentInputs": [
            {
              "name": "DeleteFromUserSecrets",
              "label": "Delete from user secrets",
              "description": "Delete a value that is saved in [user secrets](https://aka.ms/aspire/user-secrets).",
              "enableDescriptionMarkdown": true,
              "inputType": "Boolean",
              "dynamicLoading": {
                "alwaysLoadOnStart": true
              }
            }
          ]
        },
        "set-parameter": {
          "displayName": "Set parameter",
          "description": "Set parameter value",
          "state": "Enabled",
          "sortOrder": 0,
          "argumentInputs": [
            {
              "name": "Value",
              "label": "local-auth-signing-key",
              "inputType": "SecretText",
              "required": true,
              "placeholder": "Enter value for local-auth-signing-key",
              "dynamicLoading": {
                "alwaysLoadOnStart": true
              }
            },
            {
              "name": "SaveToUserSecrets",
              "label": "Save to user secrets",
              "description": "Save value to [user secrets](https://aka.ms/aspire/user-secrets) for future use.",
              "enableDescriptionMarkdown": true,
              "inputType": "Boolean",
              "dynamicLoading": {
                "alwaysLoadOnStart": true,
                "dependsOnInputs": [
                  "Value"
                ]
              }
            }
          ]
        }
      }
    },
    {
      "name": "local-auth-workload-client-secret",
      "displayName": "local-auth-workload-client-secret",
      "resourceType": "Parameter",
      "state": "Running",
      "source": "Parameters:local-auth-workload-client-secret",
      "healthStatus": "Healthy",
      "dashboardUrl": "https://localhost:17017/?resource=local-auth-workload-client-secret",
      "relationships": [],
      "urls": [],
      "volumes": [],
      "properties": {
        "resource.source": "Parameters:local-auth-workload-client-secret",
        "Value": null
      },
      "environment": {},
      "healthReports": {},
      "commands": {
        "delete-parameter": {
          "displayName": "Delete parameter",
          "description": "Delete parameter value",
          "state": "Enabled",
          "sortOrder": 1,
          "argumentInputs": [
            {
              "name": "DeleteFromUserSecrets",
              "label": "Delete from user secrets",
              "description": "Delete a value that is saved in [user secrets](https://aka.ms/aspire/user-secrets).",
              "enableDescriptionMarkdown": true,
              "inputType": "Boolean",
              "dynamicLoading": {
                "alwaysLoadOnStart": true
              }
            }
          ]
        },
        "set-parameter": {
          "displayName": "Set parameter",
          "description": "Set parameter value",
          "state": "Enabled",
          "sortOrder": 0,
          "argumentInputs": [
            {
              "name": "Value",
              "label": "local-auth-workload-client-secret",
              "inputType": "SecretText",
              "required": true,
              "placeholder": "Enter value for local-auth-workload-client-secret",
              "dynamicLoading": {
                "alwaysLoadOnStart": true
              }
            },
            {
              "name": "SaveToUserSecrets",
              "label": "Save to user secrets",
              "description": "Save value to [user secrets](https://aka.ms/aspire/user-secrets) for future use.",
              "enableDescriptionMarkdown": true,
              "inputType": "Boolean",
              "dynamicLoading": {
                "alwaysLoadOnStart": true,
                "dependsOnInputs": [
                  "Value"
                ]
              }
            }
          ]
        }
      }
    },
    {
      "name": "sample-api-dapr-cli-tbyuuwmf",
      "displayName": "sample-api-dapr-cli",
      "resourceType": "Executable",
      "state": "Running",
      "creationTimestamp": "2026-10-07T12:37:28+00:00",
      "startTimestamp": "2026-10-07T12:37:28.18+00:00",
      "source": "dapr",
      "healthStatus": "Healthy",
      "dashboardUrl": "https://localhost:17017/?resource=sample-api-dapr-cli-tbyuuwmf",
      "relationships": [
        {
          "type": "Parent",
          "resourceName": "sample-api-whtbwzqw"
        }
      ],
      "urls": [
        {
          "name": "metrics",
          "url": "http://localhost:45723"
        },
        {
          "name": "http",
          "url": "http://localhost:33671"
        },
        {
          "name": "grpc",
          "url": "http://localhost:43735"
        }
      ],
      "volumes": [],
      "properties": {
        "executable.args": null,
        "executable.path": "/usr/local/bin/dapr",
        "executable.pid": 99455,
        "executable.workDir": "/home/administrator/projects/hexalith/eventstore/src/Hexalith.EventStore.AppHost",
        "resource.appArgs": [
          "run",
          "--app-id",
          "sample-api",
          "--placement-host-address",
          "localhost:50005",
          "--scheduler-host-address",
          "localhost:50006",
          "--app-port",
          "5016",
          "--dapr-grpc-port",
          "26618",
          "--dapr-http-port",
          "26617",
          "--metrics-port",
          "26616",
          "--app-channel-address",
          "localhost",
          "--app-protocol",
          "http"
        ],
        "resource.appArgsSensitivity": [
          0,
          0,
          0,
          0,
          0,
          0,
          0,
          0,
          0,
          0,
          0,
          0,
          0,
          0,
          0,
          0,
          0,
          0,
          0
        ],
        "resource.parentName": "sample-api-whtbwzqw"
      },
      "environment": {
        "OTEL_BLRP_SCHEDULE_DELAY": "1000",
        "OTEL_BSP_SCHEDULE_DELAY": "1000",
        "OTEL_EXPORTER_OTLP_ENDPOINT": "https://localhost:21079",
        "OTEL_EXPORTER_OTLP_HEADERS": "x-otlp-api-key=669ef6e63e8b1245ad44bfa2bc30d2aa",
        "OTEL_EXPORTER_OTLP_PROTOCOL": "grpc",
        "OTEL_INSTRUMENTATION_GENAI_CAPTURE_MESSAGE_CONTENT": "true",
        "OTEL_METRIC_EXPORT_INTERVAL": "1000",
        "OTEL_METRICS_EXEMPLAR_FILTER": "trace_based",
        "OTEL_RESOURCE_ATTRIBUTES": "service.instance.id=tbyuuwmf",
        "OTEL_SERVICE_NAME": "sample-api-dapr-cli",
        "OTEL_TRACES_SAMPLER": "always_on",
        "SSL_CERT_DIR": "/tmp/aspire-dcpEvpPcw/sample-api-dapr-cli-tbyuuwmf/certs:/usr/lib/ssl/certs:/home/administrator/.aspnet/dev-certs/trust"
      },
      "healthReports": {},
      "commands": {
        "restart": {
          "displayName": "Restart",
          "description": "Restart resource",
          "state": "Enabled",
          "sortOrder": 2
        },
        "stop": {
          "displayName": "Stop",
          "description": "Stop resource",
          "state": "Enabled",
          "sortOrder": 1
        }
      }
    },
    {
      "name": "sample-api-whtbwzqw",
      "displayName": "sample-api",
      "resourceType": "Project",
      "state": "Running",
      "creationTimestamp": "2026-10-07T12:37:28+00:00",
      "startTimestamp": "2026-10-07T12:37:28.17+00:00",
      "source": "Hexalith.EventStore.Sample.Api.csproj",
      "healthStatus": "Healthy",
      "dashboardUrl": "https://localhost:17017/?resource=sample-api-whtbwzqw",
      "relationships": [
        {
          "type": "Reference",
          "resourceName": "eventstore-nvcfhppx"
        },
        {
          "type": "WaitFor",
          "resourceName": "eventstore-nvcfhppx"
        },
        {
          "type": "Reference",
          "resourceName": "security-pbrszbmx"
        },
        {
          "type": "WaitFor",
          "resourceName": "security-pbrszbmx"
        },
        {
          "type": "Reference",
          "resourceName": "security-pbrszbmx"
        },
        {
          "type": "Reference",
          "resourceName": "security-pbrszbmx"
        }
      ],
      "urls": [
        {
          "name": "http",
          "url": "http://localhost:5016"
        },
        {
          "name": "https",
          "url": "https://localhost:5015"
        }
      ],
      "volumes": [],
      "properties": {
        "executable.args": null,
        "executable.path": "dotnet",
        "executable.pid": 99405,
        "executable.workDir": "/home/administrator/projects/hexalith/eventstore/samples/Hexalith.EventStore.Sample.Api",
        "project.launchProfile": "https",
        "project.path": "/home/administrator/projects/hexalith/eventstore/samples/Hexalith.EventStore.Sample.Api/Hexalith.EventStore.Sample.Api.csproj",
        "resource.appArgs": [],
        "resource.appArgsSensitivity": [],
        "resource.launchConfigurationType": "project"
      },
      "environment": {
        "ASPNETCORE_ENVIRONMENT": "Development",
        "ASPNETCORE_HTTPS_PORT": "5015",
        "ASPNETCORE_URLS": "https://localhost:26644;http://localhost:26643",
        "Authentication__JwtBearer__AllowedAlgorithms__0": "RS256",
        "Authentication__JwtBearer__Audience": "hexalith-eventstore",
        "Authentication__JwtBearer__Authority": "https://localhost:8180/realms/hexalith",
        "Authentication__JwtBearer__Issuer": "https://localhost:8180/realms/hexalith",
        "Authentication__JwtBearer__RequireHttpsMetadata": "false",
        "Authentication__JwtBearer__SigningKey": "",
        "Authentication__JwtBearer__ValidAudiences__0": "hexalith-eventstore",
        "DAPR_GRPC_ENDPOINT": "http://localhost:43735",
        "DAPR_GRPC_PORT": "43735",
        "DAPR_HTTP_ENDPOINT": "http://localhost:33671",
        "DAPR_HTTP_PORT": "33671",
        "DOTNET_LAUNCH_PROFILE": "https",
        "DOTNET_SYSTEM_CONSOLE_ALLOW_ANSI_COLOR_REDIRECTION": "true",
        "EVENTSTORE_HTTP": "http://localhost:8080",
        "EVENTSTORE_HTTPS": "https://localhost:7141",
        "Kestrel__Certificates__Default__Path": "/tmp/aspire-dcpEvpPcw/sample-api-whtbwzqw/private/ED6C9438F604A23BCB61B2E08EE0F6E33DD3CA06.pfx",
        "LOGGING__CONSOLE__FORMATTERNAME": "simple",
        "OTEL_BLRP_SCHEDULE_DELAY": "1000",
        "OTEL_BSP_SCHEDULE_DELAY": "1000",
        "OTEL_DOTNET_EXPERIMENTAL_ASPNETCORE_DISABLE_URL_QUERY_REDACTION": "true",
        "OTEL_DOTNET_EXPERIMENTAL_HTTPCLIENT_DISABLE_URL_QUERY_REDACTION": "true",
        "OTEL_DOTNET_EXPERIMENTAL_OTLP_RETRY": "in_memory",
        "OTEL_EXPORTER_OTLP_ENDPOINT": "https://localhost:21079",
        "OTEL_EXPORTER_OTLP_HEADERS": "x-otlp-api-key=669ef6e63e8b1245ad44bfa2bc30d2aa",
        "OTEL_EXPORTER_OTLP_PROTOCOL": "grpc",
        "OTEL_INSTRUMENTATION_GENAI_CAPTURE_MESSAGE_CONTENT": "true",
        "OTEL_METRIC_EXPORT_INTERVAL": "1000",
        "OTEL_METRICS_EXEMPLAR_FILTER": "trace_based",
        "OTEL_RESOURCE_ATTRIBUTES": "service.instance.id=whtbwzqw",
        "OTEL_SERVICE_NAME": "sample-api",
        "OTEL_TRACES_SAMPLER": "always_on",
        "SECURITY_HTTP": "https://localhost:8180",
        "services__eventstore__http__0": "http://localhost:8080",
        "services__eventstore__https__0": "https://localhost:7141",
        "services__security__https__0": "https://localhost:8180",
        "SSL_CERT_DIR": "/tmp/aspire-dcpEvpPcw/sample-api-whtbwzqw/certs:/usr/lib/ssl/certs:/home/administrator/.aspnet/dev-certs/trust"
      },
      "healthReports": {},
      "commands": {
        "rebuild": {
          "displayName": "Rebuild",
          "description": "Stop the resource, rebuild the project from source, and restart. Use this to apply source code changes.",
          "state": "Enabled",
          "sortOrder": 3
        },
        "restart": {
          "displayName": "Restart",
          "description": "Restart resource. Source code is not recompiled.",
          "state": "Enabled",
          "sortOrder": 2
        },
        "stop": {
          "displayName": "Stop",
          "description": "Stop resource",
          "state": "Enabled",
          "sortOrder": 1
        }
      }
    },
    {
      "name": "sample-app-api-token",
      "displayName": "sample-app-api-token",
      "resourceType": "Parameter",
      "state": "Running",
      "source": "Parameters:sample-app-api-token",
      "healthStatus": "Healthy",
      "dashboardUrl": "https://localhost:17017/?resource=sample-app-api-token",
      "relationships": [],
      "urls": [],
      "volumes": [],
      "properties": {
        "resource.source": "Parameters:sample-app-api-token",
        "Value": null
      },
      "environment": {},
      "healthReports": {},
      "commands": {
        "delete-parameter": {
          "displayName": "Delete parameter",
          "description": "Delete parameter value",
          "state": "Enabled",
          "sortOrder": 1,
          "argumentInputs": [
            {
              "name": "DeleteFromUserSecrets",
              "label": "Delete from user secrets",
              "description": "Delete a value that is saved in [user secrets](https://aka.ms/aspire/user-secrets).",
              "enableDescriptionMarkdown": true,
              "inputType": "Boolean",
              "dynamicLoading": {
                "alwaysLoadOnStart": true
              }
            }
          ]
        },
        "set-parameter": {
          "displayName": "Set parameter",
          "description": "Set parameter value",
          "state": "Enabled",
          "sortOrder": 0,
          "argumentInputs": [
            {
              "name": "Value",
              "label": "sample-app-api-token",
              "inputType": "SecretText",
              "required": true,
              "placeholder": "Enter value for sample-app-api-token",
              "dynamicLoading": {
                "alwaysLoadOnStart": true
              }
            },
            {
              "name": "SaveToUserSecrets",
              "label": "Save to user secrets",
              "description": "Save value to [user secrets](https://aka.ms/aspire/user-secrets) for future use.",
              "enableDescriptionMarkdown": true,
              "inputType": "Boolean",
              "dynamicLoading": {
                "alwaysLoadOnStart": true,
                "dependsOnInputs": [
                  "Value"
                ]
              }
            }
          ]
        }
      }
    },
    {
      "name": "sample-blazor-ui-dapr-cli-xntddnjp",
      "displayName": "sample-blazor-ui-dapr-cli",
      "resourceType": "Executable",
      "state": "Running",
      "creationTimestamp": "2026-10-07T12:37:28+00:00",
      "startTimestamp": "2026-10-07T12:37:28.24+00:00",
      "source": "dapr",
      "healthStatus": "Healthy",
      "dashboardUrl": "https://localhost:17017/?resource=sample-blazor-ui-dapr-cli-xntddnjp",
      "relationships": [
        {
          "type": "Parent",
          "resourceName": "sample-blazor-ui-kzwegddg"
        }
      ],
      "urls": [
        {
          "name": "metrics",
          "url": "http://localhost:39977"
        },
        {
          "name": "http",
          "url": "http://localhost:33007"
        },
        {
          "name": "grpc",
          "url": "http://localhost:42011"
        }
      ],
      "volumes": [],
      "properties": {
        "executable.args": null,
        "executable.path": "/usr/local/bin/dapr",
        "executable.pid": 99564,
        "executable.workDir": "/home/administrator/projects/hexalith/eventstore/src/Hexalith.EventStore.AppHost",
        "resource.appArgs": [
          "run",
          "--app-id",
          "sample-blazor-ui",
          "--placement-host-address",
          "localhost:50005",
          "--scheduler-host-address",
          "localhost:50006",
          "--app-port",
          "5004",
          "--dapr-grpc-port",
          "26621",
          "--dapr-http-port",
          "26620",
          "--metrics-port",
          "26619",
          "--app-channel-address",
          "localhost",
          "--app-protocol",
          "http"
        ],
        "resource.appArgsSensitivity": [
          0,
          0,
          0,
          0,
          0,
          0,
          0,
          0,
          0,
          0,
          0,
          0,
          0,
          0,
          0,
          0,
          0,
          0,
          0
        ],
        "resource.parentName": "sample-blazor-ui-kzwegddg"
      },
      "environment": {
        "OTEL_BLRP_SCHEDULE_DELAY": "1000",
        "OTEL_BSP_SCHEDULE_DELAY": "1000",
        "OTEL_EXPORTER_OTLP_ENDPOINT": "https://localhost:21079",
        "OTEL_EXPORTER_OTLP_HEADERS": "x-otlp-api-key=669ef6e63e8b1245ad44bfa2bc30d2aa",
        "OTEL_EXPORTER_OTLP_PROTOCOL": "grpc",
        "OTEL_INSTRUMENTATION_GENAI_CAPTURE_MESSAGE_CONTENT": "true",
        "OTEL_METRIC_EXPORT_INTERVAL": "1000",
        "OTEL_METRICS_EXEMPLAR_FILTER": "trace_based",
        "OTEL_RESOURCE_ATTRIBUTES": "service.instance.id=xntddnjp",
        "OTEL_SERVICE_NAME": "sample-blazor-ui-dapr-cli",
        "OTEL_TRACES_SAMPLER": "always_on",
        "SSL_CERT_DIR": "/tmp/aspire-dcpEvpPcw/sample-blazor-ui-dapr-cli-xntddnjp/certs:/usr/lib/ssl/certs:/home/administrator/.aspnet/dev-certs/trust"
      },
      "healthReports": {},
      "commands": {
        "restart": {
          "displayName": "Restart",
          "description": "Restart resource",
          "state": "Enabled",
          "sortOrder": 2
        },
        "stop": {
          "displayName": "Stop",
          "description": "Stop resource",
          "state": "Enabled",
          "sortOrder": 1
        }
      }
    },
    {
      "name": "sample-blazor-ui-kzwegddg",
      "displayName": "sample-blazor-ui",
      "resourceType": "Project",
      "state": "Running",
      "creationTimestamp": "2026-10-07T12:37:28+00:00",
      "startTimestamp": "2026-10-07T12:37:28.24+00:00",
      "source": "Hexalith.EventStore.Sample.BlazorUI.csproj",
      "healthStatus": "Healthy",
      "dashboardUrl": "https://localhost:17017/?resource=sample-blazor-ui-kzwegddg",
      "relationships": [
        {
          "type": "Reference",
          "resourceName": "eventstore-nvcfhppx"
        },
        {
          "type": "WaitFor",
          "resourceName": "eventstore-nvcfhppx"
        },
        {
          "type": "Reference",
          "resourceName": "eventstore-nvcfhppx"
        },
        {
          "type": "Reference",
          "resourceName": "security-pbrszbmx"
        },
        {
          "type": "WaitFor",
          "resourceName": "security-pbrszbmx"
        },
        {
          "type": "Reference",
          "resourceName": "security-pbrszbmx"
        },
        {
          "type": "Reference",
          "resourceName": "security-pbrszbmx"
        },
        {
          "type": "Reference",
          "resourceName": "security-pbrszbmx"
        },
        {
          "type": "Reference",
          "resourceName": "local-auth-sample-username"
        },
        {
          "type": "Reference",
          "resourceName": "local-auth-sample-password"
        }
      ],
      "urls": [
        {
          "name": "http",
          "url": "http://localhost:5004"
        },
        {
          "name": "https",
          "url": "https://localhost:5003"
        }
      ],
      "volumes": [],
      "properties": {
        "executable.args": null,
        "executable.path": "dotnet",
        "executable.pid": 99579,
        "executable.workDir": "/home/administrator/projects/hexalith/eventstore/samples/Hexalith.EventStore.Sample.BlazorUI",
        "project.launchProfile": "https",
        "project.path": "/home/administrator/projects/hexalith/eventstore/samples/Hexalith.EventStore.Sample.BlazorUI/Hexalith.EventStore.Sample.BlazorUI.csproj",
        "resource.appArgs": [],
        "resource.appArgsSensitivity": [],
        "resource.launchConfigurationType": "project"
      },
      "environment": {
        "ASPNETCORE_ENVIRONMENT": "Development",
        "ASPNETCORE_HTTPS_PORT": "5003",
        "ASPNETCORE_URLS": "https://localhost:26646;http://localhost:26645",
        "DAPR_GRPC_ENDPOINT": "http://localhost:42011",
        "DAPR_GRPC_PORT": "42011",
        "DAPR_HTTP_ENDPOINT": "http://localhost:33007",
        "DAPR_HTTP_PORT": "33007",
        "DOTNET_LAUNCH_PROFILE": "https",
        "DOTNET_SYSTEM_CONSOLE_ALLOW_ANSI_COLOR_REDIRECTION": "true",
        "EventStore__Authentication__AllowedAlgorithms__0": "RS256",
        "EventStore__Authentication__Audience": "hexalith-eventstore",
        "EventStore__Authentication__Authority": "https://localhost:8180/realms/hexalith",
        "EventStore__Authentication__ClientId": "hexalith-eventstore",
        "EventStore__Authentication__ClientSecret": "",
        "EventStore__Authentication__GrantType": "password",
        "EventStore__Authentication__Issuer": "https://localhost:8180/realms/hexalith",
        "EventStore__Authentication__Password": null,
        "EventStore__Authentication__RequireHttpsMetadata": "false",
        "EventStore__Authentication__Scope": "openid",
        "EventStore__Authentication__SigningKey": "",
        "EventStore__Authentication__TokenEndpoint": "https://localhost:8180/realms/hexalith/protocol/openid-connect/token",
        "EventStore__Authentication__Username": "tenant-a-user",
        "EventStore__SignalR__HubUrl": "https://localhost:7141/hubs/projection-changes",
        "EVENTSTORE_HTTP": "http://localhost:8080",
        "EVENTSTORE_HTTPS": "https://localhost:7141",
        "Kestrel__Certificates__Default__Path": "/tmp/aspire-dcpEvpPcw/sample-blazor-ui-kzwegddg/private/ED6C9438F604A23BCB61B2E08EE0F6E33DD3CA06.pfx",
        "LOGGING__CONSOLE__FORMATTERNAME": "simple",
        "OTEL_BLRP_SCHEDULE_DELAY": "1000",
        "OTEL_BSP_SCHEDULE_DELAY": "1000",
        "OTEL_DOTNET_EXPERIMENTAL_ASPNETCORE_DISABLE_URL_QUERY_REDACTION": "true",
        "OTEL_DOTNET_EXPERIMENTAL_HTTPCLIENT_DISABLE_URL_QUERY_REDACTION": "true",
        "OTEL_DOTNET_EXPERIMENTAL_OTLP_RETRY": "in_memory",
        "OTEL_EXPORTER_OTLP_ENDPOINT": "https://localhost:21079",
        "OTEL_EXPORTER_OTLP_HEADERS": "x-otlp-api-key=669ef6e63e8b1245ad44bfa2bc30d2aa",
        "OTEL_EXPORTER_OTLP_PROTOCOL": "grpc",
        "OTEL_INSTRUMENTATION_GENAI_CAPTURE_MESSAGE_CONTENT": "true",
        "OTEL_METRIC_EXPORT_INTERVAL": "1000",
        "OTEL_METRICS_EXEMPLAR_FILTER": "trace_based",
        "OTEL_RESOURCE_ATTRIBUTES": "service.instance.id=kzwegddg",
        "OTEL_SERVICE_NAME": "sample-blazor-ui",
        "OTEL_TRACES_SAMPLER": "always_on",
        "SECURITY_HTTP": "https://localhost:8180",
        "services__eventstore__http__0": "http://localhost:8080",
        "services__eventstore__https__0": "https://localhost:7141",
        "services__security__https__0": "https://localhost:8180",
        "SSL_CERT_DIR": "/tmp/aspire-dcpEvpPcw/sample-blazor-ui-kzwegddg/certs:/usr/lib/ssl/certs:/home/administrator/.aspnet/dev-certs/trust"
      },
      "healthReports": {},
      "commands": {
        "rebuild": {
          "displayName": "Rebuild",
          "description": "Stop the resource, rebuild the project from source, and restart. Use this to apply source code changes.",
          "state": "Enabled",
          "sortOrder": 3
        },
        "restart": {
          "displayName": "Restart",
          "description": "Restart resource. Source code is not recompiled.",
          "state": "Enabled",
          "sortOrder": 2
        },
        "stop": {
          "displayName": "Stop",
          "description": "Stop resource",
          "state": "Enabled",
          "sortOrder": 1
        }
      }
    },
    {
      "name": "sample-dapr-cli-ttkuecyd",
      "displayName": "sample-dapr-cli",
      "resourceType": "Executable",
      "state": "Running",
      "creationTimestamp": "2026-10-07T12:37:28+00:00",
      "startTimestamp": "2026-10-07T12:37:28.16+00:00",
      "source": "dapr",
      "healthStatus": "Healthy",
      "dashboardUrl": "https://localhost:17017/?resource=sample-dapr-cli-ttkuecyd",
      "relationships": [
        {
          "type": "Parent",
          "resourceName": "sample-uufseamp"
        }
      ],
      "urls": [
        {
          "name": "metrics",
          "url": "http://localhost:34573"
        },
        {
          "name": "http",
          "url": "http://localhost:40523"
        },
        {
          "name": "grpc",
          "url": "http://localhost:37279"
        }
      ],
      "volumes": [],
      "properties": {
        "executable.args": null,
        "executable.path": "/usr/local/bin/dapr",
        "executable.pid": 99391,
        "executable.workDir": "/home/administrator/projects/hexalith/eventstore/src/Hexalith.EventStore.AppHost",
        "resource.appArgs": [
          "run",
          "--app-health-check-path",
          "/alive",
          "--app-id",
          "sample",
          "--config",
          "/home/administrator/projects/hexalith/eventstore/src/Hexalith.EventStore.AppHost/DaprComponents/accesscontrol.sample.yaml",
          "--enable-app-health-check",
          "--placement-host-address",
          "localhost:50005",
          "--resources-path",
          "/tmp/hexalith-eventstore-empty-dapr-resources",
          "--scheduler-host-address",
          "localhost:50006",
          "--app-port",
          "5189",
          "--dapr-grpc-port",
          "26624",
          "--dapr-http-port",
          "26623",
          "--metrics-port",
          "26622",
          "--app-channel-address",
          "localhost",
          "--app-protocol",
          "http"
        ],
        "resource.appArgsSensitivity": [
          0,
          0,
          0,
          0,
          0,
          0,
          0,
          0,
          0,
          0,
          0,
          0,
          0,
          0,
          0,
          0,
          0,
          0,
          0,
          0,
          0,
          0,
          0,
          0,
          0,
          0
        ],
        "resource.parentName": "sample-uufseamp"
      },
      "environment": {
        "APP_API_TOKEN": null,
        "OTEL_BLRP_SCHEDULE_DELAY": "1000",
        "OTEL_BSP_SCHEDULE_DELAY": "1000",
        "OTEL_EXPORTER_OTLP_ENDPOINT": "https://localhost:21079",
        "OTEL_EXPORTER_OTLP_HEADERS": "x-otlp-api-key=669ef6e63e8b1245ad44bfa2bc30d2aa",
        "OTEL_EXPORTER_OTLP_PROTOCOL": "grpc",
        "OTEL_INSTRUMENTATION_GENAI_CAPTURE_MESSAGE_CONTENT": "true",
        "OTEL_METRIC_EXPORT_INTERVAL": "1000",
        "OTEL_METRICS_EXEMPLAR_FILTER": "trace_based",
        "OTEL_RESOURCE_ATTRIBUTES": "service.instance.id=ttkuecyd",
        "OTEL_SERVICE_NAME": "sample-dapr-cli",
        "OTEL_TRACES_SAMPLER": "always_on",
        "SSL_CERT_DIR": "/tmp/aspire-dcpEvpPcw/sample-dapr-cli-ttkuecyd/certs:/usr/lib/ssl/certs:/home/administrator/.aspnet/dev-certs/trust"
      },
      "healthReports": {},
      "commands": {
        "restart": {
          "displayName": "Restart",
          "description": "Restart resource",
          "state": "Enabled",
          "sortOrder": 2
        },
        "stop": {
          "displayName": "Stop",
          "description": "Stop resource",
          "state": "Enabled",
          "sortOrder": 1
        }
      }
    },
    {
      "name": "sample-uufseamp",
      "displayName": "sample",
      "resourceType": "Project",
      "state": "Running",
      "creationTimestamp": "2026-10-07T12:37:28+00:00",
      "startTimestamp": "2026-10-07T12:37:28.2+00:00",
      "source": "Hexalith.EventStore.Sample.csproj",
      "healthStatus": "Healthy",
      "dashboardUrl": "https://localhost:17017/?resource=sample-uufseamp",
      "relationships": [
        {
          "type": "Reference",
          "resourceName": "eventstore-nvcfhppx"
        },
        {
          "type": "WaitFor",
          "resourceName": "eventstore-nvcfhppx"
        },
        {
          "type": "Reference",
          "resourceName": "security-pbrszbmx"
        },
        {
          "type": "WaitFor",
          "resourceName": "security-pbrszbmx"
        },
        {
          "type": "Reference",
          "resourceName": "security-pbrszbmx"
        },
        {
          "type": "Reference",
          "resourceName": "security-pbrszbmx"
        },
        {
          "type": "Reference",
          "resourceName": "sample-app-api-token"
        }
      ],
      "urls": [
        {
          "name": "http",
          "url": "http://localhost:5189"
        },
        {
          "name": "https",
          "url": "https://localhost:7157"
        }
      ],
      "volumes": [],
      "properties": {
        "executable.args": null,
        "executable.path": "dotnet",
        "executable.pid": 99490,
        "executable.workDir": "/home/administrator/projects/hexalith/eventstore/samples/Hexalith.EventStore.Sample",
        "project.launchProfile": "https",
        "project.path": "/home/administrator/projects/hexalith/eventstore/samples/Hexalith.EventStore.Sample/Hexalith.EventStore.Sample.csproj",
        "resource.appArgs": [],
        "resource.appArgsSensitivity": [],
        "resource.launchConfigurationType": "project"
      },
      "environment": {
        "APP_API_TOKEN": null,
        "ASPNETCORE_ENVIRONMENT": "Development",
        "ASPNETCORE_HTTPS_PORT": "7157",
        "ASPNETCORE_URLS": "https://localhost:26648;http://localhost:26647",
        "Authentication__JwtBearer__AllowedAlgorithms__0": "RS256",
        "Authentication__JwtBearer__Audience": "hexalith-eventstore",
        "Authentication__JwtBearer__Authority": "https://localhost:8180/realms/hexalith",
        "Authentication__JwtBearer__Issuer": "https://localhost:8180/realms/hexalith",
        "Authentication__JwtBearer__RequireHttpsMetadata": "false",
        "Authentication__JwtBearer__SigningKey": "",
        "Authentication__JwtBearer__ValidAudiences__0": "hexalith-eventstore",
        "DAPR_GRPC_ENDPOINT": "http://localhost:37279",
        "DAPR_GRPC_PORT": "37279",
        "DAPR_HTTP_ENDPOINT": "http://localhost:40523",
        "DAPR_HTTP_PORT": "40523",
        "DOTNET_LAUNCH_PROFILE": "https",
        "DOTNET_SYSTEM_CONSOLE_ALLOW_ANSI_COLOR_REDIRECTION": "true",
        "EventStore__DomainService__AppId": "sample",
        "EventStore__DomainService__ServiceVersion": "v1",
        "EVENTSTORE_HTTP": "http://localhost:8080",
        "EVENTSTORE_HTTPS": "https://localhost:7141",
        "Kestrel__Certificates__Default__Path": "/tmp/aspire-dcpEvpPcw/sample-uufseamp/private/ED6C9438F604A23BCB61B2E08EE0F6E33DD3CA06.pfx",
        "LOGGING__CONSOLE__FORMATTERNAME": "simple",
        "OTEL_BLRP_SCHEDULE_DELAY": "1000",
        "OTEL_BSP_SCHEDULE_DELAY": "1000",
        "OTEL_DOTNET_EXPERIMENTAL_ASPNETCORE_DISABLE_URL_QUERY_REDACTION": "true",
        "OTEL_DOTNET_EXPERIMENTAL_HTTPCLIENT_DISABLE_URL_QUERY_REDACTION": "true",
        "OTEL_DOTNET_EXPERIMENTAL_OTLP_RETRY": "in_memory",
        "OTEL_EXPORTER_OTLP_ENDPOINT": "https://localhost:21079",
        "OTEL_EXPORTER_OTLP_HEADERS": "x-otlp-api-key=669ef6e63e8b1245ad44bfa2bc30d2aa",
        "OTEL_EXPORTER_OTLP_PROTOCOL": "grpc",
        "OTEL_INSTRUMENTATION_GENAI_CAPTURE_MESSAGE_CONTENT": "true",
        "OTEL_METRIC_EXPORT_INTERVAL": "1000",
        "OTEL_METRICS_EXEMPLAR_FILTER": "trace_based",
        "OTEL_RESOURCE_ATTRIBUTES": "service.instance.id=uufseamp",
        "OTEL_SERVICE_NAME": "sample",
        "OTEL_TRACES_SAMPLER": "always_on",
        "SECURITY_HTTP": "https://localhost:8180",
        "services__eventstore__http__0": "http://localhost:8080",
        "services__eventstore__https__0": "https://localhost:7141",
        "services__security__https__0": "https://localhost:8180",
        "SSL_CERT_DIR": "/tmp/aspire-dcpEvpPcw/sample-uufseamp/certs:/usr/lib/ssl/certs:/home/administrator/.aspnet/dev-certs/trust"
      },
      "healthReports": {},
      "commands": {
        "rebuild": {
          "displayName": "Rebuild",
          "description": "Stop the resource, rebuild the project from source, and restart. Use this to apply source code changes.",
          "state": "Enabled",
          "sortOrder": 3
        },
        "restart": {
          "displayName": "Restart",
          "description": "Restart resource. Source code is not recompiled.",
          "state": "Enabled",
          "sortOrder": 2
        },
        "stop": {
          "displayName": "Stop",
          "description": "Stop resource",
          "state": "Enabled",
          "sortOrder": 1
        }
      }
    },
    {
      "name": "security-eventstore-client-password",
      "displayName": "security-eventstore-client-password",
      "resourceType": "Parameter",
      "state": "Running",
      "source": "Parameters:security-eventstore-client-password",
      "healthStatus": "Healthy",
      "dashboardUrl": "https://localhost:17017/?resource=security-eventstore-client-password",
      "relationships": [],
      "urls": [],
      "volumes": [],
      "properties": {
        "resource.source": "Parameters:security-eventstore-client-password",
        "Value": null
      },
      "environment": {},
      "healthReports": {},
      "commands": {
        "delete-parameter": {
          "displayName": "Delete parameter",
          "description": "Delete parameter value",
          "state": "Enabled",
          "sortOrder": 1,
          "argumentInputs": [
            {
              "name": "DeleteFromUserSecrets",
              "label": "Delete from user secrets",
              "description": "Delete a value that is saved in [user secrets](https://aka.ms/aspire/user-secrets).",
              "enableDescriptionMarkdown": true,
              "inputType": "Boolean",
              "dynamicLoading": {
                "alwaysLoadOnStart": true
              }
            }
          ]
        },
        "set-parameter": {
          "displayName": "Set parameter",
          "description": "Set parameter value",
          "state": "Enabled",
          "sortOrder": 0,
          "argumentInputs": [
            {
              "name": "Value",
              "label": "security-eventstore-client-password",
              "inputType": "SecretText",
              "required": true,
              "placeholder": "Enter value for security-eventstore-client-password",
              "dynamicLoading": {
                "alwaysLoadOnStart": true
              }
            },
            {
              "name": "SaveToUserSecrets",
              "label": "Save to user secrets",
              "description": "Save value to [user secrets](https://aka.ms/aspire/user-secrets) for future use.",
              "enableDescriptionMarkdown": true,
              "inputType": "Boolean",
              "dynamicLoading": {
                "alwaysLoadOnStart": true,
                "dependsOnInputs": [
                  "Value"
                ]
              }
            }
          ]
        }
      }
    },
    {
      "name": "security-eventstore-client-username",
      "displayName": "security-eventstore-client-username",
      "resourceType": "Parameter",
      "state": "Running",
      "source": "Parameters:security-eventstore-client-username",
      "healthStatus": "Healthy",
      "dashboardUrl": "https://localhost:17017/?resource=security-eventstore-client-username",
      "relationships": [],
      "urls": [],
      "volumes": [],
      "properties": {
        "resource.source": "Parameters:security-eventstore-client-username",
        "Value": null
      },
      "environment": {},
      "healthReports": {},
      "commands": {
        "delete-parameter": {
          "displayName": "Delete parameter",
          "description": "Delete parameter value",
          "state": "Enabled",
          "sortOrder": 1,
          "argumentInputs": [
            {
              "name": "DeleteFromUserSecrets",
              "label": "Delete from user secrets",
              "description": "Delete a value that is saved in [user secrets](https://aka.ms/aspire/user-secrets).",
              "enableDescriptionMarkdown": true,
              "inputType": "Boolean",
              "dynamicLoading": {
                "alwaysLoadOnStart": true
              }
            }
          ]
        },
        "set-parameter": {
          "displayName": "Set parameter",
          "description": "Set parameter value",
          "state": "Enabled",
          "sortOrder": 0,
          "argumentInputs": [
            {
              "name": "Value",
              "label": "security-eventstore-client-username",
              "inputType": "SecretText",
              "required": true,
              "placeholder": "Enter value for security-eventstore-client-username",
              "dynamicLoading": {
                "alwaysLoadOnStart": true
              }
            },
            {
              "name": "SaveToUserSecrets",
              "label": "Save to user secrets",
              "description": "Save value to [user secrets](https://aka.ms/aspire/user-secrets) for future use.",
              "enableDescriptionMarkdown": true,
              "inputType": "Boolean",
              "dynamicLoading": {
                "alwaysLoadOnStart": true,
                "dependsOnInputs": [
                  "Value"
                ]
              }
            }
          ]
        }
      }
    },
    {
      "name": "security-pbrszbmx",
      "displayName": "security",
      "resourceType": "Container",
      "state": "Running",
      "creationTimestamp": "2026-10-07T12:36:56+00:00",
      "startTimestamp": "2026-10-07T12:36:57.670671+00:00",
      "source": "quay.io/keycloak/keycloak:26.6",
      "healthStatus": "Healthy",
      "dashboardUrl": "https://localhost:17017/?resource=security-pbrszbmx",
      "relationships": [
        {
          "type": "Reference",
          "resourceName": "security-eventstore-client-username"
        },
        {
          "type": "Reference",
          "resourceName": "security-eventstore-client-password"
        }
      ],
      "urls": [
        {
          "name": "management",
          "url": "https://localhost:8543",
          "isInternal": true
        },
        {
          "name": "http",
          "url": "https://localhost:8180"
        }
      ],
      "volumes": [],
      "properties": {
        "container.args": null,
        "container.command": null,
        "container.id": "aef167e2802d367878cb22e1fc6ab4588cd533743c459b9170bc06041f633949",
        "container.image": "quay.io/keycloak/keycloak:26.6",
        "container.lifetime": "Session",
        "container.ports": [
          9000,
          8443
        ],
        "resource.appArgs": [
          "/opt/keycloak/bin/kc.sh",
          "start-dev"
        ],
        "resource.appArgsSensitivity": [
          0,
          0
        ]
      },
      "environment": {
        "HEXALITH_EVENTSTORE_CLIENT_PASSWORD": null,
        "HEXALITH_EVENTSTORE_CLIENT_USERNAME": null,
        "KC_BOOTSTRAP_ADMIN_PASSWORD": null,
        "KC_BOOTSTRAP_ADMIN_USERNAME": "admin",
        "KC_FEATURES": "opentelemetry",
        "KC_HEALTH_ENABLED": "true",
        "KC_HTTPS_CERTIFICATE_FILE": "/usr/lib/ssl/aspire/private/ED6C9438F604A23BCB61B2E08EE0F6E33DD3CA06.crt",
        "KC_HTTPS_CERTIFICATE_KEY_FILE": "/usr/lib/ssl/aspire/private/ED6C9438F604A23BCB61B2E08EE0F6E33DD3CA06.key",
        "KC_HTTPS_PORT": "8443",
        "OTEL_BLRP_SCHEDULE_DELAY": "1000",
        "OTEL_BSP_SCHEDULE_DELAY": "1000",
        "OTEL_EXPORTER_OTLP_ENDPOINT": "https://aspire.dev.internal:21079",
        "OTEL_EXPORTER_OTLP_HEADERS": "x-otlp-api-key=669ef6e63e8b1245ad44bfa2bc30d2aa",
        "OTEL_EXPORTER_OTLP_PROTOCOL": "grpc",
        "OTEL_INSTRUMENTATION_GENAI_CAPTURE_MESSAGE_CONTENT": "true",
        "OTEL_METRIC_EXPORT_INTERVAL": "1000",
        "OTEL_METRICS_EXEMPLAR_FILTER": "trace_based",
        "OTEL_RESOURCE_ATTRIBUTES": "service.instance.id=pbrszbmx",
        "OTEL_SERVICE_NAME": "security",
        "OTEL_TRACES_SAMPLER": "always_on",
        "SSL_CERT_DIR": "/usr/lib/ssl/aspire/certs:/etc/ssl/certs:/usr/local/share/ca-certificates:/etc/pki/tls/certs"
      },
      "healthReports": {
        "security_management_/health/ready_200_check": {
          "status": "Healthy"
        }
      },
      "commands": {
        "restart": {
          "displayName": "Restart",
          "description": "Restart resource",
          "state": "Enabled",
          "sortOrder": 2
        },
        "stop": {
          "displayName": "Stop",
          "description": "Stop resource",
          "state": "Enabled",
          "sortOrder": 1
        }
      }
    },
    {
      "name": "tenants-api-dapr-cli-cfqtawgj",
      "displayName": "tenants-api-dapr-cli",
      "resourceType": "Executable",
      "state": "Running",
      "creationTimestamp": "2026-10-07T12:37:28+00:00",
      "startTimestamp": "2026-10-07T12:37:28.23+00:00",
      "source": "dapr",
      "healthStatus": "Healthy",
      "dashboardUrl": "https://localhost:17017/?resource=tenants-api-dapr-cli-cfqtawgj",
      "relationships": [
        {
          "type": "Parent",
          "resourceName": "tenants-api-fkeysjjb"
        }
      ],
      "urls": [
        {
          "name": "metrics",
          "url": "http://localhost:46241"
        },
        {
          "name": "http",
          "url": "http://localhost:39107"
        },
        {
          "name": "grpc",
          "url": "http://localhost:32879"
        }
      ],
      "volumes": [],
      "properties": {
        "executable.args": null,
        "executable.path": "/usr/local/bin/dapr",
        "executable.pid": 99559,
        "executable.workDir": "/home/administrator/projects/hexalith/eventstore/src/Hexalith.EventStore.AppHost",
        "resource.appArgs": [
          "run",
          "--app-id",
          "tenants-api",
          "--placement-host-address",
          "localhost:50005",
          "--scheduler-host-address",
          "localhost:50006",
          "--app-port",
          "51096",
          "--dapr-grpc-port",
          "26627",
          "--dapr-http-port",
          "26626",
          "--metrics-port",
          "26625",
          "--app-channel-address",
          "localhost",
          "--app-protocol",
          "http"
        ],
        "resource.appArgsSensitivity": [
          0,
          0,
          0,
          0,
          0,
          0,
          0,
          0,
          0,
          0,
          0,
          0,
          0,
          0,
          0,
          0,
          0,
          0,
          0
        ],
        "resource.parentName": "tenants-api-fkeysjjb"
      },
      "environment": {
        "OTEL_BLRP_SCHEDULE_DELAY": "1000",
        "OTEL_BSP_SCHEDULE_DELAY": "1000",
        "OTEL_EXPORTER_OTLP_ENDPOINT": "https://localhost:21079",
        "OTEL_EXPORTER_OTLP_HEADERS": "x-otlp-api-key=669ef6e63e8b1245ad44bfa2bc30d2aa",
        "OTEL_EXPORTER_OTLP_PROTOCOL": "grpc",
        "OTEL_INSTRUMENTATION_GENAI_CAPTURE_MESSAGE_CONTENT": "true",
        "OTEL_METRIC_EXPORT_INTERVAL": "1000",
        "OTEL_METRICS_EXEMPLAR_FILTER": "trace_based",
        "OTEL_RESOURCE_ATTRIBUTES": "service.instance.id=cfqtawgj",
        "OTEL_SERVICE_NAME": "tenants-api-dapr-cli",
        "OTEL_TRACES_SAMPLER": "always_on",
        "SSL_CERT_DIR": "/tmp/aspire-dcpEvpPcw/tenants-api-dapr-cli-cfqtawgj/certs:/usr/lib/ssl/certs:/home/administrator/.aspnet/dev-certs/trust"
      },
      "healthReports": {},
      "commands": {
        "restart": {
          "displayName": "Restart",
          "description": "Restart resource",
          "state": "Enabled",
          "sortOrder": 2
        },
        "stop": {
          "displayName": "Stop",
          "description": "Stop resource",
          "state": "Enabled",
          "sortOrder": 1
        }
      }
    },
    {
      "name": "tenants-api-fkeysjjb",
      "displayName": "tenants-api",
      "resourceType": "Project",
      "state": "Running",
      "creationTimestamp": "2026-10-07T12:37:28+00:00",
      "startTimestamp": "2026-10-07T12:37:28.18+00:00",
      "source": "Hexalith.Tenants.Api.csproj",
      "healthStatus": "Healthy",
      "dashboardUrl": "https://localhost:17017/?resource=tenants-api-fkeysjjb",
      "relationships": [
        {
          "type": "Reference",
          "resourceName": "eventstore-nvcfhppx"
        },
        {
          "type": "WaitFor",
          "resourceName": "eventstore-nvcfhppx"
        },
        {
          "type": "Reference",
          "resourceName": "security-pbrszbmx"
        },
        {
          "type": "WaitFor",
          "resourceName": "security-pbrszbmx"
        },
        {
          "type": "Reference",
          "resourceName": "security-pbrszbmx"
        },
        {
          "type": "Reference",
          "resourceName": "security-pbrszbmx"
        }
      ],
      "urls": [
        {
          "name": "http",
          "url": "http://localhost:51096"
        },
        {
          "name": "https",
          "url": "https://localhost:51095"
        }
      ],
      "volumes": [],
      "properties": {
        "executable.args": null,
        "executable.path": "dotnet",
        "executable.pid": 99454,
        "executable.workDir": "/home/administrator/projects/hexalith/eventstore/references/Hexalith.Tenants/src/Hexalith.Tenants.Api",
        "project.launchProfile": "Hexalith.Tenants.Api",
        "project.path": "/home/administrator/projects/hexalith/eventstore/references/Hexalith.Tenants/src/Hexalith.Tenants.Api/Hexalith.Tenants.Api.csproj",
        "resource.appArgs": [],
        "resource.appArgsSensitivity": [],
        "resource.launchConfigurationType": "project"
      },
      "environment": {
        "ASPNETCORE_ENVIRONMENT": "Development",
        "ASPNETCORE_HTTPS_PORT": "51095",
        "ASPNETCORE_URLS": "https://localhost:26650;http://localhost:26649",
        "DAPR_GRPC_ENDPOINT": "http://localhost:32879",
        "DAPR_GRPC_PORT": "32879",
        "DAPR_HTTP_ENDPOINT": "http://localhost:39107",
        "DAPR_HTTP_PORT": "39107",
        "DOTNET_LAUNCH_PROFILE": "Hexalith.Tenants.Api",
        "DOTNET_SYSTEM_CONSOLE_ALLOW_ANSI_COLOR_REDIRECTION": "true",
        "EventStore__Authentication__AllowedAlgorithms__0": "RS256",
        "EventStore__Authentication__Audience": "hexalith-eventstore",
        "EventStore__Authentication__Authority": "https://localhost:8180/realms/hexalith",
        "EventStore__Authentication__Issuer": "https://localhost:8180/realms/hexalith",
        "EventStore__Authentication__RequireHttpsMetadata": "false",
        "EventStore__Authentication__SigningKey": "",
        "EVENTSTORE_HTTP": "http://localhost:8080",
        "EVENTSTORE_HTTPS": "https://localhost:7141",
        "Kestrel__Certificates__Default__Path": "/tmp/aspire-dcpEvpPcw/tenants-api-fkeysjjb/private/ED6C9438F604A23BCB61B2E08EE0F6E33DD3CA06.pfx",
        "LOGGING__CONSOLE__FORMATTERNAME": "simple",
        "OTEL_BLRP_SCHEDULE_DELAY": "1000",
        "OTEL_BSP_SCHEDULE_DELAY": "1000",
        "OTEL_DOTNET_EXPERIMENTAL_ASPNETCORE_DISABLE_URL_QUERY_REDACTION": "true",
        "OTEL_DOTNET_EXPERIMENTAL_HTTPCLIENT_DISABLE_URL_QUERY_REDACTION": "true",
        "OTEL_DOTNET_EXPERIMENTAL_OTLP_RETRY": "in_memory",
        "OTEL_EXPORTER_OTLP_ENDPOINT": "https://localhost:21079",
        "OTEL_EXPORTER_OTLP_HEADERS": "x-otlp-api-key=669ef6e63e8b1245ad44bfa2bc30d2aa",
        "OTEL_EXPORTER_OTLP_PROTOCOL": "grpc",
        "OTEL_INSTRUMENTATION_GENAI_CAPTURE_MESSAGE_CONTENT": "true",
        "OTEL_METRIC_EXPORT_INTERVAL": "1000",
        "OTEL_METRICS_EXEMPLAR_FILTER": "trace_based",
        "OTEL_RESOURCE_ATTRIBUTES": "service.instance.id=fkeysjjb",
        "OTEL_SERVICE_NAME": "tenants-api",
        "OTEL_TRACES_SAMPLER": "always_on",
        "SECURITY_HTTP": "https://localhost:8180",
        "services__eventstore__http__0": "http://localhost:8080",
        "services__eventstore__https__0": "https://localhost:7141",
        "services__security__https__0": "https://localhost:8180",
        "SSL_CERT_DIR": "/tmp/aspire-dcpEvpPcw/tenants-api-fkeysjjb/certs:/usr/lib/ssl/certs:/home/administrator/.aspnet/dev-certs/trust"
      },
      "healthReports": {},
      "commands": {
        "rebuild": {
          "displayName": "Rebuild",
          "description": "Stop the resource, rebuild the project from source, and restart. Use this to apply source code changes.",
          "state": "Enabled",
          "sortOrder": 3
        },
        "restart": {
          "displayName": "Restart",
          "description": "Restart resource. Source code is not recompiled.",
          "state": "Enabled",
          "sortOrder": 2
        },
        "stop": {
          "displayName": "Stop",
          "description": "Stop resource",
          "state": "Enabled",
          "sortOrder": 1
        }
      }
    },
    {
      "name": "tenants-app-api-token",
      "displayName": "tenants-app-api-token",
      "resourceType": "Parameter",
      "state": "Running",
      "source": "Parameters:tenants-app-api-token",
      "healthStatus": "Healthy",
      "dashboardUrl": "https://localhost:17017/?resource=tenants-app-api-token",
      "relationships": [],
      "urls": [],
      "volumes": [],
      "properties": {
        "resource.source": "Parameters:tenants-app-api-token",
        "Value": null
      },
      "environment": {},
      "healthReports": {},
      "commands": {
        "delete-parameter": {
          "displayName": "Delete parameter",
          "description": "Delete parameter value",
          "state": "Enabled",
          "sortOrder": 1,
          "argumentInputs": [
            {
              "name": "DeleteFromUserSecrets",
              "label": "Delete from user secrets",
              "description": "Delete a value that is saved in [user secrets](https://aka.ms/aspire/user-secrets).",
              "enableDescriptionMarkdown": true,
              "inputType": "Boolean",
              "dynamicLoading": {
                "alwaysLoadOnStart": true
              }
            }
          ]
        },
        "set-parameter": {
          "displayName": "Set parameter",
          "description": "Set parameter value",
          "state": "Enabled",
          "sortOrder": 0,
          "argumentInputs": [
            {
              "name": "Value",
              "label": "tenants-app-api-token",
              "inputType": "SecretText",
              "required": true,
              "placeholder": "Enter value for tenants-app-api-token",
              "dynamicLoading": {
                "alwaysLoadOnStart": true
              }
            },
            {
              "name": "SaveToUserSecrets",
              "label": "Save to user secrets",
              "description": "Save value to [user secrets](https://aka.ms/aspire/user-secrets) for future use.",
              "enableDescriptionMarkdown": true,
              "inputType": "Boolean",
              "dynamicLoading": {
                "alwaysLoadOnStart": true,
                "dependsOnInputs": [
                  "Value"
                ]
              }
            }
          ]
        }
      }
    },
    {
      "name": "tenants-dapr-cli-sphnkmmq",
      "displayName": "tenants-dapr-cli",
      "resourceType": "Executable",
      "state": "Running",
      "creationTimestamp": "2026-10-07T12:37:28+00:00",
      "startTimestamp": "2026-10-07T12:37:28.16+00:00",
      "source": "dapr",
      "healthStatus": "Healthy",
      "dashboardUrl": "https://localhost:17017/?resource=tenants-dapr-cli-sphnkmmq",
      "relationships": [
        {
          "type": "Parent",
          "resourceName": "tenants-kphdnwct"
        }
      ],
      "urls": [
        {
          "name": "metrics",
          "url": "http://localhost:45321"
        },
        {
          "name": "http",
          "url": "http://localhost:34293"
        },
        {
          "name": "grpc",
          "url": "http://localhost:35533"
        }
      ],
      "volumes": [],
      "properties": {
        "executable.args": null,
        "executable.path": "/usr/local/bin/dapr",
        "executable.pid": 99384,
        "executable.workDir": "/home/administrator/projects/hexalith/eventstore/src/Hexalith.EventStore.AppHost",
        "resource.appArgs": [
          "run",
          "--app-health-check-path",
          "/alive",
          "--app-id",
          "tenants",
          "--config",
          "/home/administrator/projects/hexalith/eventstore/src/Hexalith.EventStore.AppHost/DaprComponents/accesscontrol.tenants.yaml",
          "--enable-app-health-check",
          "--placement-host-address",
          "localhost:50005",
          "--resources-path",
          "/tmp/hexalith-eventstore-dapr-components/statestore",
          "--resources-path",
          "/tmp/aspire-dapr.xCNFvb/pubsub",
          "--scheduler-host-address",
          "localhost:50006",
          "--app-port",
          "61448",
          "--dapr-grpc-port",
          "26630",
          "--dapr-http-port",
          "26629",
          "--metrics-port",
          "26628",
          "--app-channel-address",
          "localhost",
          "--app-protocol",
          "http"
        ],
        "resource.appArgsSensitivity": [
          0,
          0,
          0,
          0,
          0,
          0,
          0,
          0,
          0,
          0,
          0,
          0,
          0,
          0,
          0,
          0,
          0,
          0,
          0,
          0,
          0,
          0,
          0,
          0,
          0,
          0,
          0,
          0
        ],
        "resource.parentName": "tenants-kphdnwct"
      },
      "environment": {
        "APP_API_TOKEN": null,
        "OTEL_BLRP_SCHEDULE_DELAY": "1000",
        "OTEL_BSP_SCHEDULE_DELAY": "1000",
        "OTEL_EXPORTER_OTLP_ENDPOINT": "https://localhost:21079",
        "OTEL_EXPORTER_OTLP_HEADERS": "x-otlp-api-key=669ef6e63e8b1245ad44bfa2bc30d2aa",
        "OTEL_EXPORTER_OTLP_PROTOCOL": "grpc",
        "OTEL_INSTRUMENTATION_GENAI_CAPTURE_MESSAGE_CONTENT": "true",
        "OTEL_METRIC_EXPORT_INTERVAL": "1000",
        "OTEL_METRICS_EXEMPLAR_FILTER": "trace_based",
        "OTEL_RESOURCE_ATTRIBUTES": "service.instance.id=sphnkmmq",
        "OTEL_SERVICE_NAME": "tenants-dapr-cli",
        "OTEL_TRACES_SAMPLER": "always_on",
        "SSL_CERT_DIR": "/tmp/aspire-dcpEvpPcw/tenants-dapr-cli-sphnkmmq/certs:/usr/lib/ssl/certs:/home/administrator/.aspnet/dev-certs/trust"
      },
      "healthReports": {},
      "commands": {
        "restart": {
          "displayName": "Restart",
          "description": "Restart resource",
          "state": "Enabled",
          "sortOrder": 2
        },
        "stop": {
          "displayName": "Stop",
          "description": "Stop resource",
          "state": "Enabled",
          "sortOrder": 1
        }
      }
    },
    {
      "name": "tenants-kphdnwct",
      "displayName": "tenants",
      "resourceType": "Project",
      "state": "Running",
      "creationTimestamp": "2026-10-07T12:37:28+00:00",
      "startTimestamp": "2026-10-07T12:37:28.22+00:00",
      "source": "Hexalith.Tenants.csproj",
      "healthStatus": "Healthy",
      "dashboardUrl": "https://localhost:17017/?resource=tenants-kphdnwct",
      "relationships": [
        {
          "type": "Reference",
          "resourceName": "eventstore-nvcfhppx"
        },
        {
          "type": "WaitFor",
          "resourceName": "eventstore-nvcfhppx"
        },
        {
          "type": "Reference",
          "resourceName": "local-auth-admin-user-id"
        },
        {
          "type": "Reference",
          "resourceName": "security-pbrszbmx"
        },
        {
          "type": "WaitFor",
          "resourceName": "security-pbrszbmx"
        },
        {
          "type": "Reference",
          "resourceName": "security-pbrszbmx"
        },
        {
          "type": "Reference",
          "resourceName": "security-pbrszbmx"
        },
        {
          "type": "Reference",
          "resourceName": "security-pbrszbmx"
        },
        {
          "type": "Reference",
          "resourceName": "local-auth-admin-username"
        },
        {
          "type": "Reference",
          "resourceName": "local-auth-admin-password"
        },
        {
          "type": "Reference",
          "resourceName": "tenants-app-api-token"
        }
      ],
      "urls": [
        {
          "name": "http",
          "url": "http://localhost:61448"
        },
        {
          "name": "https",
          "url": "https://localhost:61445"
        }
      ],
      "volumes": [],
      "properties": {
        "executable.args": null,
        "executable.path": "dotnet",
        "executable.pid": 99541,
        "executable.workDir": "/home/administrator/projects/hexalith/eventstore/references/Hexalith.Tenants/src/Hexalith.Tenants",
        "project.launchProfile": "Hexalith.Tenants",
        "project.path": "/home/administrator/projects/hexalith/eventstore/references/Hexalith.Tenants/src/Hexalith.Tenants/Hexalith.Tenants.csproj",
        "resource.appArgs": [],
        "resource.appArgsSensitivity": [],
        "resource.launchConfigurationType": "project"
      },
      "environment": {
        "APP_API_TOKEN": null,
        "ASPNETCORE_ENVIRONMENT": "Development",
        "ASPNETCORE_HTTPS_PORT": "61445",
        "ASPNETCORE_URLS": "https://localhost:26652;http://localhost:26651",
        "Authentication__JwtBearer__AllowedAlgorithms__0": "RS256",
        "Authentication__JwtBearer__Audience": "hexalith-eventstore",
        "Authentication__JwtBearer__Authority": "https://localhost:8180/realms/hexalith",
        "Authentication__JwtBearer__Issuer": "https://localhost:8180/realms/hexalith",
        "Authentication__JwtBearer__RequireHttpsMetadata": "false",
        "Authentication__JwtBearer__SigningKey": "",
        "DAPR_GRPC_ENDPOINT": "http://localhost:35533",
        "DAPR_GRPC_PORT": "35533",
        "DAPR_HTTP_ENDPOINT": "http://localhost:34293",
        "DAPR_HTTP_PORT": "34293",
        "DOTNET_LAUNCH_PROFILE": "Hexalith.Tenants",
        "DOTNET_SYSTEM_CONSOLE_ALLOW_ANSI_COLOR_REDIRECTION": "true",
        "EventStore__Authentication__Authority": "https://localhost:8180/realms/hexalith",
        "EventStore__Authentication__ClientId": "hexalith-eventstore",
        "EventStore__Authentication__Password": null,
        "EventStore__Authentication__Username": "local-5f27048e166e688924469fc2",
        "EventStore__DomainService__AppId": "tenants",
        "EventStore__DomainService__ServiceVersion": "v1",
        "EVENTSTORE_HTTP": "http://localhost:8080",
        "EVENTSTORE_HTTPS": "https://localhost:7141",
        "Kestrel__Certificates__Default__Path": "/tmp/aspire-dcpEvpPcw/tenants-kphdnwct/private/ED6C9438F604A23BCB61B2E08EE0F6E33DD3CA06.pfx",
        "LOGGING__CONSOLE__FORMATTERNAME": "simple",
        "OTEL_BLRP_SCHEDULE_DELAY": "1000",
        "OTEL_BSP_SCHEDULE_DELAY": "1000",
        "OTEL_DOTNET_EXPERIMENTAL_ASPNETCORE_DISABLE_URL_QUERY_REDACTION": "true",
        "OTEL_DOTNET_EXPERIMENTAL_HTTPCLIENT_DISABLE_URL_QUERY_REDACTION": "true",
        "OTEL_DOTNET_EXPERIMENTAL_OTLP_RETRY": "in_memory",
        "OTEL_EXPORTER_OTLP_ENDPOINT": "https://localhost:21079",
        "OTEL_EXPORTER_OTLP_HEADERS": "x-otlp-api-key=669ef6e63e8b1245ad44bfa2bc30d2aa",
        "OTEL_EXPORTER_OTLP_PROTOCOL": "grpc",
        "OTEL_INSTRUMENTATION_GENAI_CAPTURE_MESSAGE_CONTENT": "true",
        "OTEL_METRIC_EXPORT_INTERVAL": "1000",
        "OTEL_METRICS_EXEMPLAR_FILTER": "trace_based",
        "OTEL_RESOURCE_ATTRIBUTES": "service.instance.id=kphdnwct",
        "OTEL_SERVICE_NAME": "tenants",
        "OTEL_TRACES_SAMPLER": "always_on",
        "SECURITY_HTTP": "https://localhost:8180",
        "services__eventstore__http__0": "http://localhost:8080",
        "services__eventstore__https__0": "https://localhost:7141",
        "services__security__https__0": "https://localhost:8180",
        "SSL_CERT_DIR": "/tmp/aspire-dcpEvpPcw/tenants-kphdnwct/certs:/usr/lib/ssl/certs:/home/administrator/.aspnet/dev-certs/trust",
        "Tenants__BootstrapGlobalAdminUserId": "be1c1d62-3a8e-472b-861a-dc1b739b493a"
      },
      "healthReports": {},
      "commands": {
        "rebuild": {
          "displayName": "Rebuild",
          "description": "Stop the resource, rebuild the project from source, and restart. Use this to apply source code changes.",
          "state": "Enabled",
          "sortOrder": 3
        },
        "restart": {
          "displayName": "Restart",
          "description": "Restart resource. Source code is not recompiled.",
          "state": "Enabled",
          "sortOrder": 2
        },
        "stop": {
          "displayName": "Stop",
          "description": "Stop resource",
          "state": "Enabled",
          "sortOrder": 1
        }
      }
    }
  ]
}
