xUnit.net v3 In-Process Runner v4.0.1+8ed8aa354c (64-bit .NET 10.0.12)
  Discovering: Hexalith.EventStore.Server.Tests
  Discovered:  Hexalith.EventStore.Server.Tests
  Starting:    Hexalith.EventStore.Server.Tests
    Hexalith.EventStore.Server.Tests.Logging.StructuredLoggingCompletenessTests.EventsPersisted_LogContainsAllRequiredFields [FAIL]
      System.IO.FileNotFoundException : Could not load file or assembly 'Hexalith.Commons.UniqueIds, Version=3.117.1.0, Culture=neutral, PublicKeyToken=null'. The system cannot find the file specified.
      
      Stack Trace:
           at Hexalith.EventStore.Server.Events.EventPersister.PersistEventsAsync(AggregateIdentity identity, String aggregateType, CommandEnvelope command, DomainResult domainResult, String domainServiceVersion, CancellationToken cancellationToken)
           at System.Runtime.CompilerServices.AsyncMethodBuilderCore.Start[TStateMachine](TStateMachine& stateMachine)
           at Hexalith.EventStore.Server.Events.EventPersister.PersistEventsAsync(AggregateIdentity identity, String aggregateType, CommandEnvelope command, DomainResult domainResult, String domainServiceVersion, CancellationToken cancellationToken)
        tests/Hexalith.EventStore.Server.Tests/Logging/StructuredLoggingCompletenessTests.cs(172,0): at Hexalith.EventStore.Server.Tests.Logging.StructuredLoggingCompletenessTests.EventsPersisted_LogContainsAllRequiredFields()
        --- End of stack trace from previous location ---
    Hexalith.EventStore.Server.Tests.Events.EventPersisterTests.PersistEventsAsync_EmptyVersion_ThrowsArgumentException [FAIL]
      Shouldly.ShouldAssertException : Task `persister.PersistEventsAsync(TestIdentity, aggregateType: "test-domain", CreateTestCommand(), DomainResult.NoOp(), domainServiceVersion: "")`
          should throw
      System.ArgumentException
          but threw
      System.IO.FileNotFoundException
      Stack Trace:
        tests/Hexalith.EventStore.Server.Tests/Events/EventPersisterTests.cs(614,0): at Hexalith.EventStore.Server.Tests.Events.EventPersisterTests.PersistEventsAsync_EmptyVersion_ThrowsArgumentException()
           at System.Runtime.ExceptionServices.ExceptionDispatchInfo.Throw()
           at System.Runtime.CompilerServices.TaskAwaiter.ThrowForNonSuccess(Task task)
           at System.Runtime.CompilerServices.TaskAwaiter.HandleNonSuccessAndDebuggerNotification(Task task, ConfigureAwaitOptions options)
        --- End of stack trace from previous location ---
           at System.Runtime.ExceptionServices.ExceptionDispatchInfo.Throw()
           at System.Runtime.CompilerServices.TaskAwaiter.ThrowForNonSuccess(Task task)
           at System.Runtime.CompilerServices.TaskAwaiter.HandleNonSuccessAndDebuggerNotification(Task task, ConfigureAwaitOptions options)
    Hexalith.EventStore.Server.Tests.Events.EventPersisterTests.PersistEventsAsync_SequenceOverflowRefusesBeforeReservationOrWrite [FAIL]
      Shouldly.ShouldAssertException : Task `persister.PersistEventsAsync( TestIdentity, "test-domain", CreateTestCommand(), DomainResult.Success([new TestEvent()]), "v1")`
          should throw
      System.OverflowException
          but threw
      System.IO.FileNotFoundException
      Stack Trace:
        tests/Hexalith.EventStore.Server.Tests/Events/EventPersisterTests.cs(129,0): at Hexalith.EventStore.Server.Tests.Events.EventPersisterTests.PersistEventsAsync_SequenceOverflowRefusesBeforeReservationOrWrite()
           at System.Runtime.ExceptionServices.ExceptionDispatchInfo.Throw()
           at System.Runtime.CompilerServices.TaskAwaiter.ThrowForNonSuccess(Task task)
           at System.Runtime.CompilerServices.TaskAwaiter.HandleNonSuccessAndDebuggerNotification(Task task, ConfigureAwaitOptions options)
        --- End of stack trace from previous location ---
           at System.Runtime.ExceptionServices.ExceptionDispatchInfo.Throw()
           at System.Runtime.CompilerServices.TaskAwaiter.ThrowForNonSuccess(Task task)
           at System.Runtime.CompilerServices.TaskAwaiter.HandleNonSuccessAndDebuggerNotification(Task task, ConfigureAwaitOptions options)
    Hexalith.EventStore.Server.Tests.Events.EventPersisterTests.PersistEventsAsync_PopulatesAllPersistedMetadataFields [FAIL]
      System.IO.FileNotFoundException : Could not load file or assembly 'Hexalith.Commons.UniqueIds, Version=3.117.1.0, Culture=neutral, PublicKeyToken=null'. The system cannot find the file specified.
      
      Stack Trace:
           at Hexalith.EventStore.Server.Events.EventPersister.PersistEventsAsync(AggregateIdentity identity, String aggregateType, CommandEnvelope command, DomainResult domainResult, String domainServiceVersion, CancellationToken cancellationToken)
           at System.Runtime.CompilerServices.AsyncMethodBuilderCore.Start[TStateMachine](TStateMachine& stateMachine)
           at Hexalith.EventStore.Server.Events.EventPersister.PersistEventsAsync(AggregateIdentity identity, String aggregateType, CommandEnvelope command, DomainResult domainResult, String domainServiceVersion, CancellationToken cancellationToken)
        tests/Hexalith.EventStore.Server.Tests/Events/EventPersisterTests.cs(298,0): at Hexalith.EventStore.Server.Tests.Events.EventPersisterTests.PersistEventsAsync_PopulatesAllPersistedMetadataFields()
        --- End of stack trace from previous location ---
    Hexalith.EventStore.Server.Tests.Events.EventPersisterTests.PersistEventsAsync_PreservesValidRetainedFloorWhenAppendingThirteen(floor: 1) [FAIL]
      System.IO.FileNotFoundException : Could not load file or assembly 'Hexalith.Commons.UniqueIds, Version=3.117.1.0, Culture=neutral, PublicKeyToken=null'. The system cannot find the file specified.
      
      Stack Trace:
           at Hexalith.EventStore.Server.Events.EventPersister.PersistEventsAsync(AggregateIdentity identity, String aggregateType, CommandEnvelope command, DomainResult domainResult, String domainServiceVersion, CancellationToken cancellationToken)
           at System.Runtime.CompilerServices.AsyncMethodBuilderCore.Start[TStateMachine](TStateMachine& stateMachine)
           at Hexalith.EventStore.Server.Events.EventPersister.PersistEventsAsync(AggregateIdentity identity, String aggregateType, CommandEnvelope command, DomainResult domainResult, String domainServiceVersion, CancellationToken cancellationToken)
        tests/Hexalith.EventStore.Server.Tests/Events/EventPersisterTests.cs(169,0): at Hexalith.EventStore.Server.Tests.Events.EventPersisterTests.PersistEventsAsync_PreservesValidRetainedFloorWhenAppendingThirteen(Int64 floor)
        --- End of stack trace from previous location ---
    Hexalith.EventStore.Server.Tests.Events.EventPersisterTests.PersistEventsAsync_PreservesValidRetainedFloorWhenAppendingThirteen(floor: 5) [FAIL]
      System.IO.FileNotFoundException : Could not load file or assembly 'Hexalith.Commons.UniqueIds, Version=3.117.1.0, Culture=neutral, PublicKeyToken=null'. The system cannot find the file specified.
      
      Stack Trace:
           at Hexalith.EventStore.Server.Events.EventPersister.PersistEventsAsync(AggregateIdentity identity, String aggregateType, CommandEnvelope command, DomainResult domainResult, String domainServiceVersion, CancellationToken cancellationToken)
           at System.Runtime.CompilerServices.AsyncMethodBuilderCore.Start[TStateMachine](TStateMachine& stateMachine)
           at Hexalith.EventStore.Server.Events.EventPersister.PersistEventsAsync(AggregateIdentity identity, String aggregateType, CommandEnvelope command, DomainResult domainResult, String domainServiceVersion, CancellationToken cancellationToken)
        tests/Hexalith.EventStore.Server.Tests/Events/EventPersisterTests.cs(169,0): at Hexalith.EventStore.Server.Tests.Events.EventPersisterTests.PersistEventsAsync_PreservesValidRetainedFloorWhenAppendingThirteen(Int64 floor)
        --- End of stack trace from previous location ---
    Hexalith.EventStore.Server.Tests.Events.EventPersisterTests.PersistEventsAsync_PreservesValidRetainedFloorWhenAppendingThirteen(floor: 13) [FAIL]
      System.IO.FileNotFoundException : Could not load file or assembly 'Hexalith.Commons.UniqueIds, Version=3.117.1.0, Culture=neutral, PublicKeyToken=null'. The system cannot find the file specified.
      
      Stack Trace:
           at Hexalith.EventStore.Server.Events.EventPersister.PersistEventsAsync(AggregateIdentity identity, String aggregateType, CommandEnvelope command, DomainResult domainResult, String domainServiceVersion, CancellationToken cancellationToken)
           at System.Runtime.CompilerServices.AsyncMethodBuilderCore.Start[TStateMachine](TStateMachine& stateMachine)
           at Hexalith.EventStore.Server.Events.EventPersister.PersistEventsAsync(AggregateIdentity identity, String aggregateType, CommandEnvelope command, DomainResult domainResult, String domainServiceVersion, CancellationToken cancellationToken)
        tests/Hexalith.EventStore.Server.Tests/Events/EventPersisterTests.cs(169,0): at Hexalith.EventStore.Server.Tests.Events.EventPersisterTests.PersistEventsAsync_PreservesValidRetainedFloorWhenAppendingThirteen(Int64 floor)
        --- End of stack trace from previous location ---
    Hexalith.EventStore.Server.Tests.Events.EventPersisterTests.PersistEventsAsync_PopulatesAggregateTypeFromParameter_NotFromDomain [FAIL]
      System.IO.FileNotFoundException : Could not load file or assembly 'Hexalith.Commons.UniqueIds, Version=3.117.1.0, Culture=neutral, PublicKeyToken=null'. The system cannot find the file specified.
      
      Stack Trace:
           at Hexalith.EventStore.Server.Events.EventPersister.PersistEventsAsync(AggregateIdentity identity, String aggregateType, CommandEnvelope command, DomainResult domainResult, String domainServiceVersion, CancellationToken cancellationToken)
           at System.Runtime.CompilerServices.AsyncMethodBuilderCore.Start[TStateMachine](TStateMachine& stateMachine)
           at Hexalith.EventStore.Server.Events.EventPersister.PersistEventsAsync(AggregateIdentity identity, String aggregateType, CommandEnvelope command, DomainResult domainResult, String domainServiceVersion, CancellationToken cancellationToken)
        tests/Hexalith.EventStore.Server.Tests/Events/EventPersisterTests.cs(655,0): at Hexalith.EventStore.Server.Tests.Events.EventPersisterTests.PersistEventsAsync_PopulatesAggregateTypeFromParameter_NotFromDomain()
        --- End of stack trace from previous location ---
    Hexalith.EventStore.Server.Tests.Events.EventPersisterTests.PersistEventsAsync_MultipleEvents_AssignsContiguousGlobalPositions [FAIL]
      System.IO.FileNotFoundException : Could not load file or assembly 'Hexalith.Commons.UniqueIds, Version=3.117.1.0, Culture=neutral, PublicKeyToken=null'. The system cannot find the file specified.
      
      Stack Trace:
           at Hexalith.EventStore.Server.Events.EventPersister.PersistEventsAsync(AggregateIdentity identity, String aggregateType, CommandEnvelope command, DomainResult domainResult, String domainServiceVersion, CancellationToken cancellationToken)
           at System.Runtime.CompilerServices.AsyncMethodBuilderCore.Start[TStateMachine](TStateMachine& stateMachine)
           at Hexalith.EventStore.Server.Events.EventPersister.PersistEventsAsync(AggregateIdentity identity, String aggregateType, CommandEnvelope command, DomainResult domainResult, String domainServiceVersion, CancellationToken cancellationToken)
        tests/Hexalith.EventStore.Server.Tests/Events/EventPersisterTests.cs(406,0): at Hexalith.EventStore.Server.Tests.Events.EventPersisterTests.PersistEventsAsync_MultipleEvents_AssignsContiguousGlobalPositions()
        --- End of stack trace from previous location ---
    Hexalith.EventStore.Server.Tests.Events.EventPersisterTests.PersistEventsAsync_WhitespaceVersion_ThrowsArgumentException [FAIL]
      Shouldly.ShouldAssertException : Task `persister.PersistEventsAsync(TestIdentity, aggregateType: "test-domain", CreateTestCommand(), DomainResult.NoOp(), domainServiceVersion: " ")`
          should throw
      System.ArgumentException
          but threw
      System.IO.FileNotFoundException
      Stack Trace:
        tests/Hexalith.EventStore.Server.Tests/Events/EventPersisterTests.cs(621,0): at Hexalith.EventStore.Server.Tests.Events.EventPersisterTests.PersistEventsAsync_WhitespaceVersion_ThrowsArgumentException()
           at System.Runtime.ExceptionServices.ExceptionDispatchInfo.Throw()
           at System.Runtime.CompilerServices.TaskAwaiter.ThrowForNonSuccess(Task task)
           at System.Runtime.CompilerServices.TaskAwaiter.HandleNonSuccessAndDebuggerNotification(Task task, ConfigureAwaitOptions options)
        --- End of stack trace from previous location ---
           at System.Runtime.ExceptionServices.ExceptionDispatchInfo.Throw()
           at System.Runtime.CompilerServices.TaskAwaiter.ThrowForNonSuccess(Task task)
           at System.Runtime.CompilerServices.TaskAwaiter.HandleNonSuccessAndDebuggerNotification(Task task, ConfigureAwaitOptions options)
    Hexalith.EventStore.Server.Tests.Events.EventPersisterTests.PersistEventsAsync_PreservesAuthoritativeRetainedFloor [FAIL]
      System.IO.FileNotFoundException : Could not load file or assembly 'Hexalith.Commons.UniqueIds, Version=3.117.1.0, Culture=neutral, PublicKeyToken=null'. The system cannot find the file specified.
      
      Stack Trace:
           at Hexalith.EventStore.Server.Events.EventPersister.PersistEventsAsync(AggregateIdentity identity, String aggregateType, CommandEnvelope command, DomainResult domainResult, String domainServiceVersion, CancellationToken cancellationToken)
           at System.Runtime.CompilerServices.AsyncMethodBuilderCore.Start[TStateMachine](TStateMachine& stateMachine)
           at Hexalith.EventStore.Server.Events.EventPersister.PersistEventsAsync(AggregateIdentity identity, String aggregateType, CommandEnvelope command, DomainResult domainResult, String domainServiceVersion, CancellationToken cancellationToken)
        tests/Hexalith.EventStore.Server.Tests/Events/EventPersisterTests.cs(226,0): at Hexalith.EventStore.Server.Tests.Events.EventPersisterTests.PersistEventsAsync_PreservesAuthoritativeRetainedFloor()
        --- End of stack trace from previous location ---
    Hexalith.EventStore.Server.Tests.Events.EventPersisterTests.PersistEventsAsync_EmptyAggregateType_ThrowsArgumentException [FAIL]
      Shouldly.ShouldAssertException : Task `persister.PersistEventsAsync(TestIdentity, aggregateType: string.Empty, CreateTestCommand(), DomainResult.NoOp(), domainServiceVersion: "v1")`
          should throw
      System.ArgumentException
          but threw
      System.IO.FileNotFoundException
      Stack Trace:
        tests/Hexalith.EventStore.Server.Tests/Events/EventPersisterTests.cs(577,0): at Hexalith.EventStore.Server.Tests.Events.EventPersisterTests.PersistEventsAsync_EmptyAggregateType_ThrowsArgumentException()
           at System.Runtime.ExceptionServices.ExceptionDispatchInfo.Throw()
           at System.Runtime.CompilerServices.TaskAwaiter.ThrowForNonSuccess(Task task)
           at System.Runtime.CompilerServices.TaskAwaiter.HandleNonSuccessAndDebuggerNotification(Task task, ConfigureAwaitOptions options)
        --- End of stack trace from previous location ---
           at System.Runtime.ExceptionServices.ExceptionDispatchInfo.Throw()
           at System.Runtime.CompilerServices.TaskAwaiter.ThrowForNonSuccess(Task task)
           at System.Runtime.CompilerServices.TaskAwaiter.HandleNonSuccessAndDebuggerNotification(Task task, ConfigureAwaitOptions options)
    Hexalith.EventStore.Server.Tests.Events.EventPersisterTests.PersistEventsAsync_Timestamp_IsUtcWithZeroOffset [FAIL]
      System.IO.FileNotFoundException : Could not load file or assembly 'Hexalith.Commons.UniqueIds, Version=3.117.1.0, Culture=neutral, PublicKeyToken=null'. The system cannot find the file specified.
      
      Stack Trace:
           at Hexalith.EventStore.Server.Events.EventPersister.PersistEventsAsync(AggregateIdentity identity, String aggregateType, CommandEnvelope command, DomainResult domainResult, String domainServiceVersion, CancellationToken cancellationToken)
           at System.Runtime.CompilerServices.AsyncMethodBuilderCore.Start[TStateMachine](TStateMachine& stateMachine)
           at Hexalith.EventStore.Server.Events.EventPersister.PersistEventsAsync(AggregateIdentity identity, String aggregateType, CommandEnvelope command, DomainResult domainResult, String domainServiceVersion, CancellationToken cancellationToken)
        tests/Hexalith.EventStore.Server.Tests/Events/EventPersisterTests.cs(681,0): at Hexalith.EventStore.Server.Tests.Events.EventPersisterTests.PersistEventsAsync_Timestamp_IsUtcWithZeroOffset()
        --- End of stack trace from previous location ---
    Hexalith.EventStore.Server.Tests.Events.EventPersisterTests.PersistEventsAsync_UnsolicitedV2_RejectsBeforeAnyDurableOrProtectionWork [FAIL]
      Shouldly.ShouldAssertException : Task `persister.PersistEventsAsync( TestIdentity, "order", CreateTestCommand(), DomainResult.Success([serialized]), "v2")`
          should throw
      System.InvalidOperationException
          but threw
      System.IO.FileNotFoundException
      Stack Trace:
        tests/Hexalith.EventStore.Server.Tests/Events/EventPersisterTests.cs(332,0): at Hexalith.EventStore.Server.Tests.Events.EventPersisterTests.PersistEventsAsync_UnsolicitedV2_RejectsBeforeAnyDurableOrProtectionWork()
           at System.Runtime.ExceptionServices.ExceptionDispatchInfo.Throw()
           at System.Runtime.CompilerServices.TaskAwaiter.ThrowForNonSuccess(Task task)
           at System.Runtime.CompilerServices.TaskAwaiter.HandleNonSuccessAndDebuggerNotification(Task task, ConfigureAwaitOptions options)
        --- End of stack trace from previous location ---
           at System.Runtime.ExceptionServices.ExceptionDispatchInfo.Throw()
           at System.Runtime.CompilerServices.TaskAwaiter.ThrowForNonSuccess(Task task)
           at System.Runtime.CompilerServices.TaskAwaiter.HandleNonSuccessAndDebuggerNotification(Task task, ConfigureAwaitOptions options)
    Hexalith.EventStore.Server.Tests.Events.EventPersisterTests.PersistEventsAsync_NullDomainResult_ThrowsArgumentNullException [FAIL]
      Shouldly.ShouldAssertException : Task `persister.PersistEventsAsync(TestIdentity, aggregateType: "test-domain", CreateTestCommand(), domainResult: null!, domainServiceVersion: "v1")`
          should throw
      System.ArgumentNullException
          but threw
      System.IO.FileNotFoundException
      Stack Trace:
        tests/Hexalith.EventStore.Server.Tests/Events/EventPersisterTests.cs(598,0): at Hexalith.EventStore.Server.Tests.Events.EventPersisterTests.PersistEventsAsync_NullDomainResult_ThrowsArgumentNullException()
           at System.Runtime.ExceptionServices.ExceptionDispatchInfo.Throw()
           at System.Runtime.CompilerServices.TaskAwaiter.ThrowForNonSuccess(Task task)
           at System.Runtime.CompilerServices.TaskAwaiter.HandleNonSuccessAndDebuggerNotification(Task task, ConfigureAwaitOptions options)
        --- End of stack trace from previous location ---
           at System.Runtime.ExceptionServices.ExceptionDispatchInfo.Throw()
           at System.Runtime.CompilerServices.TaskAwaiter.ThrowForNonSuccess(Task task)
           at System.Runtime.CompilerServices.TaskAwaiter.HandleNonSuccessAndDebuggerNotification(Task task, ConfigureAwaitOptions options)
    Hexalith.EventStore.Server.Tests.Events.EventPersisterTests.PersistEventsAsync_NewAggregate_FirstEventGetsSequence1 [FAIL]
      System.IO.FileNotFoundException : Could not load file or assembly 'Hexalith.Commons.UniqueIds, Version=3.117.1.0, Culture=neutral, PublicKeyToken=null'. The system cannot find the file specified.
      
      Stack Trace:
           at Hexalith.EventStore.Server.Events.EventPersister.PersistEventsAsync(AggregateIdentity identity, String aggregateType, CommandEnvelope command, DomainResult domainResult, String domainServiceVersion, CancellationToken cancellationToken)
           at System.Runtime.CompilerServices.AsyncMethodBuilderCore.Start[TStateMachine](TStateMachine& stateMachine)
           at Hexalith.EventStore.Server.Events.EventPersister.PersistEventsAsync(AggregateIdentity identity, String aggregateType, CommandEnvelope command, DomainResult domainResult, String domainServiceVersion, CancellationToken cancellationToken)
        tests/Hexalith.EventStore.Server.Tests/Events/EventPersisterTests.cs(189,0): at Hexalith.EventStore.Server.Tests.Events.EventPersisterTests.PersistEventsAsync_NewAggregate_FirstEventGetsSequence1()
        --- End of stack trace from previous location ---
    Hexalith.EventStore.Server.Tests.Events.EventPersisterTests.PersistEventsAsync_WhitespaceAggregateType_ThrowsArgumentException [FAIL]
      Shouldly.ShouldAssertException : Task `persister.PersistEventsAsync(TestIdentity, aggregateType: " ", CreateTestCommand(), DomainResult.NoOp(), domainServiceVersion: "v1")`
          should throw
      System.ArgumentException
          but threw
      System.IO.FileNotFoundException
      Stack Trace:
        tests/Hexalith.EventStore.Server.Tests/Events/EventPersisterTests.cs(584,0): at Hexalith.EventStore.Server.Tests.Events.EventPersisterTests.PersistEventsAsync_WhitespaceAggregateType_ThrowsArgumentException()
           at System.Runtime.ExceptionServices.ExceptionDispatchInfo.Throw()
           at System.Runtime.CompilerServices.TaskAwaiter.ThrowForNonSuccess(Task task)
           at System.Runtime.CompilerServices.TaskAwaiter.HandleNonSuccessAndDebuggerNotification(Task task, ConfigureAwaitOptions options)
        --- End of stack trace from previous location ---
           at System.Runtime.ExceptionServices.ExceptionDispatchInfo.Throw()
           at System.Runtime.CompilerServices.TaskAwaiter.ThrowForNonSuccess(Task task)
           at System.Runtime.CompilerServices.TaskAwaiter.HandleNonSuccessAndDebuggerNotification(Task task, ConfigureAwaitOptions options)
    Hexalith.EventStore.Server.Tests.Events.EventPersisterTests.PersistEventsAsync_PreCanceledRequestDoesNotReadOrStageState [FAIL]
      Shouldly.ShouldAssertException : Task `persister.PersistEventsAsync( TestIdentity, "test-domain", CreateTestCommand(), DomainResult.Success([new TestEvent()]), "v1", cancellation.Token)`
          should throw
      System.OperationCanceledException
          but threw
      System.IO.FileNotFoundException
      Stack Trace:
        tests/Hexalith.EventStore.Server.Tests/Events/EventPersisterTests.cs(95,0): at Hexalith.EventStore.Server.Tests.Events.EventPersisterTests.PersistEventsAsync_PreCanceledRequestDoesNotReadOrStageState()
           at System.Runtime.ExceptionServices.ExceptionDispatchInfo.Throw()
           at System.Runtime.CompilerServices.TaskAwaiter.ThrowForNonSuccess(Task task)
           at System.Runtime.CompilerServices.TaskAwaiter.HandleNonSuccessAndDebuggerNotification(Task task, ConfigureAwaitOptions options)
        --- End of stack trace from previous location ---
           at System.Runtime.ExceptionServices.ExceptionDispatchInfo.Throw()
           at System.Runtime.CompilerServices.TaskAwaiter.ThrowForNonSuccess(Task task)
           at System.Runtime.CompilerServices.TaskAwaiter.HandleNonSuccessAndDebuggerNotification(Task task, ConfigureAwaitOptions options)
    Hexalith.EventStore.Server.Tests.Events.EventPersisterTests.PersistEventsAsync_InvalidVersionMetadata_RejectsBeforeReservationOrWrite(metadataVersion: 0, eventContractType: null, payloadVersion: null) [FAIL]
      Shouldly.ShouldAssertException : Task `persister.PersistEventsAsync( TestIdentity, "order", CreateTestCommand(), DomainResult.Success([serialized]), "v2")`
          should throw
      System.ArgumentException
          but threw
      System.IO.FileNotFoundException
      Stack Trace:
        tests/Hexalith.EventStore.Server.Tests/Events/EventPersisterTests.cs(361,0): at Hexalith.EventStore.Server.Tests.Events.EventPersisterTests.PersistEventsAsync_InvalidVersionMetadata_RejectsBeforeReservationOrWrite(Int32 metadataVersion, String eventContractType, Nullable`1 payloadVersion)
           at System.Runtime.ExceptionServices.ExceptionDispatchInfo.Throw()
           at System.Runtime.CompilerServices.TaskAwaiter.ThrowForNonSuccess(Task task)
           at System.Runtime.CompilerServices.TaskAwaiter.HandleNonSuccessAndDebuggerNotification(Task task, ConfigureAwaitOptions options)
        --- End of stack trace from previous location ---
           at System.Runtime.ExceptionServices.ExceptionDispatchInfo.Throw()
           at System.Runtime.CompilerServices.TaskAwaiter.ThrowForNonSuccess(Task task)
           at System.Runtime.CompilerServices.TaskAwaiter.HandleNonSuccessAndDebuggerNotification(Task task, ConfigureAwaitOptions options)
    Hexalith.EventStore.Server.Tests.Events.EventPersisterTests.PersistEventsAsync_InvalidVersionMetadata_RejectsBeforeReservationOrWrite(metadataVersion: 3, eventContractType: null, payloadVersion: null) [FAIL]
      Shouldly.ShouldAssertException : Task `persister.PersistEventsAsync( TestIdentity, "order", CreateTestCommand(), DomainResult.Success([serialized]), "v2")`
          should throw
      System.ArgumentException
          but threw
      System.IO.FileNotFoundException
      Stack Trace:
        tests/Hexalith.EventStore.Server.Tests/Events/EventPersisterTests.cs(361,0): at Hexalith.EventStore.Server.Tests.Events.EventPersisterTests.PersistEventsAsync_InvalidVersionMetadata_RejectsBeforeReservationOrWrite(Int32 metadataVersion, String eventContractType, Nullable`1 payloadVersion)
           at System.Runtime.ExceptionServices.ExceptionDispatchInfo.Throw()
           at System.Runtime.CompilerServices.TaskAwaiter.ThrowForNonSuccess(Task task)
           at System.Runtime.CompilerServices.TaskAwaiter.HandleNonSuccessAndDebuggerNotification(Task task, ConfigureAwaitOptions options)
        --- End of stack trace from previous location ---
           at System.Runtime.ExceptionServices.ExceptionDispatchInfo.Throw()
           at System.Runtime.CompilerServices.TaskAwaiter.ThrowForNonSuccess(Task task)
           at System.Runtime.CompilerServices.TaskAwaiter.HandleNonSuccessAndDebuggerNotification(Task task, ConfigureAwaitOptions options)
    Hexalith.EventStore.Server.Tests.Events.EventPersisterTests.PersistEventsAsync_InvalidVersionMetadata_RejectsBeforeReservationOrWrite(metadataVersion: 1, eventContractType: "order-created", payloadVersion: null) [FAIL]
      Shouldly.ShouldAssertException : Task `persister.PersistEventsAsync( TestIdentity, "order", CreateTestCommand(), DomainResult.Success([serialized]), "v2")`
          should throw
      System.ArgumentException
          but threw
      System.IO.FileNotFoundException
      Stack Trace:
        tests/Hexalith.EventStore.Server.Tests/Events/EventPersisterTests.cs(361,0): at Hexalith.EventStore.Server.Tests.Events.EventPersisterTests.PersistEventsAsync_InvalidVersionMetadata_RejectsBeforeReservationOrWrite(Int32 metadataVersion, String eventContractType, Nullable`1 payloadVersion)
           at System.Runtime.ExceptionServices.ExceptionDispatchInfo.Throw()
           at System.Runtime.CompilerServices.TaskAwaiter.ThrowForNonSuccess(Task task)
           at System.Runtime.CompilerServices.TaskAwaiter.HandleNonSuccessAndDebuggerNotification(Task task, ConfigureAwaitOptions options)
        --- End of stack trace from previous location ---
           at System.Runtime.ExceptionServices.ExceptionDispatchInfo.Throw()
           at System.Runtime.CompilerServices.TaskAwaiter.ThrowForNonSuccess(Task task)
           at System.Runtime.CompilerServices.TaskAwaiter.HandleNonSuccessAndDebuggerNotification(Task task, ConfigureAwaitOptions options)
    Hexalith.EventStore.Server.Tests.Events.EventPersisterTests.PersistEventsAsync_InvalidVersionMetadata_RejectsBeforeReservationOrWrite(metadataVersion: 1, eventContractType: "order-created", payloadVersion: 3) [FAIL]
      Shouldly.ShouldAssertException : Task `persister.PersistEventsAsync( TestIdentity, "order", CreateTestCommand(), DomainResult.Success([serialized]), "v2")`
          should throw
      System.ArgumentException
          but threw
      System.IO.FileNotFoundException
      Stack Trace:
        tests/Hexalith.EventStore.Server.Tests/Events/EventPersisterTests.cs(361,0): at Hexalith.EventStore.Server.Tests.Events.EventPersisterTests.PersistEventsAsync_InvalidVersionMetadata_RejectsBeforeReservationOrWrite(Int32 metadataVersion, String eventContractType, Nullable`1 payloadVersion)
           at System.Runtime.ExceptionServices.ExceptionDispatchInfo.Throw()
           at System.Runtime.CompilerServices.TaskAwaiter.ThrowForNonSuccess(Task task)
           at System.Runtime.CompilerServices.TaskAwaiter.HandleNonSuccessAndDebuggerNotification(Task task, ConfigureAwaitOptions options)
        --- End of stack trace from previous location ---
           at System.Runtime.ExceptionServices.ExceptionDispatchInfo.Throw()
           at System.Runtime.CompilerServices.TaskAwaiter.ThrowForNonSuccess(Task task)
           at System.Runtime.CompilerServices.TaskAwaiter.HandleNonSuccessAndDebuggerNotification(Task task, ConfigureAwaitOptions options)
    Hexalith.EventStore.Server.Tests.Events.EventPersisterTests.PersistEventsAsync_InvalidVersionMetadata_RejectsBeforeReservationOrWrite(metadataVersion: 2, eventContractType: null, payloadVersion: 3) [FAIL]
      Shouldly.ShouldAssertException : Task `persister.PersistEventsAsync( TestIdentity, "order", CreateTestCommand(), DomainResult.Success([serialized]), "v2")`
          should throw
      System.ArgumentException
          but threw
      System.IO.FileNotFoundException
      Stack Trace:
        tests/Hexalith.EventStore.Server.Tests/Events/EventPersisterTests.cs(361,0): at Hexalith.EventStore.Server.Tests.Events.EventPersisterTests.PersistEventsAsync_InvalidVersionMetadata_RejectsBeforeReservationOrWrite(Int32 metadataVersion, String eventContractType, Nullable`1 payloadVersion)
           at System.Runtime.ExceptionServices.ExceptionDispatchInfo.Throw()
           at System.Runtime.CompilerServices.TaskAwaiter.ThrowForNonSuccess(Task task)
           at System.Runtime.CompilerServices.TaskAwaiter.HandleNonSuccessAndDebuggerNotification(Task task, ConfigureAwaitOptions options)
        --- End of stack trace from previous location ---
           at System.Runtime.ExceptionServices.ExceptionDispatchInfo.Throw()
           at System.Runtime.CompilerServices.TaskAwaiter.ThrowForNonSuccess(Task task)
           at System.Runtime.CompilerServices.TaskAwaiter.HandleNonSuccessAndDebuggerNotification(Task task, ConfigureAwaitOptions options)
    Hexalith.EventStore.Server.Tests.Events.EventPersisterTests.PersistEventsAsync_InvalidVersionMetadata_RejectsBeforeReservationOrWrite(metadataVersion: 2, eventContractType: "order-created", payloadVersion: null) [FAIL]
      Shouldly.ShouldAssertException : Task `persister.PersistEventsAsync( TestIdentity, "order", CreateTestCommand(), DomainResult.Success([serialized]), "v2")`
          should throw
      System.ArgumentException
          but threw
      System.IO.FileNotFoundException
      Stack Trace:
        tests/Hexalith.EventStore.Server.Tests/Events/EventPersisterTests.cs(361,0): at Hexalith.EventStore.Server.Tests.Events.EventPersisterTests.PersistEventsAsync_InvalidVersionMetadata_RejectsBeforeReservationOrWrite(Int32 metadataVersion, String eventContractType, Nullable`1 payloadVersion)
           at System.Runtime.ExceptionServices.ExceptionDispatchInfo.Throw()
           at System.Runtime.CompilerServices.TaskAwaiter.ThrowForNonSuccess(Task task)
           at System.Runtime.CompilerServices.TaskAwaiter.HandleNonSuccessAndDebuggerNotification(Task task, ConfigureAwaitOptions options)
        --- End of stack trace from previous location ---
           at System.Runtime.ExceptionServices.ExceptionDispatchInfo.Throw()
           at System.Runtime.CompilerServices.TaskAwaiter.ThrowForNonSuccess(Task task)
           at System.Runtime.CompilerServices.TaskAwaiter.HandleNonSuccessAndDebuggerNotification(Task task, ConfigureAwaitOptions options)
    Hexalith.EventStore.Server.Tests.Events.EventPersisterTests.PersistEventsAsync_InvalidVersionMetadata_RejectsBeforeReservationOrWrite(metadataVersion: 2, eventContractType: "Order-Created", payloadVersion: 3) [FAIL]
      Shouldly.ShouldAssertException : Task `persister.PersistEventsAsync( TestIdentity, "order", CreateTestCommand(), DomainResult.Success([serialized]), "v2")`
          should throw
      System.ArgumentException
          but threw
      System.IO.FileNotFoundException
      Stack Trace:
        tests/Hexalith.EventStore.Server.Tests/Events/EventPersisterTests.cs(361,0): at Hexalith.EventStore.Server.Tests.Events.EventPersisterTests.PersistEventsAsync_InvalidVersionMetadata_RejectsBeforeReservationOrWrite(Int32 metadataVersion, String eventContractType, Nullable`1 payloadVersion)
           at System.Runtime.ExceptionServices.ExceptionDispatchInfo.Throw()
           at System.Runtime.CompilerServices.TaskAwaiter.ThrowForNonSuccess(Task task)
           at System.Runtime.CompilerServices.TaskAwaiter.HandleNonSuccessAndDebuggerNotification(Task task, ConfigureAwaitOptions options)
        --- End of stack trace from previous location ---
           at System.Runtime.ExceptionServices.ExceptionDispatchInfo.Throw()
           at System.Runtime.CompilerServices.TaskAwaiter.ThrowForNonSuccess(Task task)
           at System.Runtime.CompilerServices.TaskAwaiter.HandleNonSuccessAndDebuggerNotification(Task task, ConfigureAwaitOptions options)
    Hexalith.EventStore.Server.Tests.Events.EventPersisterTests.PersistEventsAsync_InvalidVersionMetadata_RejectsBeforeReservationOrWrite(metadataVersion: 2, eventContractType: "different-type", payloadVersion: 3) [FAIL]
      Shouldly.ShouldAssertException : Task `persister.PersistEventsAsync( TestIdentity, "order", CreateTestCommand(), DomainResult.Success([serialized]), "v2")`
          should throw
      System.ArgumentException
          but threw
      System.IO.FileNotFoundException
      Stack Trace:
        tests/Hexalith.EventStore.Server.Tests/Events/EventPersisterTests.cs(361,0): at Hexalith.EventStore.Server.Tests.Events.EventPersisterTests.PersistEventsAsync_InvalidVersionMetadata_RejectsBeforeReservationOrWrite(Int32 metadataVersion, String eventContractType, Nullable`1 payloadVersion)
           at System.Runtime.ExceptionServices.ExceptionDispatchInfo.Throw()
           at System.Runtime.CompilerServices.TaskAwaiter.ThrowForNonSuccess(Task task)
           at System.Runtime.CompilerServices.TaskAwaiter.HandleNonSuccessAndDebuggerNotification(Task task, ConfigureAwaitOptions options)
        --- End of stack trace from previous location ---
           at System.Runtime.ExceptionServices.ExceptionDispatchInfo.Throw()
           at System.Runtime.CompilerServices.TaskAwaiter.ThrowForNonSuccess(Task task)
           at System.Runtime.CompilerServices.TaskAwaiter.HandleNonSuccessAndDebuggerNotification(Task task, ConfigureAwaitOptions options)
    Hexalith.EventStore.Server.Tests.Events.EventPersisterTests.PersistEventsAsync_InvalidVersionMetadata_RejectsBeforeReservationOrWrite(metadataVersion: 2, eventContractType: "order-created", payloadVersion: 0) [FAIL]
      Shouldly.ShouldAssertException : Task `persister.PersistEventsAsync( TestIdentity, "order", CreateTestCommand(), DomainResult.Success([serialized]), "v2")`
          should throw
      System.ArgumentException
          but threw
      System.IO.FileNotFoundException
      Stack Trace:
        tests/Hexalith.EventStore.Server.Tests/Events/EventPersisterTests.cs(361,0): at Hexalith.EventStore.Server.Tests.Events.EventPersisterTests.PersistEventsAsync_InvalidVersionMetadata_RejectsBeforeReservationOrWrite(Int32 metadataVersion, String eventContractType, Nullable`1 payloadVersion)
           at System.Runtime.ExceptionServices.ExceptionDispatchInfo.Throw()
           at System.Runtime.CompilerServices.TaskAwaiter.ThrowForNonSuccess(Task task)
           at System.Runtime.CompilerServices.TaskAwaiter.HandleNonSuccessAndDebuggerNotification(Task task, ConfigureAwaitOptions options)
        --- End of stack trace from previous location ---
           at System.Runtime.ExceptionServices.ExceptionDispatchInfo.Throw()
           at System.Runtime.CompilerServices.TaskAwaiter.ThrowForNonSuccess(Task task)
           at System.Runtime.CompilerServices.TaskAwaiter.HandleNonSuccessAndDebuggerNotification(Task task, ConfigureAwaitOptions options)
    Hexalith.EventStore.Server.Tests.Events.EventPersisterTests.PersistEventsAsync_InvalidVersionMetadata_RejectsBeforeReservationOrWrite(metadataVersion: 2, eventContractType: "order-created", payloadVersion: 1025) [FAIL]
      Shouldly.ShouldAssertException : Task `persister.PersistEventsAsync( TestIdentity, "order", CreateTestCommand(), DomainResult.Success([serialized]), "v2")`
          should throw
      System.ArgumentException
          but threw
      System.IO.FileNotFoundException
      Stack Trace:
        tests/Hexalith.EventStore.Server.Tests/Events/EventPersisterTests.cs(361,0): at Hexalith.EventStore.Server.Tests.Events.EventPersisterTests.PersistEventsAsync_InvalidVersionMetadata_RejectsBeforeReservationOrWrite(Int32 metadataVersion, String eventContractType, Nullable`1 payloadVersion)
           at System.Runtime.ExceptionServices.ExceptionDispatchInfo.Throw()
           at System.Runtime.CompilerServices.TaskAwaiter.ThrowForNonSuccess(Task task)
           at System.Runtime.CompilerServices.TaskAwaiter.HandleNonSuccessAndDebuggerNotification(Task task, ConfigureAwaitOptions options)
        --- End of stack trace from previous location ---
           at System.Runtime.ExceptionServices.ExceptionDispatchInfo.Throw()
           at System.Runtime.CompilerServices.TaskAwaiter.ThrowForNonSuccess(Task task)
           at System.Runtime.CompilerServices.TaskAwaiter.HandleNonSuccessAndDebuggerNotification(Task task, ConfigureAwaitOptions options)
    Hexalith.EventStore.Server.Tests.Events.EventPersisterTests.PersistEventsAsync_NewAggregate_MetadataCreatedWithSequence1 [FAIL]
      System.IO.FileNotFoundException : Could not load file or assembly 'Hexalith.Commons.UniqueIds, Version=3.117.1.0, Culture=neutral, PublicKeyToken=null'. The system cannot find the file specified.
      
      Stack Trace:
           at Hexalith.EventStore.Server.Events.EventPersister.PersistEventsAsync(AggregateIdentity identity, String aggregateType, CommandEnvelope command, DomainResult domainResult, String domainServiceVersion, CancellationToken cancellationToken)
           at System.Runtime.CompilerServices.AsyncMethodBuilderCore.Start[TStateMachine](TStateMachine& stateMachine)
           at Hexalith.EventStore.Server.Events.EventPersister.PersistEventsAsync(AggregateIdentity identity, String aggregateType, CommandEnvelope command, DomainResult domainResult, String domainServiceVersion, CancellationToken cancellationToken)
        tests/Hexalith.EventStore.Server.Tests/Events/EventPersisterTests.cs(207,0): at Hexalith.EventStore.Server.Tests.Events.EventPersisterTests.PersistEventsAsync_NewAggregate_MetadataCreatedWithSequence1()
        --- End of stack trace from previous location ---
    Hexalith.EventStore.Server.Tests.Events.EventPersisterTests.PersistEventsAsync_EventKeysFollowPattern [FAIL]
      System.IO.FileNotFoundException : Could not load file or assembly 'Hexalith.Commons.UniqueIds, Version=3.117.1.0, Culture=neutral, PublicKeyToken=null'. The system cannot find the file specified.
      
      Stack Trace:
           at Hexalith.EventStore.Server.Events.EventPersister.PersistEventsAsync(AggregateIdentity identity, String aggregateType, CommandEnvelope command, DomainResult domainResult, String domainServiceVersion, CancellationToken cancellationToken)
           at System.Runtime.CompilerServices.AsyncMethodBuilderCore.Start[TStateMachine](TStateMachine& stateMachine)
           at Hexalith.EventStore.Server.Events.EventPersister.PersistEventsAsync(AggregateIdentity identity, String aggregateType, CommandEnvelope command, DomainResult domainResult, String domainServiceVersion, CancellationToken cancellationToken)
        tests/Hexalith.EventStore.Server.Tests/Events/EventPersisterTests.cs(443,0): at Hexalith.EventStore.Server.Tests.Events.EventPersisterTests.PersistEventsAsync_EventKeysFollowPattern()
        --- End of stack trace from previous location ---
    Hexalith.EventStore.Server.Tests.Events.EventPersisterTests.PersistEventsAsync_NullCausationId_UseCorrelationIdAsFallback [FAIL]
      System.IO.FileNotFoundException : Could not load file or assembly 'Hexalith.Commons.UniqueIds, Version=3.117.1.0, Culture=neutral, PublicKeyToken=null'. The system cannot find the file specified.
      
      Stack Trace:
           at Hexalith.EventStore.Server.Events.EventPersister.PersistEventsAsync(AggregateIdentity identity, String aggregateType, CommandEnvelope command, DomainResult domainResult, String domainServiceVersion, CancellationToken cancellationToken)
           at System.Runtime.CompilerServices.AsyncMethodBuilderCore.Start[TStateMachine](TStateMachine& stateMachine)
           at Hexalith.EventStore.Server.Events.EventPersister.PersistEventsAsync(AggregateIdentity identity, String aggregateType, CommandEnvelope command, DomainResult domainResult, String domainServiceVersion, CancellationToken cancellationToken)
        tests/Hexalith.EventStore.Server.Tests/Events/EventPersisterTests.cs(381,0): at Hexalith.EventStore.Server.Tests.Events.EventPersisterTests.PersistEventsAsync_NullCausationId_UseCorrelationIdAsFallback()
        --- End of stack trace from previous location ---
    Hexalith.EventStore.Server.Tests.Events.EventPersisterTests.PersistEventsAsync_NullIdentity_ThrowsArgumentNullException [FAIL]
      Shouldly.ShouldAssertException : Task `persister.PersistEventsAsync(identity: null!, aggregateType: "test-domain", CreateTestCommand(), DomainResult.NoOp(), domainServiceVersion: "v1")`
          should throw
      System.ArgumentNullException
          but threw
      System.IO.FileNotFoundException
      Stack Trace:
        tests/Hexalith.EventStore.Server.Tests/Events/EventPersisterTests.cs(563,0): at Hexalith.EventStore.Server.Tests.Events.EventPersisterTests.PersistEventsAsync_NullIdentity_ThrowsArgumentNullException()
           at System.Runtime.ExceptionServices.ExceptionDispatchInfo.Throw()
           at System.Runtime.CompilerServices.TaskAwaiter.ThrowForNonSuccess(Task task)
           at System.Runtime.CompilerServices.TaskAwaiter.HandleNonSuccessAndDebuggerNotification(Task task, ConfigureAwaitOptions options)
        --- End of stack trace from previous location ---
           at System.Runtime.ExceptionServices.ExceptionDispatchInfo.Throw()
           at System.Runtime.CompilerServices.TaskAwaiter.ThrowForNonSuccess(Task task)
           at System.Runtime.CompilerServices.TaskAwaiter.HandleNonSuccessAndDebuggerNotification(Task task, ConfigureAwaitOptions options)
    Hexalith.EventStore.Server.Tests.Events.EventPersisterTests.PersistEventsAsync_NullAggregateType_ThrowsArgumentNullException [FAIL]
      Shouldly.ShouldAssertException : Task `persister.PersistEventsAsync(TestIdentity, aggregateType: null!, CreateTestCommand(), DomainResult.NoOp(), domainServiceVersion: "v1")`
          should throw
      System.ArgumentNullException
          but threw
      System.IO.FileNotFoundException
      Stack Trace:
        tests/Hexalith.EventStore.Server.Tests/Events/EventPersisterTests.cs(570,0): at Hexalith.EventStore.Server.Tests.Events.EventPersisterTests.PersistEventsAsync_NullAggregateType_ThrowsArgumentNullException()
           at System.Runtime.ExceptionServices.ExceptionDispatchInfo.Throw()
           at System.Runtime.CompilerServices.TaskAwaiter.ThrowForNonSuccess(Task task)
           at System.Runtime.CompilerServices.TaskAwaiter.HandleNonSuccessAndDebuggerNotification(Task task, ConfigureAwaitOptions options)
        --- End of stack trace from previous location ---
           at System.Runtime.ExceptionServices.ExceptionDispatchInfo.Throw()
           at System.Runtime.CompilerServices.TaskAwaiter.ThrowForNonSuccess(Task task)
           at System.Runtime.CompilerServices.TaskAwaiter.HandleNonSuccessAndDebuggerNotification(Task task, ConfigureAwaitOptions options)
    Hexalith.EventStore.Server.Tests.Events.EventPersisterTests.PersistEventsAsync_ExistingAggregate_NextEventGetsCorrectSequence [FAIL]
      System.IO.FileNotFoundException : Could not load file or assembly 'Hexalith.Commons.UniqueIds, Version=3.117.1.0, Culture=neutral, PublicKeyToken=null'. The system cannot find the file specified.
      
      Stack Trace:
           at Hexalith.EventStore.Server.Events.EventPersister.PersistEventsAsync(AggregateIdentity identity, String aggregateType, CommandEnvelope command, DomainResult domainResult, String domainServiceVersion, CancellationToken cancellationToken)
           at System.Runtime.CompilerServices.AsyncMethodBuilderCore.Start[TStateMachine](TStateMachine& stateMachine)
           at Hexalith.EventStore.Server.Events.EventPersister.PersistEventsAsync(AggregateIdentity identity, String aggregateType, CommandEnvelope command, DomainResult domainResult, String domainServiceVersion, CancellationToken cancellationToken)
        tests/Hexalith.EventStore.Server.Tests/Events/EventPersisterTests.cs(245,0): at Hexalith.EventStore.Server.Tests.Events.EventPersisterTests.PersistEventsAsync_ExistingAggregate_NextEventGetsCorrectSequence()
        --- End of stack trace from previous location ---
    Hexalith.EventStore.Server.Tests.Events.EventPersisterTests.PersistEventsAsync_MetadataUpdatedWithCorrectSequence [FAIL]
      System.IO.FileNotFoundException : Could not load file or assembly 'Hexalith.Commons.UniqueIds, Version=3.117.1.0, Culture=neutral, PublicKeyToken=null'. The system cannot find the file specified.
      
      Stack Trace:
           at Hexalith.EventStore.Server.Events.EventPersister.PersistEventsAsync(AggregateIdentity identity, String aggregateType, CommandEnvelope command, DomainResult domainResult, String domainServiceVersion, CancellationToken cancellationToken)
           at System.Runtime.CompilerServices.AsyncMethodBuilderCore.Start[TStateMachine](TStateMachine& stateMachine)
           at Hexalith.EventStore.Server.Events.EventPersister.PersistEventsAsync(AggregateIdentity identity, String aggregateType, CommandEnvelope command, DomainResult domainResult, String domainServiceVersion, CancellationToken cancellationToken)
        tests/Hexalith.EventStore.Server.Tests/Events/EventPersisterTests.cs(467,0): at Hexalith.EventStore.Server.Tests.Events.EventPersisterTests.PersistEventsAsync_MetadataUpdatedWithCorrectSequence()
        --- End of stack trace from previous location ---
    Hexalith.EventStore.Server.Tests.Events.EventPersisterTests.PersistEventsAsync_MultipleEvents_UniqueMessageIds [FAIL]
      System.IO.FileNotFoundException : Could not load file or assembly 'Hexalith.Commons.UniqueIds, Version=3.117.1.0, Culture=neutral, PublicKeyToken=null'. The system cannot find the file specified.
      
      Stack Trace:
           at Hexalith.EventStore.Server.Events.EventPersister.PersistEventsAsync(AggregateIdentity identity, String aggregateType, CommandEnvelope command, DomainResult domainResult, String domainServiceVersion, CancellationToken cancellationToken)
           at System.Runtime.CompilerServices.AsyncMethodBuilderCore.Start[TStateMachine](TStateMachine& stateMachine)
           at Hexalith.EventStore.Server.Events.EventPersister.PersistEventsAsync(AggregateIdentity identity, String aggregateType, CommandEnvelope command, DomainResult domainResult, String domainServiceVersion, CancellationToken cancellationToken)
        tests/Hexalith.EventStore.Server.Tests/Events/EventPersisterTests.cs(636,0): at Hexalith.EventStore.Server.Tests.Events.EventPersisterTests.PersistEventsAsync_MultipleEvents_UniqueMessageIds()
        --- End of stack trace from previous location ---
    Hexalith.EventStore.Server.Tests.Events.EventPersisterTests.PersistEventsAsync_PayloadSerializedToJsonBytes [FAIL]
      System.IO.FileNotFoundException : Could not load file or assembly 'Hexalith.Commons.UniqueIds, Version=3.117.1.0, Culture=neutral, PublicKeyToken=null'. The system cannot find the file specified.
      
      Stack Trace:
           at Hexalith.EventStore.Server.Events.EventPersister.PersistEventsAsync(AggregateIdentity identity, String aggregateType, CommandEnvelope command, DomainResult domainResult, String domainServiceVersion, CancellationToken cancellationToken)
           at System.Runtime.CompilerServices.AsyncMethodBuilderCore.Start[TStateMachine](TStateMachine& stateMachine)
           at Hexalith.EventStore.Server.Events.EventPersister.PersistEventsAsync(AggregateIdentity identity, String aggregateType, CommandEnvelope command, DomainResult domainResult, String domainServiceVersion, CancellationToken cancellationToken)
        tests/Hexalith.EventStore.Server.Tests/Events/EventPersisterTests.cs(423,0): at Hexalith.EventStore.Server.Tests.Events.EventPersisterTests.PersistEventsAsync_PayloadSerializedToJsonBytes()
        --- End of stack trace from previous location ---
    Hexalith.EventStore.Server.Tests.Events.EventPersisterTests.PersistEventsAsync_RejectionEvents_PersistedLikeRegularEvents [FAIL]
      System.IO.FileNotFoundException : Could not load file or assembly 'Hexalith.Commons.UniqueIds, Version=3.117.1.0, Culture=neutral, PublicKeyToken=null'. The system cannot find the file specified.
      
      Stack Trace:
           at Hexalith.EventStore.Server.Events.EventPersister.PersistEventsAsync(AggregateIdentity identity, String aggregateType, CommandEnvelope command, DomainResult domainResult, String domainServiceVersion, CancellationToken cancellationToken)
           at System.Runtime.CompilerServices.AsyncMethodBuilderCore.Start[TStateMachine](TStateMachine& stateMachine)
           at Hexalith.EventStore.Server.Events.EventPersister.PersistEventsAsync(AggregateIdentity identity, String aggregateType, CommandEnvelope command, DomainResult domainResult, String domainServiceVersion, CancellationToken cancellationToken)
        tests/Hexalith.EventStore.Server.Tests/Events/EventPersisterTests.cs(545,0): at Hexalith.EventStore.Server.Tests.Events.EventPersisterTests.PersistEventsAsync_RejectionEvents_PersistedLikeRegularEvents()
        --- End of stack trace from previous location ---
    Hexalith.EventStore.Server.Tests.Events.EventPersisterTests.PersistEventsAsync_MultipleEvents_GaplessSequences [FAIL]
      System.IO.FileNotFoundException : Could not load file or assembly 'Hexalith.Commons.UniqueIds, Version=3.117.1.0, Culture=neutral, PublicKeyToken=null'. The system cannot find the file specified.
      
      Stack Trace:
           at Hexalith.EventStore.Server.Events.EventPersister.PersistEventsAsync(AggregateIdentity identity, String aggregateType, CommandEnvelope command, DomainResult domainResult, String domainServiceVersion, CancellationToken cancellationToken)
           at System.Runtime.CompilerServices.AsyncMethodBuilderCore.Start[TStateMachine](TStateMachine& stateMachine)
           at Hexalith.EventStore.Server.Events.EventPersister.PersistEventsAsync(AggregateIdentity identity, String aggregateType, CommandEnvelope command, DomainResult domainResult, String domainServiceVersion, CancellationToken cancellationToken)
        tests/Hexalith.EventStore.Server.Tests/Events/EventPersisterTests.cs(270,0): at Hexalith.EventStore.Server.Tests.Events.EventPersisterTests.PersistEventsAsync_MultipleEvents_GaplessSequences()
        --- End of stack trace from previous location ---
    Hexalith.EventStore.Server.Tests.Events.EventPersisterTests.PersistEventsAsync_DoesNotCallSaveStateAsync [FAIL]
      System.IO.FileNotFoundException : Could not load file or assembly 'Hexalith.Commons.UniqueIds, Version=3.117.1.0, Culture=neutral, PublicKeyToken=null'. The system cannot find the file specified.
      
      Stack Trace:
           at Hexalith.EventStore.Server.Events.EventPersister.PersistEventsAsync(AggregateIdentity identity, String aggregateType, CommandEnvelope command, DomainResult domainResult, String domainServiceVersion, CancellationToken cancellationToken)
           at System.Runtime.CompilerServices.AsyncMethodBuilderCore.Start[TStateMachine](TStateMachine& stateMachine)
           at Hexalith.EventStore.Server.Events.EventPersister.PersistEventsAsync(AggregateIdentity identity, String aggregateType, CommandEnvelope command, DomainResult domainResult, String domainServiceVersion, CancellationToken cancellationToken)
        tests/Hexalith.EventStore.Server.Tests/Events/EventPersisterTests.cs(511,0): at Hexalith.EventStore.Server.Tests.Events.EventPersisterTests.PersistEventsAsync_DoesNotCallSaveStateAsync()
        --- End of stack trace from previous location ---
    Hexalith.EventStore.Server.Tests.Events.EventPersisterTests.PersistEventsAsync_NullVersion_ThrowsArgumentNullException [FAIL]
      Shouldly.ShouldAssertException : Task `persister.PersistEventsAsync(TestIdentity, aggregateType: "test-domain", CreateTestCommand(), DomainResult.NoOp(), domainServiceVersion: null!)`
          should throw
      System.ArgumentNullException
          but threw
      System.IO.FileNotFoundException
      Stack Trace:
        tests/Hexalith.EventStore.Server.Tests/Events/EventPersisterTests.cs(605,0): at Hexalith.EventStore.Server.Tests.Events.EventPersisterTests.PersistEventsAsync_NullVersion_ThrowsArgumentNullException()
           at System.Runtime.ExceptionServices.ExceptionDispatchInfo.Throw()
           at System.Runtime.CompilerServices.TaskAwaiter.ThrowForNonSuccess(Task task)
           at System.Runtime.CompilerServices.TaskAwaiter.HandleNonSuccessAndDebuggerNotification(Task task, ConfigureAwaitOptions options)
        --- End of stack trace from previous location ---
           at System.Runtime.ExceptionServices.ExceptionDispatchInfo.Throw()
           at System.Runtime.CompilerServices.TaskAwaiter.ThrowForNonSuccess(Task task)
           at System.Runtime.CompilerServices.TaskAwaiter.HandleNonSuccessAndDebuggerNotification(Task task, ConfigureAwaitOptions options)
    Hexalith.EventStore.Server.Tests.Events.EventPersisterTests.PersistEventsAsync_NoOpResult_NoEventsPersisted [FAIL]
      System.IO.FileNotFoundException : Could not load file or assembly 'Hexalith.Commons.UniqueIds, Version=3.117.1.0, Culture=neutral, PublicKeyToken=null'. The system cannot find the file specified.
      
      Stack Trace:
           at Hexalith.EventStore.Server.Events.EventPersister.PersistEventsAsync(AggregateIdentity identity, String aggregateType, CommandEnvelope command, DomainResult domainResult, String domainServiceVersion, CancellationToken cancellationToken)
           at System.Runtime.CompilerServices.AsyncMethodBuilderCore.Start[TStateMachine](TStateMachine& stateMachine)
           at Hexalith.EventStore.Server.Events.EventPersister.PersistEventsAsync(AggregateIdentity identity, String aggregateType, CommandEnvelope command, DomainResult domainResult, String domainServiceVersion, CancellationToken cancellationToken)
        tests/Hexalith.EventStore.Server.Tests/Events/EventPersisterTests.cs(487,0): at Hexalith.EventStore.Server.Tests.Events.EventPersisterTests.PersistEventsAsync_NoOpResult_NoEventsPersisted()
        --- End of stack trace from previous location ---
    Hexalith.EventStore.Server.Tests.Events.EventPersisterTests.PersistEventsAsync_InvalidRetainedFloorRefusesBeforeEffects(floor: 0) [FAIL]
      Shouldly.ShouldAssertException : Task `writer.PersistEventsAsync( TestIdentity, "test-domain", CreateTestCommand(), DomainResult.Success([new TestEvent()]), "v1")`
          should throw
      System.InvalidOperationException
          but threw
      System.IO.FileNotFoundException
      Stack Trace:
        tests/Hexalith.EventStore.Server.Tests/Events/EventPersisterTests.cs(150,0): at Hexalith.EventStore.Server.Tests.Events.EventPersisterTests.PersistEventsAsync_InvalidRetainedFloorRefusesBeforeEffects(Int64 floor)
           at System.Runtime.ExceptionServices.ExceptionDispatchInfo.Throw()
           at System.Runtime.CompilerServices.TaskAwaiter.ThrowForNonSuccess(Task task)
           at System.Runtime.CompilerServices.TaskAwaiter.HandleNonSuccessAndDebuggerNotification(Task task, ConfigureAwaitOptions options)
        --- End of stack trace from previous location ---
           at System.Runtime.ExceptionServices.ExceptionDispatchInfo.Throw()
           at System.Runtime.CompilerServices.TaskAwaiter.ThrowForNonSuccess(Task task)
           at System.Runtime.CompilerServices.TaskAwaiter.HandleNonSuccessAndDebuggerNotification(Task task, ConfigureAwaitOptions options)
    Hexalith.EventStore.Server.Tests.Events.EventPersisterTests.PersistEventsAsync_InvalidRetainedFloorRefusesBeforeEffects(floor: 14) [FAIL]
      Shouldly.ShouldAssertException : Task `writer.PersistEventsAsync( TestIdentity, "test-domain", CreateTestCommand(), DomainResult.Success([new TestEvent()]), "v1")`
          should throw
      System.InvalidOperationException
          but threw
      System.IO.FileNotFoundException
      Stack Trace:
        tests/Hexalith.EventStore.Server.Tests/Events/EventPersisterTests.cs(150,0): at Hexalith.EventStore.Server.Tests.Events.EventPersisterTests.PersistEventsAsync_InvalidRetainedFloorRefusesBeforeEffects(Int64 floor)
           at System.Runtime.ExceptionServices.ExceptionDispatchInfo.Throw()
           at System.Runtime.CompilerServices.TaskAwaiter.ThrowForNonSuccess(Task task)
           at System.Runtime.CompilerServices.TaskAwaiter.HandleNonSuccessAndDebuggerNotification(Task task, ConfigureAwaitOptions options)
        --- End of stack trace from previous location ---
           at System.Runtime.ExceptionServices.ExceptionDispatchInfo.Throw()
           at System.Runtime.CompilerServices.TaskAwaiter.ThrowForNonSuccess(Task task)
           at System.Runtime.CompilerServices.TaskAwaiter.HandleNonSuccessAndDebuggerNotification(Task task, ConfigureAwaitOptions options)
    Hexalith.EventStore.Server.Tests.Events.EventPersisterTests.PersistEventsAsync_NullCommand_ThrowsArgumentNullException [FAIL]
      Shouldly.ShouldAssertException : Task `persister.PersistEventsAsync(TestIdentity, aggregateType: "test-domain", command: null!, DomainResult.NoOp(), domainServiceVersion: "v1")`
          should throw
      System.ArgumentNullException
          but threw
      System.IO.FileNotFoundException
      Stack Trace:
        tests/Hexalith.EventStore.Server.Tests/Events/EventPersisterTests.cs(591,0): at Hexalith.EventStore.Server.Tests.Events.EventPersisterTests.PersistEventsAsync_NullCommand_ThrowsArgumentNullException()
           at System.Runtime.ExceptionServices.ExceptionDispatchInfo.Throw()
           at System.Runtime.CompilerServices.TaskAwaiter.ThrowForNonSuccess(Task task)
           at System.Runtime.CompilerServices.TaskAwaiter.HandleNonSuccessAndDebuggerNotification(Task task, ConfigureAwaitOptions options)
        --- End of stack trace from previous location ---
           at System.Runtime.ExceptionServices.ExceptionDispatchInfo.Throw()
           at System.Runtime.CompilerServices.TaskAwaiter.ThrowForNonSuccess(Task task)
           at System.Runtime.CompilerServices.TaskAwaiter.HandleNonSuccessAndDebuggerNotification(Task task, ConfigureAwaitOptions options)
    Hexalith.EventStore.Server.Tests.Events.EventPersisterTests.PersistEventsAsync_NeverCallsRemoveStateAsync [FAIL]
      System.IO.FileNotFoundException : Could not load file or assembly 'Hexalith.Commons.UniqueIds, Version=3.117.1.0, Culture=neutral, PublicKeyToken=null'. The system cannot find the file specified.
      
      Stack Trace:
           at Hexalith.EventStore.Server.Events.EventPersister.PersistEventsAsync(AggregateIdentity identity, String aggregateType, CommandEnvelope command, DomainResult domainResult, String domainServiceVersion, CancellationToken cancellationToken)
           at System.Runtime.CompilerServices.AsyncMethodBuilderCore.Start[TStateMachine](TStateMachine& stateMachine)
           at Hexalith.EventStore.Server.Events.EventPersister.PersistEventsAsync(AggregateIdentity identity, String aggregateType, CommandEnvelope command, DomainResult domainResult, String domainServiceVersion, CancellationToken cancellationToken)
        tests/Hexalith.EventStore.Server.Tests/Events/EventPersisterTests.cs(528,0): at Hexalith.EventStore.Server.Tests.Events.EventPersisterTests.PersistEventsAsync_NeverCallsRemoveStateAsync()
        --- End of stack trace from previous location ---
    Hexalith.EventStore.Server.Tests.Events.EventPersisterTests.PersistEventsAsync_CancellationAfterMetadataReadDoesNotStageState [FAIL]
      Shouldly.ShouldAssertException : Task `persister.PersistEventsAsync( TestIdentity, "test-domain", CreateTestCommand(), DomainResult.Success([new TestEvent()]), "v1", cancellation.Token)`
          should throw
      System.OperationCanceledException
          but threw
      System.IO.FileNotFoundException
      Stack Trace:
        tests/Hexalith.EventStore.Server.Tests/Events/EventPersisterTests.cs(114,0): at Hexalith.EventStore.Server.Tests.Events.EventPersisterTests.PersistEventsAsync_CancellationAfterMetadataReadDoesNotStageState()
           at System.Runtime.ExceptionServices.ExceptionDispatchInfo.Throw()
           at System.Runtime.CompilerServices.TaskAwaiter.ThrowForNonSuccess(Task task)
           at System.Runtime.CompilerServices.TaskAwaiter.HandleNonSuccessAndDebuggerNotification(Task task, ConfigureAwaitOptions options)
        --- End of stack trace from previous location ---
           at System.Runtime.ExceptionServices.ExceptionDispatchInfo.Throw()
           at System.Runtime.CompilerServices.TaskAwaiter.ThrowForNonSuccess(Task task)
           at System.Runtime.CompilerServices.TaskAwaiter.HandleNonSuccessAndDebuggerNotification(Task task, ConfigureAwaitOptions options)
    Hexalith.EventStore.Server.Tests.Telemetry.EventStoreTraceTests.Replay_Controller_CreatesReplayActivity_OnSuccessAsync [FAIL]
      System.IO.FileNotFoundException : Could not load file or assembly 'Hexalith.Commons.UniqueIds, Version=3.117.1.0, Culture=neutral, PublicKeyToken=null'. The system cannot find the file specified.
      
      Stack Trace:
        src/Hexalith.EventStore.Server/Commands/ArchivedCommandExtensions.cs(35,0): at Hexalith.EventStore.Server.Commands.ArchivedCommandExtensions.ToSubmitCommand(ArchivedCommand archived, String correlationId, String expectedTenant)
        src/Hexalith.EventStore/Controllers/ReplayController.cs(224,0): at Hexalith.EventStore.Controllers.ReplayController.Replay(String correlationId, CancellationToken cancellationToken)
        tests/Hexalith.EventStore.Server.Tests/Telemetry/EventStoreTraceTests.cs(201,0): at Hexalith.EventStore.Server.Tests.Telemetry.EventStoreTraceTests.Replay_Controller_CreatesReplayActivity_OnSuccessAsync()
        --- End of stack trace from previous location ---
    Hexalith.EventStore.Server.Tests.Logging.CausationIdLoggingTests.EventPersister_IncludesCausationId [FAIL]
      System.IO.FileNotFoundException : Could not load file or assembly 'Hexalith.Commons.UniqueIds, Version=3.117.1.0, Culture=neutral, PublicKeyToken=null'. The system cannot find the file specified.
      
      Stack Trace:
           at Hexalith.EventStore.Server.Events.EventPersister.PersistEventsAsync(AggregateIdentity identity, String aggregateType, CommandEnvelope command, DomainResult domainResult, String domainServiceVersion, CancellationToken cancellationToken)
           at System.Runtime.CompilerServices.AsyncMethodBuilderCore.Start[TStateMachine](TStateMachine& stateMachine)
           at Hexalith.EventStore.Server.Events.EventPersister.PersistEventsAsync(AggregateIdentity identity, String aggregateType, CommandEnvelope command, DomainResult domainResult, String domainServiceVersion, CancellationToken cancellationToken)
        tests/Hexalith.EventStore.Server.Tests/Logging/CausationIdLoggingTests.cs(119,0): at Hexalith.EventStore.Server.Tests.Logging.CausationIdLoggingTests.EventPersister_IncludesCausationId()
        --- End of stack trace from previous location ---
    Hexalith.EventStore.Server.Tests.Actors.AggregateActorDomainResultTests.ProcessCommandAsync_DomainRejection_ResultIncludesEventCount [FAIL]
      Shouldly.ShouldAssertException : result.EventCount
          should be
      1
          but was
      0
      Stack Trace:
        tests/Hexalith.EventStore.Server.Tests/Actors/AggregateActorDomainResultTests.cs(627,0): at Hexalith.EventStore.Server.Tests.Actors.AggregateActorDomainResultTests.ProcessCommandAsync_DomainRejection_ResultIncludesEventCount()
           at System.Runtime.ExceptionServices.ExceptionDispatchInfo.Throw()
           at System.Runtime.CompilerServices.TaskAwaiter.ThrowForNonSuccess(Task task)
           at System.Runtime.CompilerServices.TaskAwaiter.HandleNonSuccessAndDebuggerNotification(Task task, ConfigureAwaitOptions options)
        --- End of stack trace from previous location ---
           at System.Runtime.ExceptionServices.ExceptionDispatchInfo.Throw()
           at System.Runtime.CompilerServices.TaskAwaiter.ThrowForNonSuccess(Task task)
           at System.Runtime.CompilerServices.TaskAwaiter.HandleNonSuccessAndDebuggerNotification(Task task, ConfigureAwaitOptions options)
    Hexalith.EventStore.Server.Tests.Actors.AggregateActorDomainResultTests.ProcessCommandAsync_UsesResolvedAggregateTypeForSnapshotPolicyDecision [FAIL]
      NSubstitute.Exceptions.ReceivedCallsException : Expected to receive exactly 1 call matching:
      	ShouldCreateSnapshotAsync("test-tenant", "test-domain", "OrderAggregate", 4, 0, System.Threading.CancellationToken)
      Actually received no matching calls.
      
      Stack Trace:
           at NSubstitute.Core.ReceivedCallsExceptionThrower.Throw(ICallSpecification callSpecification, IEnumerable`1 matchingCalls, IEnumerable`1 nonMatchingCalls, Quantity requiredQuantity)
           at NSubstitute.Routing.Handlers.CheckReceivedCallsHandler.Handle(ICall call)
           at NSubstitute.Routing.Route.Handle(ICall call)
           at NSubstitute.Core.CallRouter.Route(ICall call)
           at NSubstitute.Proxies.CastleDynamicProxy.CastleForwardingInterceptor.Intercept(IInvocation invocation)
           at Castle.DynamicProxy.AbstractInvocation.Proceed()
           at NSubstitute.Proxies.CastleDynamicProxy.ProxyIdInterceptor.Intercept(IInvocation invocation)
           at Castle.DynamicProxy.AbstractInvocation.Proceed()
           at Castle.Proxies.ObjectProxy_8.ShouldCreateSnapshotAsync(String tenantId, String domain, String aggregateType, Int64 currentSequence, Int64 lastSnapshotSequence, CancellationToken cancellationToken)
        tests/Hexalith.EventStore.Server.Tests/Actors/AggregateActorDomainResultTests.cs(686,0): at Hexalith.EventStore.Server.Tests.Actors.AggregateActorDomainResultTests.ProcessCommandAsync_UsesResolvedAggregateTypeForSnapshotPolicyDecision()
        --- End of stack trace from previous location ---
    Hexalith.EventStore.Server.Tests.Actors.AggregateActorDomainResultTests.ProcessCommandAsync_DomainRejection_PersistsRejectionEventsViaEventPersister [FAIL]
      NSubstitute.Exceptions.ReceivedCallsException : Expected to receive a call matching:
      	SetStateAsync<EventEnvelope>(s => s.Contains(":events:"), any EventEnvelope, any CancellationToken)
      Actually received no matching calls.
      
      Stack Trace:
           at NSubstitute.Core.ReceivedCallsExceptionThrower.Throw(ICallSpecification callSpecification, IEnumerable`1 matchingCalls, IEnumerable`1 nonMatchingCalls, Quantity requiredQuantity)
           at NSubstitute.Routing.Handlers.CheckReceivedCallsHandler.Handle(ICall call)
           at NSubstitute.Routing.Route.Handle(ICall call)
           at NSubstitute.Core.CallRouter.Route(ICall call)
           at NSubstitute.Proxies.CastleDynamicProxy.CastleForwardingInterceptor.Intercept(IInvocation invocation)
           at Castle.DynamicProxy.AbstractInvocation.Proceed()
           at NSubstitute.Proxies.CastleDynamicProxy.ProxyIdInterceptor.Intercept(IInvocation invocation)
           at Castle.DynamicProxy.AbstractInvocation.Proceed()
           at Castle.Proxies.ObjectProxy_6.SetStateAsync[T](String stateName, T value, CancellationToken cancellationToken)
        tests/Hexalith.EventStore.Server.Tests/Actors/AggregateActorDomainResultTests.cs(608,0): at Hexalith.EventStore.Server.Tests.Actors.AggregateActorDomainResultTests.ProcessCommandAsync_DomainRejection_PersistsRejectionEventsViaEventPersister()
        --- End of stack trace from previous location ---
    Hexalith.EventStore.Server.Tests.Actors.AggregateActorDomainResultTests.ProcessCommandAsync_SaveStateAsyncConflictRetryExhausted_ReturnsRejectedConcurrencyResult [FAIL]
      Hexalith.EventStore.Server.Actors.ActorStateRemediationException : Actor state remediation failed. PrimaryFailureStage=EventsStored; PrimaryExceptionType=FileNotFoundException; RemediationOperation=SaveRejection; RemediationExceptionType=InvalidOperationException; DiscardExceptionType=None; FailedBatchDiscarded=True; DurableStateObservation=CleanupNotCommitted.
      Stack Trace:
        src/Hexalith.EventStore.Server/Actors/AggregateActor.cs(4941,0): at Hexalith.EventStore.Server.Actors.AggregateActor.HandleInfrastructureFailureAsync(CommandEnvelope command, String causationId, CommandStatus failureStage, Exception exception, ActorStateMachine stateMachine, String pipelineKeyPrefix, Activity processActivity, Int64 startTicks, Nullable`1 eventCount, CancellationToken cancellationToken, Boolean logicalReadFailure)
        src/Hexalith.EventStore.Server/Actors/AggregateActor.cs(1595,0): at Hexalith.EventStore.Server.Actors.AggregateActor.ProcessCommandCoreAsync(CommandEnvelope command, IdempotencyExecutionContext executionContext, CancellationToken cancellationToken, TrustedEffectAdmission effectAdmission)
        src/Hexalith.EventStore.Server/Actors/AggregateActor.cs(1804,0): at Hexalith.EventStore.Server.Actors.AggregateActor.ProcessCommandCoreAsync(CommandEnvelope command, IdempotencyExecutionContext executionContext, CancellationToken cancellationToken, TrustedEffectAdmission effectAdmission)
        tests/Hexalith.EventStore.Server.Tests/Actors/AggregateActorDomainResultTests.cs(561,0): at Hexalith.EventStore.Server.Tests.Actors.AggregateActorDomainResultTests.ProcessCommandAsync_SaveStateAsyncConflictRetryExhausted_ReturnsRejectedConcurrencyResult()
        --- End of stack trace from previous location ---
    Hexalith.EventStore.Server.Tests.Actors.AggregateActorDomainResultTests.ProcessCommandAsync_ExistingSnapshot_UsesSnapshotSequenceForInterval [FAIL]
      NSubstitute.Exceptions.ReceivedCallsException : Expected to receive exactly 1 call matching:
      	ShouldCreateSnapshotAsync("test-tenant", "test-domain", "test-domain", 4, 100, System.Threading.CancellationToken)
      Actually received no matching calls.
      
      Stack Trace:
           at NSubstitute.Core.ReceivedCallsExceptionThrower.Throw(ICallSpecification callSpecification, IEnumerable`1 matchingCalls, IEnumerable`1 nonMatchingCalls, Quantity requiredQuantity)
           at NSubstitute.Routing.Handlers.CheckReceivedCallsHandler.Handle(ICall call)
           at NSubstitute.Routing.Route.Handle(ICall call)
           at NSubstitute.Core.CallRouter.Route(ICall call)
           at NSubstitute.Proxies.CastleDynamicProxy.CastleForwardingInterceptor.Intercept(IInvocation invocation)
           at Castle.DynamicProxy.AbstractInvocation.Proceed()
           at NSubstitute.Proxies.CastleDynamicProxy.ProxyIdInterceptor.Intercept(IInvocation invocation)
           at Castle.DynamicProxy.AbstractInvocation.Proceed()
           at Castle.Proxies.ObjectProxy_8.ShouldCreateSnapshotAsync(String tenantId, String domain, String aggregateType, Int64 currentSequence, Int64 lastSnapshotSequence, CancellationToken cancellationToken)
        tests/Hexalith.EventStore.Server.Tests/Actors/AggregateActorDomainResultTests.cs(763,0): at Hexalith.EventStore.Server.Tests.Actors.AggregateActorDomainResultTests.ProcessCommandAsync_ExistingSnapshot_UsesSnapshotSequenceForInterval()
        --- End of stack trace from previous location ---
    Hexalith.EventStore.Server.Tests.Actors.AggregateActorDomainResultTests.ProcessCommandAsync_DomainSuccess_ResultIncludesCorrectEventCount [FAIL]
      Shouldly.ShouldAssertException : result.EventCount
          should be
      3
          but was
      0
      Stack Trace:
        tests/Hexalith.EventStore.Server.Tests/Actors/AggregateActorDomainResultTests.cs(508,0): at Hexalith.EventStore.Server.Tests.Actors.AggregateActorDomainResultTests.ProcessCommandAsync_DomainSuccess_ResultIncludesCorrectEventCount()
           at System.Runtime.ExceptionServices.ExceptionDispatchInfo.Throw()
           at System.Runtime.CompilerServices.TaskAwaiter.ThrowForNonSuccess(Task task)
           at System.Runtime.CompilerServices.TaskAwaiter.HandleNonSuccessAndDebuggerNotification(Task task, ConfigureAwaitOptions options)
        --- End of stack trace from previous location ---
           at System.Runtime.ExceptionServices.ExceptionDispatchInfo.Throw()
           at System.Runtime.CompilerServices.TaskAwaiter.ThrowForNonSuccess(Task task)
           at System.Runtime.CompilerServices.TaskAwaiter.HandleNonSuccessAndDebuggerNotification(Task task, ConfigureAwaitOptions options)
    Hexalith.EventStore.Server.Tests.Actors.AggregateActorDomainResultTests.ProcessCommandAsync_DomainSuccess_CallsShouldCreateSnapshotWithCorrectSequence [FAIL]
      NSubstitute.Exceptions.ReceivedCallsException : Expected to receive exactly 1 call matching:
      	ShouldCreateSnapshotAsync("test-tenant", "test-domain", "test-domain", 4, 0, System.Threading.CancellationToken)
      Actually received no matching calls.
      
      Stack Trace:
           at NSubstitute.Core.ReceivedCallsExceptionThrower.Throw(ICallSpecification callSpecification, IEnumerable`1 matchingCalls, IEnumerable`1 nonMatchingCalls, Quantity requiredQuantity)
           at NSubstitute.Routing.Handlers.CheckReceivedCallsHandler.Handle(ICall call)
           at NSubstitute.Routing.Route.Handle(ICall call)
           at NSubstitute.Core.CallRouter.Route(ICall call)
           at NSubstitute.Proxies.CastleDynamicProxy.CastleForwardingInterceptor.Intercept(IInvocation invocation)
           at Castle.DynamicProxy.AbstractInvocation.Proceed()
           at NSubstitute.Proxies.CastleDynamicProxy.ProxyIdInterceptor.Intercept(IInvocation invocation)
           at Castle.DynamicProxy.AbstractInvocation.Proceed()
           at Castle.Proxies.ObjectProxy_8.ShouldCreateSnapshotAsync(String tenantId, String domain, String aggregateType, Int64 currentSequence, Int64 lastSnapshotSequence, CancellationToken cancellationToken)
        tests/Hexalith.EventStore.Server.Tests/Actors/AggregateActorDomainResultTests.cs(666,0): at Hexalith.EventStore.Server.Tests.Actors.AggregateActorDomainResultTests.ProcessCommandAsync_DomainSuccess_CallsShouldCreateSnapshotWithCorrectSequence()
        --- End of stack trace from previous location ---
    Hexalith.EventStore.Server.Tests.Actors.AggregateActorDomainResultTests.ProcessCommandAsync_DomainSuccess_PersistsEventsViaStep5 [FAIL]
      Shouldly.ShouldAssertException : result.Accepted
          should be
      True
          but was
      False
      Stack Trace:
        tests/Hexalith.EventStore.Server.Tests/Actors/AggregateActorDomainResultTests.cs(298,0): at Hexalith.EventStore.Server.Tests.Actors.AggregateActorDomainResultTests.ProcessCommandAsync_DomainSuccess_PersistsEventsViaStep5()
           at System.Runtime.ExceptionServices.ExceptionDispatchInfo.Throw()
           at System.Runtime.CompilerServices.TaskAwaiter.ThrowForNonSuccess(Task task)
           at System.Runtime.CompilerServices.TaskAwaiter.HandleNonSuccessAndDebuggerNotification(Task task, ConfigureAwaitOptions options)
        --- End of stack trace from previous location ---
           at System.Runtime.ExceptionServices.ExceptionDispatchInfo.Throw()
           at System.Runtime.CompilerServices.TaskAwaiter.ThrowForNonSuccess(Task task)
           at System.Runtime.CompilerServices.TaskAwaiter.HandleNonSuccessAndDebuggerNotification(Task task, ConfigureAwaitOptions options)
    Hexalith.EventStore.Server.Tests.Actors.AggregateActorDomainResultTests.ProcessCommandAsync_DomainRejection_StoresInIdempotencyCache [FAIL]
      NSubstitute.Exceptions.ReceivedCallsException : Expected to receive exactly 1 call matching:
      	SetStateAsync<IdempotencyRecord>("idempotency:7eecd568-3c3b-4696-8654-8d6c0a73b2c2", r => (r.Accepted == False), any CancellationToken)
      Actually received no matching calls.
      
      Stack Trace:
           at NSubstitute.Core.ReceivedCallsExceptionThrower.Throw(ICallSpecification callSpecification, IEnumerable`1 matchingCalls, IEnumerable`1 nonMatchingCalls, Quantity requiredQuantity)
           at NSubstitute.Routing.Handlers.CheckReceivedCallsHandler.Handle(ICall call)
           at NSubstitute.Routing.Route.Handle(ICall call)
           at NSubstitute.Core.CallRouter.Route(ICall call)
           at NSubstitute.Proxies.CastleDynamicProxy.CastleForwardingInterceptor.Intercept(IInvocation invocation)
           at Castle.DynamicProxy.AbstractInvocation.Proceed()
           at NSubstitute.Proxies.CastleDynamicProxy.ProxyIdInterceptor.Intercept(IInvocation invocation)
           at Castle.DynamicProxy.AbstractInvocation.Proceed()
           at Castle.Proxies.ObjectProxy_6.SetStateAsync[T](String stateName, T value, CancellationToken cancellationToken)
        tests/Hexalith.EventStore.Server.Tests/Actors/AggregateActorDomainResultTests.cs(354,0): at Hexalith.EventStore.Server.Tests.Actors.AggregateActorDomainResultTests.ProcessCommandAsync_DomainRejection_StoresInIdempotencyCache()
        --- End of stack trace from previous location ---
    Hexalith.EventStore.Server.Tests.Actors.AggregateActorDomainResultTests.ProcessCommandAsync_AfterEventPersistence_SaveStateAsyncCalledThreeTimes [FAIL]
      NSubstitute.Exceptions.ReceivedCallsException : Expected to receive exactly 3 calls matching:
      	SaveStateAsync(any CancellationToken)
      Actually received 2 matching calls:
      	SaveStateAsync(System.Threading.CancellationToken)
      	SaveStateAsync(System.Threading.CancellationToken)
      
      Stack Trace:
           at NSubstitute.Core.ReceivedCallsExceptionThrower.Throw(ICallSpecification callSpecification, IEnumerable`1 matchingCalls, IEnumerable`1 nonMatchingCalls, Quantity requiredQuantity)
           at NSubstitute.Routing.Handlers.CheckReceivedCallsHandler.Handle(ICall call)
           at NSubstitute.Routing.Route.Handle(ICall call)
           at NSubstitute.Core.CallRouter.Route(ICall call)
           at NSubstitute.Proxies.CastleDynamicProxy.CastleForwardingInterceptor.Intercept(IInvocation invocation)
           at Castle.DynamicProxy.AbstractInvocation.Proceed()
           at NSubstitute.Proxies.CastleDynamicProxy.ProxyIdInterceptor.Intercept(IInvocation invocation)
           at Castle.DynamicProxy.AbstractInvocation.Proceed()
           at Castle.Proxies.ObjectProxy_6.SaveStateAsync(CancellationToken cancellationToken)
        tests/Hexalith.EventStore.Server.Tests/Actors/AggregateActorDomainResultTests.cs(474,0): at Hexalith.EventStore.Server.Tests.Actors.AggregateActorDomainResultTests.ProcessCommandAsync_AfterEventPersistence_SaveStateAsyncCalledThreeTimes()
        --- End of stack trace from previous location ---
    Hexalith.EventStore.Server.Tests.Actors.AggregateActorDomainResultTests.ProcessCommandAsync_DomainRejection_AlsoChecksSnapshotInterval [FAIL]
      NSubstitute.Exceptions.ReceivedCallsException : Expected to receive exactly 1 call matching:
      	ShouldCreateSnapshotAsync("test-tenant", "test-domain", "test-domain", any Int64, 0, System.Threading.CancellationToken)
      Actually received no matching calls.
      
      Stack Trace:
           at NSubstitute.Core.ReceivedCallsExceptionThrower.Throw(ICallSpecification callSpecification, IEnumerable`1 matchingCalls, IEnumerable`1 nonMatchingCalls, Quantity requiredQuantity)
           at NSubstitute.Routing.Handlers.CheckReceivedCallsHandler.Handle(ICall call)
           at NSubstitute.Routing.Route.Handle(ICall call)
           at NSubstitute.Core.CallRouter.Route(ICall call)
           at NSubstitute.Proxies.CastleDynamicProxy.CastleForwardingInterceptor.Intercept(IInvocation invocation)
           at Castle.DynamicProxy.AbstractInvocation.Proceed()
           at NSubstitute.Proxies.CastleDynamicProxy.ProxyIdInterceptor.Intercept(IInvocation invocation)
           at Castle.DynamicProxy.AbstractInvocation.Proceed()
           at Castle.Proxies.ObjectProxy_8.ShouldCreateSnapshotAsync(String tenantId, String domain, String aggregateType, Int64 currentSequence, Int64 lastSnapshotSequence, CancellationToken cancellationToken)
        tests/Hexalith.EventStore.Server.Tests/Actors/AggregateActorDomainResultTests.cs(781,0): at Hexalith.EventStore.Server.Tests.Actors.AggregateActorDomainResultTests.ProcessCommandAsync_DomainRejection_AlsoChecksSnapshotInterval()
        --- End of stack trace from previous location ---
    Hexalith.EventStore.Server.Tests.Actors.AggregateActorDomainResultTests.ProcessCommandAsync_ShouldSnapshotTrue_CallsCreateSnapshotWithPreEventSequence [FAIL]
      NSubstitute.Exceptions.ReceivedCallsException : Expected to receive exactly 1 call matching:
      	CreateSnapshotAsync(any AggregateIdentity, 3, any Object, Substitute.IActorStateManager|01e04c07, "358e79be-9c76-4f35-b49c-147b7c75c9ae", System.Threading.CancellationToken, False)
      Actually received no matching calls.
      
      Stack Trace:
           at NSubstitute.Core.ReceivedCallsExceptionThrower.Throw(ICallSpecification callSpecification, IEnumerable`1 matchingCalls, IEnumerable`1 nonMatchingCalls, Quantity requiredQuantity)
           at NSubstitute.Routing.Handlers.CheckReceivedCallsHandler.Handle(ICall call)
           at NSubstitute.Routing.Route.Handle(ICall call)
           at NSubstitute.Core.CallRouter.Route(ICall call)
           at NSubstitute.Proxies.CastleDynamicProxy.CastleForwardingInterceptor.Intercept(IInvocation invocation)
           at Castle.DynamicProxy.AbstractInvocation.Proceed()
           at NSubstitute.Proxies.CastleDynamicProxy.ProxyIdInterceptor.Intercept(IInvocation invocation)
           at Castle.DynamicProxy.AbstractInvocation.Proceed()
           at Castle.Proxies.ObjectProxy_8.CreateSnapshotAsync(AggregateIdentity identity, Int64 sequenceNumber, Object state, IActorStateManager stateManager, String correlationId, CancellationToken cancellationToken, Boolean throwOnFailure)
        tests/Hexalith.EventStore.Server.Tests/Actors/AggregateActorDomainResultTests.cs(707,0): at Hexalith.EventStore.Server.Tests.Actors.AggregateActorDomainResultTests.ProcessCommandAsync_ShouldSnapshotTrue_CallsCreateSnapshotWithPreEventSequence()
        --- End of stack trace from previous location ---
    Hexalith.EventStore.Server.Tests.Actors.AggregateActorDomainResultTests.ProcessCommandAsync_DomainSuccess_ForwardsCallerCancellationToEventStaging [FAIL]
      Shouldly.ShouldAssertException : result.Accepted
          should be
      True
          but was
      False
      Stack Trace:
        tests/Hexalith.EventStore.Server.Tests/Actors/AggregateActorDomainResultTests.cs(316,0): at Hexalith.EventStore.Server.Tests.Actors.AggregateActorDomainResultTests.ProcessCommandAsync_DomainSuccess_ForwardsCallerCancellationToEventStaging()
           at System.Runtime.ExceptionServices.ExceptionDispatchInfo.Throw()
           at System.Runtime.CompilerServices.TaskAwaiter.ThrowForNonSuccess(Task task)
           at System.Runtime.CompilerServices.TaskAwaiter.HandleNonSuccessAndDebuggerNotification(Task task, ConfigureAwaitOptions options)
        --- End of stack trace from previous location ---
           at System.Runtime.ExceptionServices.ExceptionDispatchInfo.Throw()
           at System.Runtime.CompilerServices.TaskAwaiter.ThrowForNonSuccess(Task task)
           at System.Runtime.CompilerServices.TaskAwaiter.HandleNonSuccessAndDebuggerNotification(Task task, ConfigureAwaitOptions options)
    Hexalith.EventStore.Server.Tests.Actors.AggregateActorDomainResultTests.ProcessCommandAsync_SaveStateAsyncThrows_RetriesAgainstFreshState [FAIL]
      Hexalith.EventStore.Server.Actors.ActorStateRemediationException : Actor state remediation failed. PrimaryFailureStage=EventsStored; PrimaryExceptionType=FileNotFoundException; RemediationOperation=SaveRejection; RemediationExceptionType=InvalidOperationException; DiscardExceptionType=None; FailedBatchDiscarded=True; DurableStateObservation=CleanupNotCommitted.
      Stack Trace:
        src/Hexalith.EventStore.Server/Actors/AggregateActor.cs(4941,0): at Hexalith.EventStore.Server.Actors.AggregateActor.HandleInfrastructureFailureAsync(CommandEnvelope command, String causationId, CommandStatus failureStage, Exception exception, ActorStateMachine stateMachine, String pipelineKeyPrefix, Activity processActivity, Int64 startTicks, Nullable`1 eventCount, CancellationToken cancellationToken, Boolean logicalReadFailure)
        src/Hexalith.EventStore.Server/Actors/AggregateActor.cs(1595,0): at Hexalith.EventStore.Server.Actors.AggregateActor.ProcessCommandCoreAsync(CommandEnvelope command, IdempotencyExecutionContext executionContext, CancellationToken cancellationToken, TrustedEffectAdmission effectAdmission)
        src/Hexalith.EventStore.Server/Actors/AggregateActor.cs(1804,0): at Hexalith.EventStore.Server.Actors.AggregateActor.ProcessCommandCoreAsync(CommandEnvelope command, IdempotencyExecutionContext executionContext, CancellationToken cancellationToken, TrustedEffectAdmission effectAdmission)
        tests/Hexalith.EventStore.Server.Tests/Actors/AggregateActorDomainResultTests.cs(539,0): at Hexalith.EventStore.Server.Tests.Actors.AggregateActorDomainResultTests.ProcessCommandAsync_SaveStateAsyncThrows_RetriesAgainstFreshState()
        --- End of stack trace from previous location ---
    Hexalith.EventStore.Server.Tests.Actors.AggregateActorDomainResultTests.ProcessCommandAsync_DomainRejection_ReturnsRejectionResult [FAIL]
      Shouldly.ShouldAssertException : result.ErrorMessage
          should contain (case insensitive comparison)
      "Domain rejection"
          but was actually
      "Protected data diagnostic details were redacted. ReasonCode=protected-data-diagnostic-redacted; Stag..."
      Stack Trace:
        tests/Hexalith.EventStore.Server.Tests/Actors/AggregateActorDomainResultTests.cs(338,0): at Hexalith.EventStore.Server.Tests.Actors.AggregateActorDomainResultTests.ProcessCommandAsync_DomainRejection_ReturnsRejectionResult()
           at System.Runtime.ExceptionServices.ExceptionDispatchInfo.Throw()
           at System.Runtime.CompilerServices.TaskAwaiter.ThrowForNonSuccess(Task task)
           at System.Runtime.CompilerServices.TaskAwaiter.HandleNonSuccessAndDebuggerNotification(Task task, ConfigureAwaitOptions options)
        --- End of stack trace from previous location ---
           at System.Runtime.ExceptionServices.ExceptionDispatchInfo.Throw()
           at System.Runtime.CompilerServices.TaskAwaiter.ThrowForNonSuccess(Task task)
           at System.Runtime.CompilerServices.TaskAwaiter.HandleNonSuccessAndDebuggerNotification(Task task, ConfigureAwaitOptions options)
{"EventId":1121,"LogLevel":"Information","Category":"Hexalith.EventStore.Server.Projections.ProjectionDiscoveryHostedService","Message":"Projection discovery: domain \u0027counter\u0027 -\u003E immediate mode (fire-and-forget after persistence)","State":{"Message":"Domain=counter,{OriginalFormat}=Projection discovery: domain \u0027{Domain}\u0027 -\u003E immediate mode (fire-and-forget after persistence)","Domain":"counter","{OriginalFormat}":"Projection discovery: domain \u0027{Domain}\u0027 -\u003E immediate mode (fire-and-forget after persistence)"}}
{"EventId":1121,"LogLevel":"Information","Category":"Hexalith.EventStore.Server.Projections.ProjectionDiscoveryHostedService","Message":"Projection discovery: domain \u0027global-administrators\u0027 -\u003E immediate mode (fire-and-forget after persistence)","State":{"Message":"Domain=global-administrators,{OriginalFormat}=Projection discovery: domain \u0027{Domain}\u0027 -\u003E immediate mode (fire-and-forget after persistence)","Domain":"global-administrators","{OriginalFormat}":"Projection discovery: domain \u0027{Domain}\u0027 -\u003E immediate mode (fire-and-forget after persistence)"}}
{"EventId":1121,"LogLevel":"Information","Category":"Hexalith.EventStore.Server.Projections.ProjectionDiscoveryHostedService","Message":"Projection discovery: domain \u0027greeting\u0027 -\u003E immediate mode (fire-and-forget after persistence)","State":{"Message":"Domain=greeting,{OriginalFormat}=Projection discovery: domain \u0027{Domain}\u0027 -\u003E immediate mode (fire-and-forget after persistence)","Domain":"greeting","{OriginalFormat}":"Projection discovery: domain \u0027{Domain}\u0027 -\u003E immediate mode (fire-and-forget after persistence)"}}
{"EventId":1121,"LogLevel":"Information","Category":"Hexalith.EventStore.Server.Projections.ProjectionDiscoveryHostedService","Message":"Projection discovery: domain \u0027tenants\u0027 -\u003E immediate mode (fire-and-forget after persistence)","State":{"Message":"Domain=tenants,{OriginalFormat}=Projection discovery: domain \u0027{Domain}\u0027 -\u003E immediate mode (fire-and-forget after persistence)","Domain":"tenants","{OriginalFormat}":"Projection discovery: domain \u0027{Domain}\u0027 -\u003E immediate mode (fire-and-forget after persistence)"}}
{"EventId":1124,"LogLevel":"Information","Category":"Hexalith.EventStore.Server.Projections.ProjectionDiscoveryHostedService","Message":"Projection discovery complete: 4 domains discovered. Default refresh interval: 0ms (0=immediate).","State":{"Message":"DefaultRefreshIntervalMs=0,DomainCount=4,{OriginalFormat}=Projection discovery complete: {DomainCount} domains discovered. Default refresh interval: {DefaultRefreshIntervalMs}ms (0=immediate).","DefaultRefreshIntervalMs":0,"DomainCount":4,"{OriginalFormat}":"Projection discovery complete: {DomainCount} domains discovered. Default refresh interval: {DefaultRefreshIntervalMs}ms (0=immediate)."}}
{"EventId":1200,"LogLevel":"Information","Category":"Hexalith.EventStore.Server.Projections.ActiveRebuildIndexCleanupService","Message":"Active-rebuild-index cleanup service started: CadenceSeconds=60, Stage=ActiveRebuildIndexCleanupServiceStarted","State":{"Message":"CadenceSeconds=60,{OriginalFormat}=Active-rebuild-index cleanup service started: CadenceSeconds={CadenceSeconds}, Stage=ActiveRebuildIndexCleanupServiceStarted","CadenceSeconds":60,"{OriginalFormat}":"Active-rebuild-index cleanup service started: CadenceSeconds={CadenceSeconds}, Stage=ActiveRebuildIndexCleanupServiceStarted"}}
{"EventId":0,"LogLevel":"Warning","Category":"Hexalith.EventStore.Configuration.DaprRateLimitConfigSync","Message":"DAPR config store unavailable for rate limit sync. Falling back to appsettings.json values.","Exception":"Dapr.DaprException: GetConfiguration operation failed: the Dapr endpoint indicated a failure. See InnerException for details.\n ---\u003E Grpc.Core.RpcException: Status(StatusCode=\u0022Unavailable\u0022, Detail=\u0022Error connecting to subchannel.\u0022, DebugException=\u0022System.Net.Sockets.SocketException: Connection refused\u0022)\n ---\u003E System.Net.Sockets.SocketException (111): Connection refused\n   at System.Net.Sockets.Socket.AwaitableSocketAsyncEventArgs.ThrowException(SocketError error, CancellationToken cancellationToken)\n   at System.Net.Sockets.Socket.AwaitableSocketAsyncEventArgs.System.Threading.Tasks.Sources.IValueTaskSource.GetResult(Int16 token)\n   at Grpc.Net.Client.Balancer.Internal.SocketConnectivitySubchannelTransport.TryConnectAsync(ConnectContext context, Int32 attempt)\n   --- End of inner exception stack trace ---\n   at Grpc.Net.Client.Balancer.Internal.ConnectionManager.PickAsync(PickContext context, Boolean waitForReady, CancellationToken cancellationToken)\n   at Grpc.Net.Client.Balancer.Internal.BalancerHttpHandler.SendAsync(HttpRequestMessage request, CancellationToken cancellationToken)\n   at Grpc.Net.Client.Internal.GrpcCall\u00602.RunCall(HttpRequestMessage request, Nullable\u00601 timeout)\n   at Dapr.Client.DaprClientGrpc.GetConfiguration(String storeName, IReadOnlyList\u00601 keys, IReadOnlyDictionary\u00602 metadata, CancellationToken cancellationToken)\n   --- End of inner exception stack trace ---\n   at Dapr.Client.DaprClientGrpc.GetConfiguration(String storeName, IReadOnlyList\u00601 keys, IReadOnlyDictionary\u00602 metadata, CancellationToken cancellationToken)\n   at Hexalith.EventStore.Configuration.DaprRateLimitConfigSync.FetchConfigurationAsync(DaprClient daprClient, String[] keys, CancellationToken cancellationToken) in /home/administrator/projects/hexalith/eventstore/src/Hexalith.EventStore/Configuration/DaprRateLimitConfigSync.cs:line 70\n   at Hexalith.EventStore.Configuration.DaprRateLimitConfigSync.LoadTenantIdsAsync(DaprClient daprClient, CancellationToken cancellationToken) in /home/administrator/projects/hexalith/eventstore/src/Hexalith.EventStore/Configuration/DaprRateLimitConfigSync.cs:line 80\n   at Hexalith.EventStore.Configuration.DaprRateLimitConfigSync.SyncTenantOverridesAsync(DaprClient daprClient, CancellationToken cancellationToken) in /home/administrator/projects/hexalith/eventstore/src/Hexalith.EventStore/Configuration/DaprRateLimitConfigSync.cs:line 158","State":{"{OriginalFormat}":"DAPR config store unavailable for rate limit sync. Falling back to appsettings.json values."}}
{"EventId":0,"LogLevel":"Information","Category":"Microsoft.Hosting.Lifetime","Message":"Application started. Press Ctrl\u002BC to shut down.","State":{"{OriginalFormat}":"Application started. Press Ctrl\u002BC to shut down."}}
{"EventId":0,"LogLevel":"Information","Category":"Microsoft.Hosting.Lifetime","Message":"Hosting environment: Development","State":{"EnvName":"Development","{OriginalFormat}":"Hosting environment: {EnvName}"}}
{"EventId":0,"LogLevel":"Information","Category":"Microsoft.Hosting.Lifetime","Message":"Content root path: /home/administrator/projects/hexalith/eventstore/src/Hexalith.EventStore","State":{"ContentRoot":"/home/administrator/projects/hexalith/eventstore/src/Hexalith.EventStore","{OriginalFormat}":"Content root path: {ContentRoot}"}}
{"EventId":0,"LogLevel":"Warning","Category":"Hexalith.EventStore.Authentication.ConfigureJwtBearerOptions","Message":"Authentication challenge: SecurityEvent=AuthenticationFailed, CorrelationId=01M4DT8C6HDW4MMDQ5B88KKQF3, SourceIp=unknown, Path=/hubs/projection-changes/negotiate, Tenant=unknown, CommandType=unknown, Reason=MissingToken, FailureLayer=JwtChallenge","State":{"SecurityEvent":"AuthenticationFailed","CorrelationId":"01M4DT8C6HDW4MMDQ5B88KKQF3","SourceIp":"unknown","RequestPath":"/hubs/projection-changes/negotiate","TenantId":"unknown","CommandType":"unknown","Reason":"MissingToken","FailureLayer":"JwtChallenge","{OriginalFormat}":"Authentication challenge: SecurityEvent={SecurityEvent}, CorrelationId={CorrelationId}, SourceIp={SourceIp}, Path={RequestPath}, Tenant={TenantId}, CommandType={CommandType}, Reason={Reason}, FailureLayer={FailureLayer}"}}
{"EventId":1121,"LogLevel":"Information","Category":"Hexalith.EventStore.Server.Projections.ProjectionDiscoveryHostedService","Message":"Projection discovery: domain \u0027counter\u0027 -\u003E immediate mode (fire-and-forget after persistence)","State":{"Message":"Domain=counter,{OriginalFormat}=Projection discovery: domain \u0027{Domain}\u0027 -\u003E immediate mode (fire-and-forget after persistence)","Domain":"counter","{OriginalFormat}":"Projection discovery: domain \u0027{Domain}\u0027 -\u003E immediate mode (fire-and-forget after persistence)"}}
{"EventId":1121,"LogLevel":"Information","Category":"Hexalith.EventStore.Server.Projections.ProjectionDiscoveryHostedService","Message":"Projection discovery: domain \u0027global-administrators\u0027 -\u003E immediate mode (fire-and-forget after persistence)","State":{"Message":"Domain=global-administrators,{OriginalFormat}=Projection discovery: domain \u0027{Domain}\u0027 -\u003E immediate mode (fire-and-forget after persistence)","Domain":"global-administrators","{OriginalFormat}":"Projection discovery: domain \u0027{Domain}\u0027 -\u003E immediate mode (fire-and-forget after persistence)"}}
{"EventId":1121,"LogLevel":"Information","Category":"Hexalith.EventStore.Server.Projections.ProjectionDiscoveryHostedService","Message":"Projection discovery: domain \u0027greeting\u0027 -\u003E immediate mode (fire-and-forget after persistence)","State":{"Message":"Domain=greeting,{OriginalFormat}=Projection discovery: domain \u0027{Domain}\u0027 -\u003E immediate mode (fire-and-forget after persistence)","Domain":"greeting","{OriginalFormat}":"Projection discovery: domain \u0027{Domain}\u0027 -\u003E immediate mode (fire-and-forget after persistence)"}}
{"EventId":1121,"LogLevel":"Information","Category":"Hexalith.EventStore.Server.Projections.ProjectionDiscoveryHostedService","Message":"Projection discovery: domain \u0027tenants\u0027 -\u003E immediate mode (fire-and-forget after persistence)","State":{"Message":"Domain=tenants,{OriginalFormat}=Projection discovery: domain \u0027{Domain}\u0027 -\u003E immediate mode (fire-and-forget after persistence)","Domain":"tenants","{OriginalFormat}":"Projection discovery: domain \u0027{Domain}\u0027 -\u003E immediate mode (fire-and-forget after persistence)"}}
{"EventId":1124,"LogLevel":"Information","Category":"Hexalith.EventStore.Server.Projections.ProjectionDiscoveryHostedService","Message":"Projection discovery complete: 4 domains discovered. Default refresh interval: 0ms (0=immediate).","State":{"Message":"DefaultRefreshIntervalMs=0,DomainCount=4,{OriginalFormat}=Projection discovery complete: {DomainCount} domains discovered. Default refresh interval: {DefaultRefreshIntervalMs}ms (0=immediate).","DefaultRefreshIntervalMs":0,"DomainCount":4,"{OriginalFormat}":"Projection discovery complete: {DomainCount} domains discovered. Default refresh interval: {DefaultRefreshIntervalMs}ms (0=immediate)."}}
{"EventId":1200,"LogLevel":"Information","Category":"Hexalith.EventStore.Server.Projections.ActiveRebuildIndexCleanupService","Message":"Active-rebuild-index cleanup service started: CadenceSeconds=60, Stage=ActiveRebuildIndexCleanupServiceStarted","State":{"Message":"CadenceSeconds=60,{OriginalFormat}=Active-rebuild-index cleanup service started: CadenceSeconds={CadenceSeconds}, Stage=ActiveRebuildIndexCleanupServiceStarted","CadenceSeconds":60,"{OriginalFormat}":"Active-rebuild-index cleanup service started: CadenceSeconds={CadenceSeconds}, Stage=ActiveRebuildIndexCleanupServiceStarted"}}
{"EventId":0,"LogLevel":"Warning","Category":"Hexalith.EventStore.Configuration.DaprRateLimitConfigSync","Message":"DAPR config store unavailable for rate limit sync. Falling back to appsettings.json values.","Exception":"Dapr.DaprException: GetConfiguration operation failed: the Dapr endpoint indicated a failure. See InnerException for details.\n ---\u003E Grpc.Core.RpcException: Status(StatusCode=\u0022Unavailable\u0022, Detail=\u0022Error connecting to subchannel.\u0022, DebugException=\u0022System.Net.Sockets.SocketException: Connection refused\u0022)\n ---\u003E System.Net.Sockets.SocketException (111): Connection refused\n   at System.Net.Sockets.Socket.AwaitableSocketAsyncEventArgs.ThrowException(SocketError error, CancellationToken cancellationToken)\n   at System.Net.Sockets.Socket.AwaitableSocketAsyncEventArgs.System.Threading.Tasks.Sources.IValueTaskSource.GetResult(Int16 token)\n   at Grpc.Net.Client.Balancer.Internal.SocketConnectivitySubchannelTransport.TryConnectAsync(ConnectContext context, Int32 attempt)\n   --- End of inner exception stack trace ---\n   at Grpc.Net.Client.Balancer.Internal.ConnectionManager.PickAsync(PickContext context, Boolean waitForReady, CancellationToken cancellationToken)\n   at Grpc.Net.Client.Balancer.Internal.BalancerHttpHandler.SendAsync(HttpRequestMessage request, CancellationToken cancellationToken)\n   at Grpc.Net.Client.Internal.GrpcCall\u00602.RunCall(HttpRequestMessage request, Nullable\u00601 timeout)\n   at Dapr.Client.DaprClientGrpc.GetConfiguration(String storeName, IReadOnlyList\u00601 keys, IReadOnlyDictionary\u00602 metadata, CancellationToken cancellationToken)\n   --- End of inner exception stack trace ---\n   at Dapr.Client.DaprClientGrpc.GetConfiguration(String storeName, IReadOnlyList\u00601 keys, IReadOnlyDictionary\u00602 metadata, CancellationToken cancellationToken)\n   at Hexalith.EventStore.Configuration.DaprRateLimitConfigSync.FetchConfigurationAsync(DaprClient daprClient, String[] keys, CancellationToken cancellationToken) in /home/administrator/projects/hexalith/eventstore/src/Hexalith.EventStore/Configuration/DaprRateLimitConfigSync.cs:line 70\n   at Hexalith.EventStore.Configuration.DaprRateLimitConfigSync.LoadTenantIdsAsync(DaprClient daprClient, CancellationToken cancellationToken) in /home/administrator/projects/hexalith/eventstore/src/Hexalith.EventStore/Configuration/DaprRateLimitConfigSync.cs:line 80\n   at Hexalith.EventStore.Configuration.DaprRateLimitConfigSync.SyncTenantOverridesAsync(DaprClient daprClient, CancellationToken cancellationToken) in /home/administrator/projects/hexalith/eventstore/src/Hexalith.EventStore/Configuration/DaprRateLimitConfigSync.cs:line 158","State":{"{OriginalFormat}":"DAPR config store unavailable for rate limit sync. Falling back to appsettings.json values."}}
{"EventId":0,"LogLevel":"Information","Category":"Microsoft.Hosting.Lifetime","Message":"Application started. Press Ctrl\u002BC to shut down.","State":{"{OriginalFormat}":"Application started. Press Ctrl\u002BC to shut down."}}
{"EventId":0,"LogLevel":"Information","Category":"Microsoft.Hosting.Lifetime","Message":"Hosting environment: Development","State":{"EnvName":"Development","{OriginalFormat}":"Hosting environment: {EnvName}"}}
{"EventId":0,"LogLevel":"Information","Category":"Microsoft.Hosting.Lifetime","Message":"Content root path: /home/administrator/projects/hexalith/eventstore/src/Hexalith.EventStore","State":{"ContentRoot":"/home/administrator/projects/hexalith/eventstore/src/Hexalith.EventStore","{OriginalFormat}":"Content root path: {ContentRoot}"}}
{"EventId":0,"LogLevel":"Information","Category":"Microsoft.Hosting.Lifetime","Message":"Application is shutting down...","State":{"{OriginalFormat}":"Application is shutting down..."}}
{"EventId":0,"LogLevel":"Information","Category":"Microsoft.Hosting.Lifetime","Message":"Application is shutting down...","State":{"{OriginalFormat}":"Application is shutting down..."}}
    Hexalith.EventStore.Server.Tests.Projections.Dw1PollerCorruptionAtddTests.PollOnceAsync_TrackerCorruption_BoundedRetryWithinSameTick [SKIP]
      ATDD red phase — DW1 AC#5 (tracker corruption boundedness). Remove Skip when implementing.
    Hexalith.EventStore.Server.Tests.Projections.Dw1PollerCorruptionAtddTests.PollOnceAsync_TrackerCorruption_AdvancesNextDueToPreventTightRetryStorm [SKIP]
      ATDD red phase — DW1 AC#5 (tracker corruption boundedness). Remove Skip when implementing.
    Hexalith.EventStore.Server.Tests.Projections.Dw1PollerCorruptionAtddTests.PollOnceAsync_IdentityIndexCorruption_EmitsTrackerCorruptIdentityIndexReasonCode [SKIP]
      ATDD red phase — DW1 AC#5 (tracker corruption boundedness). Remove Skip when implementing.
    Hexalith.EventStore.Server.Tests.Projections.Dw1PollerCorruptionAtddTests.PollOnceAsync_ScopeIndexCorruption_EmitsTrackerCorruptScopeIndexReasonCode [SKIP]
      ATDD red phase — DW1 AC#5 (tracker corruption boundedness). Remove Skip when implementing.
    Hexalith.EventStore.Server.Tests.Projections.ProjectionRebuildCheckpointStoreTests.SaveAsyncPropagatesProgrammerErrorsInsteadOfClassifyingUnavailable [FAIL]
      Shouldly.ShouldAssertException : Task `store.SaveAsync( Scope, lastAppliedSequence: 11, ProjectionRebuildStatus.Failed, StreamReplayReasonCodes.ProjectionApplyRejected)`
          should throw
      System.InvalidOperationException
          but threw
      System.IO.FileNotFoundException
      Stack Trace:
           at System.Threading.Tasks.ContinuationResultTaskFromResultTask`2.InnerInvoke()
           at System.Threading.ExecutionContext.RunFromThreadPoolDispatchLoop(Thread threadPoolThread, ExecutionContext executionContext, ContextCallback callback, Object state)
        --- End of stack trace from previous location ---
           at System.Runtime.ExceptionServices.ExceptionDispatchInfo.Throw()
           at System.Threading.ExecutionContext.RunFromThreadPoolDispatchLoop(Thread threadPoolThread, ExecutionContext executionContext, ContextCallback callback, Object state)
           at System.Threading.Tasks.Task.ExecuteWithThreadLocal(Task& currentTaskSlot, Thread threadPoolThread)
        --- End of stack trace from previous location ---
           at System.Runtime.ExceptionServices.ExceptionDispatchInfo.Throw()
           at System.Runtime.CompilerServices.TaskAwaiter.ThrowForNonSuccess(Task task)
           at System.Runtime.CompilerServices.TaskAwaiter.HandleNonSuccessAndDebuggerNotification(Task task, ConfigureAwaitOptions options)
           at System.Runtime.CompilerServices.TaskAwaiter`1.GetResult()
        tests/Hexalith.EventStore.Server.Tests/Projections/ProjectionRebuildCheckpointStoreTests.cs(242,0): at Hexalith.EventStore.Server.Tests.Projections.ProjectionRebuildCheckpointStoreTests.SaveAsyncPropagatesProgrammerErrorsInsteadOfClassifyingUnavailable()
           at System.Runtime.ExceptionServices.ExceptionDispatchInfo.Throw()
           at System.Runtime.CompilerServices.TaskAwaiter.ThrowForNonSuccess(Task task)
           at System.Runtime.CompilerServices.TaskAwaiter.HandleNonSuccessAndDebuggerNotification(Task task, ConfigureAwaitOptions options)
        --- End of stack trace from previous location ---
           at System.Runtime.ExceptionServices.ExceptionDispatchInfo.Throw()
           at System.Runtime.CompilerServices.TaskAwaiter.ThrowForNonSuccess(Task task)
           at System.Runtime.CompilerServices.TaskAwaiter.HandleNonSuccessAndDebuggerNotification(Task task, ConfigureAwaitOptions options)
    Hexalith.EventStore.Server.Tests.Projections.ProjectionRebuildCheckpointStoreTests.ResetAsyncCanRewindExistingCheckpointWithFreshOperationMetadata [FAIL]
      System.IO.FileNotFoundException : Could not load file or assembly 'Hexalith.Commons.UniqueIds, Version=3.117.1.0, Culture=neutral, PublicKeyToken=null'. The system cannot find the file specified.
      
      Stack Trace:
        src/Hexalith.EventStore.Server/Projections/ProjectionRebuildCheckpointStore.cs(90,0): at Hexalith.EventStore.Server.Projections.ProjectionRebuildCheckpointStore.IsValidOperationId(String operationId)
        src/Hexalith.EventStore.Server/Projections/ProjectionRebuildCheckpointStore.cs(890,0): at Hexalith.EventStore.Server.Projections.ProjectionRebuildCheckpointStore.ValidateScope(ProjectionRebuildCheckpointScope scope)
        src/Hexalith.EventStore.Server/Projections/ProjectionRebuildCheckpointStore.cs(295,0): at Hexalith.EventStore.Server.Projections.ProjectionRebuildCheckpointStore.ResetAsync(ProjectionRebuildCheckpointScope scope, Int64 lastAppliedSequence, ProjectionRebuildStatus status, String failureReasonCode, CancellationToken cancellationToken, Nullable`1 toPosition)
        tests/Hexalith.EventStore.Server.Tests/Projections/ProjectionRebuildCheckpointStoreTests.cs(208,0): at Hexalith.EventStore.Server.Tests.Projections.ProjectionRebuildCheckpointStoreTests.ResetAsyncCanRewindExistingCheckpointWithFreshOperationMetadata()
        --- End of stack trace from previous location ---
    Hexalith.EventStore.Server.Tests.Projections.ProjectionRebuildCheckpointStoreTests.ClearOrphanActiveRebuildIndexEntriesAsyncRemovesTerminalCheckpointAndPair [FAIL]
      System.IO.FileNotFoundException : Could not load file or assembly 'Hexalith.Commons.UniqueIds, Version=3.117.1.0, Culture=neutral, PublicKeyToken=null'. The system cannot find the file specified.
      
      Stack Trace:
        src/Hexalith.EventStore.Server/Projections/ProjectionRebuildCheckpointStore.cs(90,0): at Hexalith.EventStore.Server.Projections.ProjectionRebuildCheckpointStore.IsValidOperationId(String operationId)
        src/Hexalith.EventStore.Server/Projections/ProjectionRebuildCheckpointStore.cs(74,0): at Hexalith.EventStore.Server.Projections.ProjectionRebuildCheckpointStore.ReadAsync(ProjectionRebuildCheckpointScope scope, CancellationToken cancellationToken)
        src/Hexalith.EventStore.Server/Projections/ProjectionRebuildCheckpointStore.cs(513,0): at Hexalith.EventStore.Server.Projections.ProjectionRebuildCheckpointStore.ClearOrphanActiveRebuildIndexEntriesAsync(String tenant, String domain, CancellationToken cancellationToken)
        tests/Hexalith.EventStore.Server.Tests/Projections/ProjectionRebuildCheckpointStoreTests.cs(465,0): at Hexalith.EventStore.Server.Tests.Projections.ProjectionRebuildCheckpointStoreTests.ClearOrphanActiveRebuildIndexEntriesAsyncRemovesTerminalCheckpointAndPair()
        --- End of stack trace from previous location ---
    Hexalith.EventStore.Server.Tests.Projections.ProjectionRebuildCheckpointStoreTests.SaveAsyncStatusOnlyTransitionPersistsNewStatusWithoutLoweringSequence [FAIL]
      System.IO.FileNotFoundException : Could not load file or assembly 'Hexalith.Commons.UniqueIds, Version=3.117.1.0, Culture=neutral, PublicKeyToken=null'. The system cannot find the file specified.
      
      Stack Trace:
        src/Hexalith.EventStore.Server/Projections/ProjectionRebuildCheckpointStore.cs(90,0): at Hexalith.EventStore.Server.Projections.ProjectionRebuildCheckpointStore.IsValidOperationId(String operationId)
        src/Hexalith.EventStore.Server/Projections/ProjectionRebuildCheckpointStore.cs(890,0): at Hexalith.EventStore.Server.Projections.ProjectionRebuildCheckpointStore.ValidateScope(ProjectionRebuildCheckpointScope scope)
        src/Hexalith.EventStore.Server/Projections/ProjectionRebuildCheckpointStore.cs(121,0): at Hexalith.EventStore.Server.Projections.ProjectionRebuildCheckpointStore.SaveAsync(ProjectionRebuildCheckpointScope scope, Int64 lastAppliedSequence, ProjectionRebuildStatus status, String failureReasonCode, CancellationToken cancellationToken, Nullable`1 toPosition, Boolean isPerAggregateProgress)
        tests/Hexalith.EventStore.Server.Tests/Projections/ProjectionRebuildCheckpointStoreTests.cs(145,0): at Hexalith.EventStore.Server.Tests.Projections.ProjectionRebuildCheckpointStoreTests.SaveAsyncStatusOnlyTransitionPersistsNewStatusWithoutLoweringSequence()
        --- End of stack trace from previous location ---
    Hexalith.EventStore.Server.Tests.Projections.ProjectionRebuildCheckpointStoreTests.SaveAsyncDuplicatePageIsIdempotent [FAIL]
      System.IO.FileNotFoundException : Could not load file or assembly 'Hexalith.Commons.UniqueIds, Version=3.117.1.0, Culture=neutral, PublicKeyToken=null'. The system cannot find the file specified.
      
      Stack Trace:
        src/Hexalith.EventStore.Server/Projections/ProjectionRebuildCheckpointStore.cs(90,0): at Hexalith.EventStore.Server.Projections.ProjectionRebuildCheckpointStore.IsValidOperationId(String operationId)
        src/Hexalith.EventStore.Server/Projections/ProjectionRebuildCheckpointStore.cs(890,0): at Hexalith.EventStore.Server.Projections.ProjectionRebuildCheckpointStore.ValidateScope(ProjectionRebuildCheckpointScope scope)
        src/Hexalith.EventStore.Server/Projections/ProjectionRebuildCheckpointStore.cs(121,0): at Hexalith.EventStore.Server.Projections.ProjectionRebuildCheckpointStore.SaveAsync(ProjectionRebuildCheckpointScope scope, Int64 lastAppliedSequence, ProjectionRebuildStatus status, String failureReasonCode, CancellationToken cancellationToken, Nullable`1 toPosition, Boolean isPerAggregateProgress)
        tests/Hexalith.EventStore.Server.Tests/Projections/ProjectionRebuildCheckpointStoreTests.cs(89,0): at Hexalith.EventStore.Server.Tests.Projections.ProjectionRebuildCheckpointStoreTests.SaveAsyncDuplicatePageIsIdempotent()
        --- End of stack trace from previous location ---
    Hexalith.EventStore.Server.Tests.Projections.ProjectionRebuildCheckpointStoreTests.SaveAsyncStorageUnavailableReturnsStableReasonWithoutBlindSave [FAIL]
      System.IO.FileNotFoundException : Could not load file or assembly 'Hexalith.Commons.UniqueIds, Version=3.117.1.0, Culture=neutral, PublicKeyToken=null'. The system cannot find the file specified.
      
      Stack Trace:
        src/Hexalith.EventStore.Server/Projections/ProjectionRebuildCheckpointStore.cs(90,0): at Hexalith.EventStore.Server.Projections.ProjectionRebuildCheckpointStore.IsValidOperationId(String operationId)
        src/Hexalith.EventStore.Server/Projections/ProjectionRebuildCheckpointStore.cs(890,0): at Hexalith.EventStore.Server.Projections.ProjectionRebuildCheckpointStore.ValidateScope(ProjectionRebuildCheckpointScope scope)
        src/Hexalith.EventStore.Server/Projections/ProjectionRebuildCheckpointStore.cs(121,0): at Hexalith.EventStore.Server.Projections.ProjectionRebuildCheckpointStore.SaveAsync(ProjectionRebuildCheckpointScope scope, Int64 lastAppliedSequence, ProjectionRebuildStatus status, String failureReasonCode, CancellationToken cancellationToken, Nullable`1 toPosition, Boolean isPerAggregateProgress)
        tests/Hexalith.EventStore.Server.Tests/Projections/ProjectionRebuildCheckpointStoreTests.cs(178,0): at Hexalith.EventStore.Server.Tests.Projections.ProjectionRebuildCheckpointStoreTests.SaveAsyncStorageUnavailableReturnsStableReasonWithoutBlindSave()
        --- End of stack trace from previous location ---
    Hexalith.EventStore.Server.Tests.Projections.ProjectionRebuildCheckpointStoreTests.SaveAsyncFailedWithLowerSequenceReturnsStaleCheckpoint [FAIL]
      System.IO.FileNotFoundException : Could not load file or assembly 'Hexalith.Commons.UniqueIds, Version=3.117.1.0, Culture=neutral, PublicKeyToken=null'. The system cannot find the file specified.
      
      Stack Trace:
        src/Hexalith.EventStore.Server/Projections/ProjectionRebuildCheckpointStore.cs(90,0): at Hexalith.EventStore.Server.Projections.ProjectionRebuildCheckpointStore.IsValidOperationId(String operationId)
        src/Hexalith.EventStore.Server/Projections/ProjectionRebuildCheckpointStore.cs(890,0): at Hexalith.EventStore.Server.Projections.ProjectionRebuildCheckpointStore.ValidateScope(ProjectionRebuildCheckpointScope scope)
        src/Hexalith.EventStore.Server/Projections/ProjectionRebuildCheckpointStore.cs(121,0): at Hexalith.EventStore.Server.Projections.ProjectionRebuildCheckpointStore.SaveAsync(ProjectionRebuildCheckpointScope scope, Int64 lastAppliedSequence, ProjectionRebuildStatus status, String failureReasonCode, CancellationToken cancellationToken, Nullable`1 toPosition, Boolean isPerAggregateProgress)
        tests/Hexalith.EventStore.Server.Tests/Projections/ProjectionRebuildCheckpointStoreTests.cs(315,0): at Hexalith.EventStore.Server.Tests.Projections.ProjectionRebuildCheckpointStoreTests.SaveAsyncFailedWithLowerSequenceReturnsStaleCheckpoint()
        --- End of stack trace from previous location ---
    Hexalith.EventStore.Server.Tests.Projections.ProjectionRebuildCheckpointStoreTests.SaveAsyncDoesNotClassifyApplicationTimeoutAsStoreUnavailable [FAIL]
      Shouldly.ShouldAssertException : Task `store.SaveAsync( Scope, lastAppliedSequence: 11, ProjectionRebuildStatus.Running)`
          should throw
      System.TimeoutException
          but threw
      System.IO.FileNotFoundException
      Stack Trace:
           at System.Threading.Tasks.ContinuationResultTaskFromResultTask`2.InnerInvoke()
           at System.Threading.ExecutionContext.RunFromThreadPoolDispatchLoop(Thread threadPoolThread, ExecutionContext executionContext, ContextCallback callback, Object state)
        --- End of stack trace from previous location ---
           at System.Runtime.ExceptionServices.ExceptionDispatchInfo.Throw()
           at System.Threading.ExecutionContext.RunFromThreadPoolDispatchLoop(Thread threadPoolThread, ExecutionContext executionContext, ContextCallback callback, Object state)
           at System.Threading.Tasks.Task.ExecuteWithThreadLocal(Task& currentTaskSlot, Thread threadPoolThread)
        --- End of stack trace from previous location ---
           at System.Runtime.ExceptionServices.ExceptionDispatchInfo.Throw()
           at System.Runtime.CompilerServices.TaskAwaiter.ThrowForNonSuccess(Task task)
           at System.Runtime.CompilerServices.TaskAwaiter.HandleNonSuccessAndDebuggerNotification(Task task, ConfigureAwaitOptions options)
           at System.Runtime.CompilerServices.TaskAwaiter`1.GetResult()
        tests/Hexalith.EventStore.Server.Tests/Projections/ProjectionRebuildCheckpointStoreTests.cs(445,0): at Hexalith.EventStore.Server.Tests.Projections.ProjectionRebuildCheckpointStoreTests.SaveAsyncDoesNotClassifyApplicationTimeoutAsStoreUnavailable()
           at System.Runtime.ExceptionServices.ExceptionDispatchInfo.Throw()
           at System.Runtime.CompilerServices.TaskAwaiter.ThrowForNonSuccess(Task task)
           at System.Runtime.CompilerServices.TaskAwaiter.HandleNonSuccessAndDebuggerNotification(Task task, ConfigureAwaitOptions options)
        --- End of stack trace from previous location ---
           at System.Runtime.ExceptionServices.ExceptionDispatchInfo.Throw()
           at System.Runtime.CompilerServices.TaskAwaiter.ThrowForNonSuccess(Task task)
           at System.Runtime.CompilerServices.TaskAwaiter.HandleNonSuccessAndDebuggerNotification(Task task, ConfigureAwaitOptions options)
    Hexalith.EventStore.Server.Tests.Projections.ProjectionRebuildCheckpointStoreTests.SaveAsyncActiveStatusFailsWhenActiveIndexCannotBePersisted [FAIL]
      System.IO.FileNotFoundException : Could not load file or assembly 'Hexalith.Commons.UniqueIds, Version=3.117.1.0, Culture=neutral, PublicKeyToken=null'. The system cannot find the file specified.
      
      Stack Trace:
        src/Hexalith.EventStore.Server/Projections/ProjectionRebuildCheckpointStore.cs(90,0): at Hexalith.EventStore.Server.Projections.ProjectionRebuildCheckpointStore.IsValidOperationId(String operationId)
        src/Hexalith.EventStore.Server/Projections/ProjectionRebuildCheckpointStore.cs(890,0): at Hexalith.EventStore.Server.Projections.ProjectionRebuildCheckpointStore.ValidateScope(ProjectionRebuildCheckpointScope scope)
        src/Hexalith.EventStore.Server/Projections/ProjectionRebuildCheckpointStore.cs(121,0): at Hexalith.EventStore.Server.Projections.ProjectionRebuildCheckpointStore.SaveAsync(ProjectionRebuildCheckpointScope scope, Int64 lastAppliedSequence, ProjectionRebuildStatus status, String failureReasonCode, CancellationToken cancellationToken, Nullable`1 toPosition, Boolean isPerAggregateProgress)
        tests/Hexalith.EventStore.Server.Tests/Projections/ProjectionRebuildCheckpointStoreTests.cs(407,0): at Hexalith.EventStore.Server.Tests.Projections.ProjectionRebuildCheckpointStoreTests.SaveAsyncActiveStatusFailsWhenActiveIndexCannotBePersisted()
        --- End of stack trace from previous location ---
    Hexalith.EventStore.Server.Tests.Projections.ProjectionRebuildCheckpointStoreTests.SaveAsyncMissingCheckpointWritesInitialProgressWithEtag [FAIL]
      System.IO.FileNotFoundException : Could not load file or assembly 'Hexalith.Commons.UniqueIds, Version=3.117.1.0, Culture=neutral, PublicKeyToken=null'. The system cannot find the file specified.
      
      Stack Trace:
        src/Hexalith.EventStore.Server/Projections/ProjectionRebuildCheckpointStore.cs(90,0): at Hexalith.EventStore.Server.Projections.ProjectionRebuildCheckpointStore.IsValidOperationId(String operationId)
        src/Hexalith.EventStore.Server/Projections/ProjectionRebuildCheckpointStore.cs(890,0): at Hexalith.EventStore.Server.Projections.ProjectionRebuildCheckpointStore.ValidateScope(ProjectionRebuildCheckpointScope scope)
        src/Hexalith.EventStore.Server/Projections/ProjectionRebuildCheckpointStore.cs(121,0): at Hexalith.EventStore.Server.Projections.ProjectionRebuildCheckpointStore.SaveAsync(ProjectionRebuildCheckpointScope scope, Int64 lastAppliedSequence, ProjectionRebuildStatus status, String failureReasonCode, CancellationToken cancellationToken, Nullable`1 toPosition, Boolean isPerAggregateProgress)
        tests/Hexalith.EventStore.Server.Tests/Projections/ProjectionRebuildCheckpointStoreTests.cs(33,0): at Hexalith.EventStore.Server.Tests.Projections.ProjectionRebuildCheckpointStoreTests.SaveAsyncMissingCheckpointWritesInitialProgressWithEtag()
        --- End of stack trace from previous location ---
    Hexalith.EventStore.Server.Tests.Projections.ProjectionRebuildCheckpointStoreTests.SaveAsyncRetriesTaskCanceledTimeoutsAsCheckpointUnavailable [FAIL]
      System.IO.FileNotFoundException : Could not load file or assembly 'Hexalith.Commons.UniqueIds, Version=3.117.1.0, Culture=neutral, PublicKeyToken=null'. The system cannot find the file specified.
      
      Stack Trace:
        src/Hexalith.EventStore.Server/Projections/ProjectionRebuildCheckpointStore.cs(90,0): at Hexalith.EventStore.Server.Projections.ProjectionRebuildCheckpointStore.IsValidOperationId(String operationId)
        src/Hexalith.EventStore.Server/Projections/ProjectionRebuildCheckpointStore.cs(890,0): at Hexalith.EventStore.Server.Projections.ProjectionRebuildCheckpointStore.ValidateScope(ProjectionRebuildCheckpointScope scope)
        src/Hexalith.EventStore.Server/Projections/ProjectionRebuildCheckpointStore.cs(121,0): at Hexalith.EventStore.Server.Projections.ProjectionRebuildCheckpointStore.SaveAsync(ProjectionRebuildCheckpointScope scope, Int64 lastAppliedSequence, ProjectionRebuildStatus status, String failureReasonCode, CancellationToken cancellationToken, Nullable`1 toPosition, Boolean isPerAggregateProgress)
        tests/Hexalith.EventStore.Server.Tests/Projections/ProjectionRebuildCheckpointStoreTests.cs(376,0): at Hexalith.EventStore.Server.Tests.Projections.ProjectionRebuildCheckpointStoreTests.SaveAsyncRetriesTaskCanceledTimeoutsAsCheckpointUnavailable()
        --- End of stack trace from previous location ---
    Hexalith.EventStore.Server.Tests.Projections.ProjectionRebuildCheckpointStoreTests.ClearOrphanActiveRebuildIndexEntriesAsyncRevalidatesBeforeRemoving [FAIL]
      System.IO.FileNotFoundException : Could not load file or assembly 'Hexalith.Commons.UniqueIds, Version=3.117.1.0, Culture=neutral, PublicKeyToken=null'. The system cannot find the file specified.
      
      Stack Trace:
        src/Hexalith.EventStore.Server/Projections/ProjectionRebuildCheckpointStore.cs(90,0): at Hexalith.EventStore.Server.Projections.ProjectionRebuildCheckpointStore.IsValidOperationId(String operationId)
        src/Hexalith.EventStore.Server/Projections/ProjectionRebuildCheckpointStore.cs(74,0): at Hexalith.EventStore.Server.Projections.ProjectionRebuildCheckpointStore.ReadAsync(ProjectionRebuildCheckpointScope scope, CancellationToken cancellationToken)
        src/Hexalith.EventStore.Server/Projections/ProjectionRebuildCheckpointStore.cs(513,0): at Hexalith.EventStore.Server.Projections.ProjectionRebuildCheckpointStore.ClearOrphanActiveRebuildIndexEntriesAsync(String tenant, String domain, CancellationToken cancellationToken)
        tests/Hexalith.EventStore.Server.Tests/Projections/ProjectionRebuildCheckpointStoreTests.cs(502,0): at Hexalith.EventStore.Server.Tests.Projections.ProjectionRebuildCheckpointStoreTests.ClearOrphanActiveRebuildIndexEntriesAsyncRevalidatesBeforeRemoving()
        --- End of stack trace from previous location ---
    Hexalith.EventStore.Server.Tests.Projections.ProjectionRebuildCheckpointStoreTests.SaveAsyncRetriesTransientStoreUnavailableBeforeReturningFailure [FAIL]
      System.IO.FileNotFoundException : Could not load file or assembly 'Hexalith.Commons.UniqueIds, Version=3.117.1.0, Culture=neutral, PublicKeyToken=null'. The system cannot find the file specified.
      
      Stack Trace:
        src/Hexalith.EventStore.Server/Projections/ProjectionRebuildCheckpointStore.cs(90,0): at Hexalith.EventStore.Server.Projections.ProjectionRebuildCheckpointStore.IsValidOperationId(String operationId)
        src/Hexalith.EventStore.Server/Projections/ProjectionRebuildCheckpointStore.cs(890,0): at Hexalith.EventStore.Server.Projections.ProjectionRebuildCheckpointStore.ValidateScope(ProjectionRebuildCheckpointScope scope)
        src/Hexalith.EventStore.Server/Projections/ProjectionRebuildCheckpointStore.cs(121,0): at Hexalith.EventStore.Server.Projections.ProjectionRebuildCheckpointStore.SaveAsync(ProjectionRebuildCheckpointScope scope, Int64 lastAppliedSequence, ProjectionRebuildStatus status, String failureReasonCode, CancellationToken cancellationToken, Nullable`1 toPosition, Boolean isPerAggregateProgress)
        tests/Hexalith.EventStore.Server.Tests/Projections/ProjectionRebuildCheckpointStoreTests.cs(348,0): at Hexalith.EventStore.Server.Tests.Projections.ProjectionRebuildCheckpointStoreTests.SaveAsyncRetriesTransientStoreUnavailableBeforeReturningFailure()
        --- End of stack trace from previous location ---
    Hexalith.EventStore.Server.Tests.Projections.ProjectionRebuildCheckpointStoreTests.SaveAsyncExistingHigherCheckpointDoesNotRegressOrWrite [FAIL]
      System.IO.FileNotFoundException : Could not load file or assembly 'Hexalith.Commons.UniqueIds, Version=3.117.1.0, Culture=neutral, PublicKeyToken=null'. The system cannot find the file specified.
      
      Stack Trace:
        src/Hexalith.EventStore.Server/Projections/ProjectionRebuildCheckpointStore.cs(90,0): at Hexalith.EventStore.Server.Projections.ProjectionRebuildCheckpointStore.IsValidOperationId(String operationId)
        src/Hexalith.EventStore.Server/Projections/ProjectionRebuildCheckpointStore.cs(890,0): at Hexalith.EventStore.Server.Projections.ProjectionRebuildCheckpointStore.ValidateScope(ProjectionRebuildCheckpointScope scope)
        src/Hexalith.EventStore.Server/Projections/ProjectionRebuildCheckpointStore.cs(121,0): at Hexalith.EventStore.Server.Projections.ProjectionRebuildCheckpointStore.SaveAsync(ProjectionRebuildCheckpointScope scope, Int64 lastAppliedSequence, ProjectionRebuildStatus status, String failureReasonCode, CancellationToken cancellationToken, Nullable`1 toPosition, Boolean isPerAggregateProgress)
        tests/Hexalith.EventStore.Server.Tests/Projections/ProjectionRebuildCheckpointStoreTests.cs(64,0): at Hexalith.EventStore.Server.Tests.Projections.ProjectionRebuildCheckpointStoreTests.SaveAsyncExistingHigherCheckpointDoesNotRegressOrWrite()
        --- End of stack trace from previous location ---
    Hexalith.EventStore.Server.Tests.Projections.ProjectionRebuildCheckpointStoreTests.SaveAsyncRejectsMalformedOperationIdsBeforeStateAccess(operationId: "operation-1") [FAIL]
      Shouldly.ShouldAssertException : Task `store.SaveAsync( Scope with { OperationId = operationId }, lastAppliedSequence: 11, ProjectionRebuildStatus.Running)`
          should throw
      System.ArgumentException
          but threw
      System.IO.FileNotFoundException
      Stack Trace:
           at System.Threading.Tasks.ContinuationResultTaskFromResultTask`2.InnerInvoke()
           at System.Threading.ExecutionContext.RunFromThreadPoolDispatchLoop(Thread threadPoolThread, ExecutionContext executionContext, ContextCallback callback, Object state)
        --- End of stack trace from previous location ---
           at System.Runtime.ExceptionServices.ExceptionDispatchInfo.Throw()
           at System.Threading.ExecutionContext.RunFromThreadPoolDispatchLoop(Thread threadPoolThread, ExecutionContext executionContext, ContextCallback callback, Object state)
           at System.Threading.Tasks.Task.ExecuteWithThreadLocal(Task& currentTaskSlot, Thread threadPoolThread)
        --- End of stack trace from previous location ---
           at System.Runtime.ExceptionServices.ExceptionDispatchInfo.Throw()
           at System.Runtime.CompilerServices.TaskAwaiter.ThrowForNonSuccess(Task task)
           at System.Runtime.CompilerServices.TaskAwaiter.HandleNonSuccessAndDebuggerNotification(Task task, ConfigureAwaitOptions options)
           at System.Runtime.CompilerServices.TaskAwaiter`1.GetResult()
        tests/Hexalith.EventStore.Server.Tests/Projections/ProjectionRebuildCheckpointStoreTests.cs(258,0): at Hexalith.EventStore.Server.Tests.Projections.ProjectionRebuildCheckpointStoreTests.SaveAsyncRejectsMalformedOperationIdsBeforeStateAccess(String operationId)
           at System.Runtime.ExceptionServices.ExceptionDispatchInfo.Throw()
           at System.Runtime.CompilerServices.TaskAwaiter.ThrowForNonSuccess(Task task)
           at System.Runtime.CompilerServices.TaskAwaiter.HandleNonSuccessAndDebuggerNotification(Task task, ConfigureAwaitOptions options)
        --- End of stack trace from previous location ---
           at System.Runtime.ExceptionServices.ExceptionDispatchInfo.Throw()
           at System.Runtime.CompilerServices.TaskAwaiter.ThrowForNonSuccess(Task task)
           at System.Runtime.CompilerServices.TaskAwaiter.HandleNonSuccessAndDebuggerNotification(Task task, ConfigureAwaitOptions options)
    Hexalith.EventStore.Server.Tests.Projections.ProjectionRebuildCheckpointStoreTests.SaveAsyncRejectsMalformedOperationIdsBeforeStateAccess(operationId: "01HX000000000000000000000I") [FAIL]
      Shouldly.ShouldAssertException : Task `store.SaveAsync( Scope with { OperationId = operationId }, lastAppliedSequence: 11, ProjectionRebuildStatus.Running)`
          should throw
      System.ArgumentException
          but threw
      System.IO.FileNotFoundException
      Stack Trace:
           at System.Threading.Tasks.ContinuationResultTaskFromResultTask`2.InnerInvoke()
           at System.Threading.ExecutionContext.RunFromThreadPoolDispatchLoop(Thread threadPoolThread, ExecutionContext executionContext, ContextCallback callback, Object state)
        --- End of stack trace from previous location ---
           at System.Runtime.ExceptionServices.ExceptionDispatchInfo.Throw()
           at System.Threading.ExecutionContext.RunFromThreadPoolDispatchLoop(Thread threadPoolThread, ExecutionContext executionContext, ContextCallback callback, Object state)
           at System.Threading.Tasks.Task.ExecuteWithThreadLocal(Task& currentTaskSlot, Thread threadPoolThread)
        --- End of stack trace from previous location ---
           at System.Runtime.ExceptionServices.ExceptionDispatchInfo.Throw()
           at System.Runtime.CompilerServices.TaskAwaiter.ThrowForNonSuccess(Task task)
           at System.Runtime.CompilerServices.TaskAwaiter.HandleNonSuccessAndDebuggerNotification(Task task, ConfigureAwaitOptions options)
           at System.Runtime.CompilerServices.TaskAwaiter`1.GetResult()
        tests/Hexalith.EventStore.Server.Tests/Projections/ProjectionRebuildCheckpointStoreTests.cs(258,0): at Hexalith.EventStore.Server.Tests.Projections.ProjectionRebuildCheckpointStoreTests.SaveAsyncRejectsMalformedOperationIdsBeforeStateAccess(String operationId)
           at System.Runtime.ExceptionServices.ExceptionDispatchInfo.Throw()
           at System.Runtime.CompilerServices.TaskAwaiter.ThrowForNonSuccess(Task task)
           at System.Runtime.CompilerServices.TaskAwaiter.HandleNonSuccessAndDebuggerNotification(Task task, ConfigureAwaitOptions options)
        --- End of stack trace from previous location ---
           at System.Runtime.ExceptionServices.ExceptionDispatchInfo.Throw()
           at System.Runtime.CompilerServices.TaskAwaiter.ThrowForNonSuccess(Task task)
           at System.Runtime.CompilerServices.TaskAwaiter.HandleNonSuccessAndDebuggerNotification(Task task, ConfigureAwaitOptions options)
    Hexalith.EventStore.Server.Tests.Projections.ProjectionRebuildCheckpointStoreTests.SaveAsyncRejectsMalformedOperationIdsBeforeStateAccess(operationId: "01HX000000000000000000000O") [FAIL]
      Shouldly.ShouldAssertException : Task `store.SaveAsync( Scope with { OperationId = operationId }, lastAppliedSequence: 11, ProjectionRebuildStatus.Running)`
          should throw
      System.ArgumentException
          but threw
      System.IO.FileNotFoundException
      Stack Trace:
           at System.Threading.Tasks.ContinuationResultTaskFromResultTask`2.InnerInvoke()
           at System.Threading.ExecutionContext.RunFromThreadPoolDispatchLoop(Thread threadPoolThread, ExecutionContext executionContext, ContextCallback callback, Object state)
        --- End of stack trace from previous location ---
           at System.Runtime.ExceptionServices.ExceptionDispatchInfo.Throw()
           at System.Threading.ExecutionContext.RunFromThreadPoolDispatchLoop(Thread threadPoolThread, ExecutionContext executionContext, ContextCallback callback, Object state)
           at System.Threading.Tasks.Task.ExecuteWithThreadLocal(Task& currentTaskSlot, Thread threadPoolThread)
        --- End of stack trace from previous location ---
           at System.Runtime.ExceptionServices.ExceptionDispatchInfo.Throw()
           at System.Runtime.CompilerServices.TaskAwaiter.ThrowForNonSuccess(Task task)
           at System.Runtime.CompilerServices.TaskAwaiter.HandleNonSuccessAndDebuggerNotification(Task task, ConfigureAwaitOptions options)
           at System.Runtime.CompilerServices.TaskAwaiter`1.GetResult()
        tests/Hexalith.EventStore.Server.Tests/Projections/ProjectionRebuildCheckpointStoreTests.cs(258,0): at Hexalith.EventStore.Server.Tests.Projections.ProjectionRebuildCheckpointStoreTests.SaveAsyncRejectsMalformedOperationIdsBeforeStateAccess(String operationId)
           at System.Runtime.ExceptionServices.ExceptionDispatchInfo.Throw()
           at System.Runtime.CompilerServices.TaskAwaiter.ThrowForNonSuccess(Task task)
           at System.Runtime.CompilerServices.TaskAwaiter.HandleNonSuccessAndDebuggerNotification(Task task, ConfigureAwaitOptions options)
        --- End of stack trace from previous location ---
           at System.Runtime.ExceptionServices.ExceptionDispatchInfo.Throw()
           at System.Runtime.CompilerServices.TaskAwaiter.ThrowForNonSuccess(Task task)
           at System.Runtime.CompilerServices.TaskAwaiter.HandleNonSuccessAndDebuggerNotification(Task task, ConfigureAwaitOptions options)
    Hexalith.EventStore.Server.Tests.Projections.ProjectionRebuildCheckpointStoreTests.SaveAsyncRejectsMalformedOperationIdsBeforeStateAccess(operationId: "01HX000000000000000000000U") [FAIL]
      Shouldly.ShouldAssertException : Task `store.SaveAsync( Scope with { OperationId = operationId }, lastAppliedSequence: 11, ProjectionRebuildStatus.Running)`
          should throw
      System.ArgumentException
          but threw
      System.IO.FileNotFoundException
      Stack Trace:
           at System.Threading.Tasks.ContinuationResultTaskFromResultTask`2.InnerInvoke()
           at System.Threading.ExecutionContext.RunFromThreadPoolDispatchLoop(Thread threadPoolThread, ExecutionContext executionContext, ContextCallback callback, Object state)
        --- End of stack trace from previous location ---
           at System.Runtime.ExceptionServices.ExceptionDispatchInfo.Throw()
           at System.Threading.ExecutionContext.RunFromThreadPoolDispatchLoop(Thread threadPoolThread, ExecutionContext executionContext, ContextCallback callback, Object state)
           at System.Threading.Tasks.Task.ExecuteWithThreadLocal(Task& currentTaskSlot, Thread threadPoolThread)
        --- End of stack trace from previous location ---
           at System.Runtime.ExceptionServices.ExceptionDispatchInfo.Throw()
           at System.Runtime.CompilerServices.TaskAwaiter.ThrowForNonSuccess(Task task)
           at System.Runtime.CompilerServices.TaskAwaiter.HandleNonSuccessAndDebuggerNotification(Task task, ConfigureAwaitOptions options)
           at System.Runtime.CompilerServices.TaskAwaiter`1.GetResult()
        tests/Hexalith.EventStore.Server.Tests/Projections/ProjectionRebuildCheckpointStoreTests.cs(258,0): at Hexalith.EventStore.Server.Tests.Projections.ProjectionRebuildCheckpointStoreTests.SaveAsyncRejectsMalformedOperationIdsBeforeStateAccess(String operationId)
           at System.Runtime.ExceptionServices.ExceptionDispatchInfo.Throw()
           at System.Runtime.CompilerServices.TaskAwaiter.ThrowForNonSuccess(Task task)
           at System.Runtime.CompilerServices.TaskAwaiter.HandleNonSuccessAndDebuggerNotification(Task task, ConfigureAwaitOptions options)
        --- End of stack trace from previous location ---
           at System.Runtime.ExceptionServices.ExceptionDispatchInfo.Throw()
           at System.Runtime.CompilerServices.TaskAwaiter.ThrowForNonSuccess(Task task)
           at System.Runtime.CompilerServices.TaskAwaiter.HandleNonSuccessAndDebuggerNotification(Task task, ConfigureAwaitOptions options)
    Hexalith.EventStore.Server.Tests.Projections.ProjectionRebuildCheckpointStoreTests.SaveAsyncRejectsConcurrentActiveOperationInsteadOfOverwritingOperationId [FAIL]
      System.IO.FileNotFoundException : Could not load file or assembly 'Hexalith.Commons.UniqueIds, Version=3.117.1.0, Culture=neutral, PublicKeyToken=null'. The system cannot find the file specified.
      
      Stack Trace:
        src/Hexalith.EventStore.Server/Projections/ProjectionRebuildCheckpointStore.cs(90,0): at Hexalith.EventStore.Server.Projections.ProjectionRebuildCheckpointStore.IsValidOperationId(String operationId)
        src/Hexalith.EventStore.Server/Projections/ProjectionRebuildCheckpointStore.cs(890,0): at Hexalith.EventStore.Server.Projections.ProjectionRebuildCheckpointStore.ValidateScope(ProjectionRebuildCheckpointScope scope)
        src/Hexalith.EventStore.Server/Projections/ProjectionRebuildCheckpointStore.cs(121,0): at Hexalith.EventStore.Server.Projections.ProjectionRebuildCheckpointStore.SaveAsync(ProjectionRebuildCheckpointScope scope, Int64 lastAppliedSequence, ProjectionRebuildStatus status, String failureReasonCode, CancellationToken cancellationToken, Nullable`1 toPosition, Boolean isPerAggregateProgress)
        tests/Hexalith.EventStore.Server.Tests/Projections/ProjectionRebuildCheckpointStoreTests.cs(293,0): at Hexalith.EventStore.Server.Tests.Projections.ProjectionRebuildCheckpointStoreTests.SaveAsyncRejectsConcurrentActiveOperationInsteadOfOverwritingOperationId()
        --- End of stack trace from previous location ---
    Hexalith.EventStore.Server.Tests.Projections.ProjectionRebuildCheckpointStoreTests.SaveAsyncRetriesEtagConflictsAndReturnsCheckpointConflictWhenExhausted [FAIL]
      System.IO.FileNotFoundException : Could not load file or assembly 'Hexalith.Commons.UniqueIds, Version=3.117.1.0, Culture=neutral, PublicKeyToken=null'. The system cannot find the file specified.
      
      Stack Trace:
        src/Hexalith.EventStore.Server/Projections/ProjectionRebuildCheckpointStore.cs(90,0): at Hexalith.EventStore.Server.Projections.ProjectionRebuildCheckpointStore.IsValidOperationId(String operationId)
        src/Hexalith.EventStore.Server/Projections/ProjectionRebuildCheckpointStore.cs(890,0): at Hexalith.EventStore.Server.Projections.ProjectionRebuildCheckpointStore.ValidateScope(ProjectionRebuildCheckpointScope scope)
        src/Hexalith.EventStore.Server/Projections/ProjectionRebuildCheckpointStore.cs(121,0): at Hexalith.EventStore.Server.Projections.ProjectionRebuildCheckpointStore.SaveAsync(ProjectionRebuildCheckpointScope scope, Int64 lastAppliedSequence, ProjectionRebuildStatus status, String failureReasonCode, CancellationToken cancellationToken, Nullable`1 toPosition, Boolean isPerAggregateProgress)
        tests/Hexalith.EventStore.Server.Tests/Projections/ProjectionRebuildCheckpointStoreTests.cs(114,0): at Hexalith.EventStore.Server.Tests.Projections.ProjectionRebuildCheckpointStoreTests.SaveAsyncRetriesEtagConflictsAndReturnsCheckpointConflictWhenExhausted()
        --- End of stack trace from previous location ---
{"EventId":1121,"LogLevel":"Information","Category":"Hexalith.EventStore.Server.Projections.ProjectionDiscoveryHostedService","Message":"Projection discovery: domain \u0027counter\u0027 -\u003E immediate mode (fire-and-forget after persistence)","State":{"Message":"Domain=counter,{OriginalFormat}=Projection discovery: domain \u0027{Domain}\u0027 -\u003E immediate mode (fire-and-forget after persistence)","Domain":"counter","{OriginalFormat}":"Projection discovery: domain \u0027{Domain}\u0027 -\u003E immediate mode (fire-and-forget after persistence)"}}
{"EventId":1121,"LogLevel":"Information","Category":"Hexalith.EventStore.Server.Projections.ProjectionDiscoveryHostedService","Message":"Projection discovery: domain \u0027global-administrators\u0027 -\u003E immediate mode (fire-and-forget after persistence)","State":{"Message":"Domain=global-administrators,{OriginalFormat}=Projection discovery: domain \u0027{Domain}\u0027 -\u003E immediate mode (fire-and-forget after persistence)","Domain":"global-administrators","{OriginalFormat}":"Projection discovery: domain \u0027{Domain}\u0027 -\u003E immediate mode (fire-and-forget after persistence)"}}
{"EventId":1121,"LogLevel":"Information","Category":"Hexalith.EventStore.Server.Projections.ProjectionDiscoveryHostedService","Message":"Projection discovery: domain \u0027greeting\u0027 -\u003E immediate mode (fire-and-forget after persistence)","State":{"Message":"Domain=greeting,{OriginalFormat}=Projection discovery: domain \u0027{Domain}\u0027 -\u003E immediate mode (fire-and-forget after persistence)","Domain":"greeting","{OriginalFormat}":"Projection discovery: domain \u0027{Domain}\u0027 -\u003E immediate mode (fire-and-forget after persistence)"}}
{"EventId":1121,"LogLevel":"Information","Category":"Hexalith.EventStore.Server.Projections.ProjectionDiscoveryHostedService","Message":"Projection discovery: domain \u0027tenants\u0027 -\u003E immediate mode (fire-and-forget after persistence)","State":{"Message":"Domain=tenants,{OriginalFormat}=Projection discovery: domain \u0027{Domain}\u0027 -\u003E immediate mode (fire-and-forget after persistence)","Domain":"tenants","{OriginalFormat}":"Projection discovery: domain \u0027{Domain}\u0027 -\u003E immediate mode (fire-and-forget after persistence)"}}
{"EventId":1124,"LogLevel":"Information","Category":"Hexalith.EventStore.Server.Projections.ProjectionDiscoveryHostedService","Message":"Projection discovery complete: 4 domains discovered. Default refresh interval: 0ms (0=immediate).","State":{"Message":"DefaultRefreshIntervalMs=0,DomainCount=4,{OriginalFormat}=Projection discovery complete: {DomainCount} domains discovered. Default refresh interval: {DefaultRefreshIntervalMs}ms (0=immediate).","DefaultRefreshIntervalMs":0,"DomainCount":4,"{OriginalFormat}":"Projection discovery complete: {DomainCount} domains discovered. Default refresh interval: {DefaultRefreshIntervalMs}ms (0=immediate)."}}
{"EventId":1200,"LogLevel":"Information","Category":"Hexalith.EventStore.Server.Projections.ActiveRebuildIndexCleanupService","Message":"Active-rebuild-index cleanup service started: CadenceSeconds=60, Stage=ActiveRebuildIndexCleanupServiceStarted","State":{"Message":"CadenceSeconds=60,{OriginalFormat}=Active-rebuild-index cleanup service started: CadenceSeconds={CadenceSeconds}, Stage=ActiveRebuildIndexCleanupServiceStarted","CadenceSeconds":60,"{OriginalFormat}":"Active-rebuild-index cleanup service started: CadenceSeconds={CadenceSeconds}, Stage=ActiveRebuildIndexCleanupServiceStarted"}}
{"EventId":0,"LogLevel":"Warning","Category":"Hexalith.EventStore.Configuration.DaprRateLimitConfigSync","Message":"DAPR config store unavailable for rate limit sync. Falling back to appsettings.json values.","Exception":"Dapr.DaprException: GetConfiguration operation failed: the Dapr endpoint indicated a failure. See InnerException for details.\n ---\u003E Grpc.Core.RpcException: Status(StatusCode=\u0022Unavailable\u0022, Detail=\u0022Error connecting to subchannel.\u0022, DebugException=\u0022System.Net.Sockets.SocketException: Connection refused\u0022)\n ---\u003E System.Net.Sockets.SocketException (111): Connection refused\n   at System.Net.Sockets.Socket.AwaitableSocketAsyncEventArgs.ThrowException(SocketError error, CancellationToken cancellationToken)\n   at System.Net.Sockets.Socket.AwaitableSocketAsyncEventArgs.System.Threading.Tasks.Sources.IValueTaskSource.GetResult(Int16 token)\n   at Grpc.Net.Client.Balancer.Internal.SocketConnectivitySubchannelTransport.TryConnectAsync(ConnectContext context, Int32 attempt)\n   --- End of inner exception stack trace ---\n   at Grpc.Net.Client.Balancer.Internal.ConnectionManager.PickAsync(PickContext context, Boolean waitForReady, CancellationToken cancellationToken)\n   at Grpc.Net.Client.Balancer.Internal.BalancerHttpHandler.SendAsync(HttpRequestMessage request, CancellationToken cancellationToken)\n   at Grpc.Net.Client.Internal.GrpcCall\u00602.RunCall(HttpRequestMessage request, Nullable\u00601 timeout)\n   at Dapr.Client.DaprClientGrpc.GetConfiguration(String storeName, IReadOnlyList\u00601 keys, IReadOnlyDictionary\u00602 metadata, CancellationToken cancellationToken)\n   --- End of inner exception stack trace ---\n   at Dapr.Client.DaprClientGrpc.GetConfiguration(String storeName, IReadOnlyList\u00601 keys, IReadOnlyDictionary\u00602 metadata, CancellationToken cancellationToken)\n   at Hexalith.EventStore.Configuration.DaprRateLimitConfigSync.FetchConfigurationAsync(DaprClient daprClient, String[] keys, CancellationToken cancellationToken) in /home/administrator/projects/hexalith/eventstore/src/Hexalith.EventStore/Configuration/DaprRateLimitConfigSync.cs:line 70\n   at Hexalith.EventStore.Configuration.DaprRateLimitConfigSync.LoadTenantIdsAsync(DaprClient daprClient, CancellationToken cancellationToken) in /home/administrator/projects/hexalith/eventstore/src/Hexalith.EventStore/Configuration/DaprRateLimitConfigSync.cs:line 80\n   at Hexalith.EventStore.Configuration.DaprRateLimitConfigSync.SyncTenantOverridesAsync(DaprClient daprClient, CancellationToken cancellationToken) in /home/administrator/projects/hexalith/eventstore/src/Hexalith.EventStore/Configuration/DaprRateLimitConfigSync.cs:line 158","State":{"{OriginalFormat}":"DAPR config store unavailable for rate limit sync. Falling back to appsettings.json values."}}
{"EventId":0,"LogLevel":"Information","Category":"Microsoft.Hosting.Lifetime","Message":"Application started. Press Ctrl\u002BC to shut down.","State":{"{OriginalFormat}":"Application started. Press Ctrl\u002BC to shut down."}}
{"EventId":0,"LogLevel":"Information","Category":"Microsoft.Hosting.Lifetime","Message":"Hosting environment: Development","State":{"EnvName":"Development","{OriginalFormat}":"Hosting environment: {EnvName}"}}
{"EventId":0,"LogLevel":"Information","Category":"Microsoft.Hosting.Lifetime","Message":"Content root path: /home/administrator/projects/hexalith/eventstore/src/Hexalith.EventStore","State":{"ContentRoot":"/home/administrator/projects/hexalith/eventstore/src/Hexalith.EventStore","{OriginalFormat}":"Content root path: {ContentRoot}"}}
{"EventId":9,"LogLevel":"Warning","Category":"Microsoft.AspNetCore.Routing.EndpointRoutingMiddleware","Message":"A request body size limit could not be applied. This server does not support the IHttpMaxRequestBodySizeFeature.","State":{"{OriginalFormat}":"A request body size limit could not be applied. This server does not support the IHttpMaxRequestBodySizeFeature."}}
{"EventId":1,"LogLevel":"Warning","Category":"Microsoft.AspNetCore.Mvc.Filters.RequestSizeLimitFilter","Message":"A request body size limit could not be applied. This server does not support the IHttpRequestBodySizeFeature.","State":{"{OriginalFormat}":"A request body size limit could not be applied. This server does not support the IHttpRequestBodySizeFeature."}}
{"EventId":1203,"LogLevel":"Error","Category":"Hexalith.EventStore.Authorization.ActorTenantValidator","Message":"Actor tenant validation failed: UserId=test-user, TenantId=tenant-a, ActorType=TestTenantValidatorActor, InnerExceptionType=InvalidOperationException, Stage=ActorTenantValidationFailed","Exception":"Dapr.Actors.ActorMethodInvocationException: Simulated DAPR actor connectivity failure\n ---\u003E System.InvalidOperationException: Simulated DAPR sidecar connectivity failure\n   --- End of inner exception stack trace ---\n   at Hexalith.EventStore.Testing.Fakes.FakeTenantValidatorActor.ValidateTenantAccessAsync(TenantValidationRequest request) in /home/administrator/projects/hexalith/eventstore/src/Hexalith.EventStore.Testing/Fakes/FakeTenantValidatorActor.cs:line 37\n   at Hexalith.EventStore.Authorization.ActorTenantValidator.ValidateAsync(ClaimsPrincipal user, String tenantId, CancellationToken cancellationToken, String aggregateId) in /home/administrator/projects/hexalith/eventstore/src/Hexalith.EventStore/Authorization/ActorTenantValidator.cs:line 48","State":{"Message":"InnerExceptionType=InvalidOperationException,ActorType=TestTenantValidatorActor,TenantId=tenant-a,UserId=test-user,{OriginalFormat}=Actor tenant validation failed: UserId={UserId}, TenantId={TenantId}, ActorType={ActorType}, InnerExceptionType={InnerExceptionType}, Stage=ActorTenantValidationFailed","InnerExceptionType":"InvalidOperationException","ActorType":"TestTenantValidatorActor","TenantId":"tenant-a","UserId":"test-user","{OriginalFormat}":"Actor tenant validation failed: UserId={UserId}, TenantId={TenantId}, ActorType={ActorType}, InnerExceptionType={InnerExceptionType}, Stage=ActorTenantValidationFailed"}}
{"EventId":0,"LogLevel":"Error","Category":"Hexalith.EventStore.ErrorHandling.AuthorizationServiceUnavailableHandler","Message":"Authorization service unavailable: SecurityEvent=AuthorizationServiceUnavailable, CorrelationId=01M4DT8D2W38T5H9ZBEQFZKB1Q, ActorType=TestTenantValidatorActor, ActorId=tenant-a, Reason=Simulated DAPR actor connectivity failure","Exception":"Hexalith.EventStore.ErrorHandling.AuthorizationServiceUnavailableException: Authorization service unavailable: actor \u0027TestTenantValidatorActor\u0027 (ID: tenant-a): Simulated DAPR actor connectivity failure\n ---\u003E Dapr.Actors.ActorMethodInvocationException: Simulated DAPR actor connectivity failure\n ---\u003E System.InvalidOperationException: Simulated DAPR sidecar connectivity failure\n   --- End of inner exception stack trace ---\n   at Hexalith.EventStore.Testing.Fakes.FakeTenantValidatorActor.ValidateTenantAccessAsync(TenantValidationRequest request) in /home/administrator/projects/hexalith/eventstore/src/Hexalith.EventStore.Testing/Fakes/FakeTenantValidatorActor.cs:line 37\n   at Hexalith.EventStore.Authorization.ActorTenantValidator.ValidateAsync(ClaimsPrincipal user, String tenantId, CancellationToken cancellationToken, String aggregateId) in /home/administrator/projects/hexalith/eventstore/src/Hexalith.EventStore/Authorization/ActorTenantValidator.cs:line 48\n   --- End of inner exception stack trace ---\n   at Hexalith.EventStore.Authorization.ActorTenantValidator.ValidateAsync(ClaimsPrincipal user, String tenantId, CancellationToken cancellationToken, String aggregateId) in /home/administrator/projects/hexalith/eventstore/src/Hexalith.EventStore/Authorization/ActorTenantValidator.cs:line 55\n   at Hexalith.EventStore.Pipeline.AuthorizationBehavior\u00602.Handle(TRequest request, RequestHandlerDelegate\u00601 next, CancellationToken cancellationToken) in /home/administrator/projects/hexalith/eventstore/src/Hexalith.EventStore/Pipeline/AuthorizationBehavior.cs:line 81\n   at Hexalith.EventStore.Controllers.CommandsController.Submit(SubmitCommandRequest request, CancellationToken cancellationToken) in /home/administrator/projects/hexalith/eventstore/src/Hexalith.EventStore/Controllers/CommandsController.cs:line 190\n   at Microsoft.AspNetCore.Mvc.Infrastructure.ActionMethodExecutor.TaskOfIActionResultExecutor.Execute(ActionContext actionContext, IActionResultTypeMapper mapper, ObjectMethodExecutor executor, Object controller, Object[] arguments)\n   at Microsoft.AspNetCore.Mvc.Infrastructure.ControllerActionInvoker.\u003CInvokeActionMethodAsync\u003Eg__Logged|12_1(ControllerActionInvoker invoker)\n   at Microsoft.AspNetCore.Mvc.Infrastructure.ControllerActionInvoker.\u003CInvokeNextActionFilterAsync\u003Eg__Awaited|10_0(ControllerActionInvoker invoker, Task lastTask, State next, Scope scope, Object state, Boolean isCompleted)\n   at Microsoft.AspNetCore.Mvc.Infrastructure.ControllerActionInvoker.Rethrow(ActionExecutedContextSealed context)\n   at Microsoft.AspNetCore.Mvc.Infrastructure.ControllerActionInvoker.Next(State\u0026 next, Scope\u0026 scope, Object\u0026 state, Boolean\u0026 isCompleted)\n   at Microsoft.AspNetCore.Mvc.Infrastructure.ControllerActionInvoker.InvokeInnerFilterAsync()\n--- End of stack trace from previous location ---\n   at Microsoft.AspNetCore.Mvc.Infrastructure.ResourceInvoker.\u003CInvokeNextResourceFilter\u003Eg__Awaited|25_0(ResourceInvoker invoker, Task lastTask, State next, Scope scope, Object state, Boolean isCompleted)\n   at Microsoft.AspNetCore.Mvc.Infrastructure.ResourceInvoker.Rethrow(ResourceExecutedContextSealed context)\n   at Microsoft.AspNetCore.Mvc.Infrastructure.ResourceInvoker.Next(State\u0026 next, Scope\u0026 scope, Object\u0026 state, Boolean\u0026 isCompleted)\n   at Microsoft.AspNetCore.Mvc.Infrastructure.ResourceInvoker.InvokeFilterPipelineAsync()\n--- End of stack trace from previous location ---\n   at Microsoft.AspNetCore.Mvc.Infrastructure.ResourceInvoker.\u003CInvokeAsync\u003Eg__Logged|17_1(ResourceInvoker invoker)\n   at Microsoft.AspNetCore.Mvc.Infrastructure.ResourceInvoker.\u003CInvokeAsync\u003Eg__Logged|17_1(ResourceInvoker invoker)\n   at Swashbuckle.AspNetCore.SwaggerUI.SwaggerUIMiddleware.Invoke(HttpContext httpContext)\n   at Dapr.CloudEventsMiddleware.InvokeAsync(HttpContext httpContext)\n   at Microsoft.AspNetCore.Authorization.AuthorizationMiddleware.Invoke(HttpContext context)\n   at Microsoft.AspNetCore.RateLimiting.RateLimitingMiddleware.InvokeInternal(HttpContext context, EnableRateLimitingAttribute enableRateLimitingAttribute)\n   at Microsoft.AspNetCore.Authentication.AuthenticationMiddleware.Invoke(HttpContext context)\n   at Microsoft.AspNetCore.Diagnostics.ExceptionHandlerMiddlewareImpl.\u003CInvoke\u003Eg__Awaited|10_0(ExceptionHandlerMiddlewareImpl middleware, HttpContext context, Task task)","State":{"SecurityEvent":"AuthorizationServiceUnavailable","CorrelationId":"01M4DT8D2W38T5H9ZBEQFZKB1Q","ActorType":"TestTenantValidatorActor","ActorId":"tenant-a","Reason":"Simulated DAPR actor connectivity failure","{OriginalFormat}":"Authorization service unavailable: SecurityEvent={SecurityEvent}, CorrelationId={CorrelationId}, ActorType={ActorType}, ActorId={ActorId}, Reason={Reason}"}}
{"EventId":9,"LogLevel":"Warning","Category":"Microsoft.AspNetCore.Routing.EndpointRoutingMiddleware","Message":"A request body size limit could not be applied. This server does not support the IHttpMaxRequestBodySizeFeature.","State":{"{OriginalFormat}":"A request body size limit could not be applied. This server does not support the IHttpMaxRequestBodySizeFeature."}}
{"EventId":1,"LogLevel":"Warning","Category":"Microsoft.AspNetCore.Mvc.Filters.RequestSizeLimitFilter","Message":"A request body size limit could not be applied. This server does not support the IHttpRequestBodySizeFeature.","State":{"{OriginalFormat}":"A request body size limit could not be applied. This server does not support the IHttpRequestBodySizeFeature."}}
{"EventId":1213,"LogLevel":"Error","Category":"Hexalith.EventStore.Authorization.ActorRbacValidator","Message":"Actor RBAC validation failed: UserId=test-user, TenantId=tenant-a, ActorType=TestRbacValidatorActor, InnerExceptionType=InvalidOperationException, Stage=ActorRbacValidationFailed","Exception":"Dapr.Actors.ActorMethodInvocationException: Simulated DAPR actor connectivity failure\n ---\u003E System.InvalidOperationException: Simulated DAPR sidecar connectivity failure\n   --- End of inner exception stack trace ---\n   at Hexalith.EventStore.Testing.Fakes.FakeRbacValidatorActor.ValidatePermissionAsync(RbacValidationRequest request) in /home/administrator/projects/hexalith/eventstore/src/Hexalith.EventStore.Testing/Fakes/FakeRbacValidatorActor.cs:line 37\n   at Hexalith.EventStore.Authorization.ActorRbacValidator.ValidateAsync(ClaimsPrincipal user, String tenantId, String domain, String messageType, String messageCategory, CancellationToken cancellationToken, String aggregateId) in /home/administrator/projects/hexalith/eventstore/src/Hexalith.EventStore/Authorization/ActorRbacValidator.cs:line 52","State":{"Message":"InnerExceptionType=InvalidOperationException,ActorType=TestRbacValidatorActor,TenantId=tenant-a,UserId=test-user,{OriginalFormat}=Actor RBAC validation failed: UserId={UserId}, TenantId={TenantId}, ActorType={ActorType}, InnerExceptionType={InnerExceptionType}, Stage=ActorRbacValidationFailed","InnerExceptionType":"InvalidOperationException","ActorType":"TestRbacValidatorActor","TenantId":"tenant-a","UserId":"test-user","{OriginalFormat}":"Actor RBAC validation failed: UserId={UserId}, TenantId={TenantId}, ActorType={ActorType}, InnerExceptionType={InnerExceptionType}, Stage=ActorRbacValidationFailed"}}
{"EventId":0,"LogLevel":"Error","Category":"Hexalith.EventStore.ErrorHandling.AuthorizationServiceUnavailableHandler","Message":"Authorization service unavailable: SecurityEvent=AuthorizationServiceUnavailable, CorrelationId=01M4DT8D4E2BRP5KW3CSEZVR4X, ActorType=TestRbacValidatorActor, ActorId=tenant-a, Reason=Simulated DAPR actor connectivity failure","Exception":"Hexalith.EventStore.ErrorHandling.AuthorizationServiceUnavailableException: Authorization service unavailable: actor \u0027TestRbacValidatorActor\u0027 (ID: tenant-a): Simulated DAPR actor connectivity failure\n ---\u003E Dapr.Actors.ActorMethodInvocationException: Simulated DAPR actor connectivity failure\n ---\u003E System.InvalidOperationException: Simulated DAPR sidecar connectivity failure\n   --- End of inner exception stack trace ---\n   at Hexalith.EventStore.Testing.Fakes.FakeRbacValidatorActor.ValidatePermissionAsync(RbacValidationRequest request) in /home/administrator/projects/hexalith/eventstore/src/Hexalith.EventStore.Testing/Fakes/FakeRbacValidatorActor.cs:line 37\n   at Hexalith.EventStore.Authorization.ActorRbacValidator.ValidateAsync(ClaimsPrincipal user, String tenantId, String domain, String messageType, String messageCategory, CancellationToken cancellationToken, String aggregateId) in /home/administrator/projects/hexalith/eventstore/src/Hexalith.EventStore/Authorization/ActorRbacValidator.cs:line 52\n   --- End of inner exception stack trace ---\n   at Hexalith.EventStore.Authorization.ActorRbacValidator.ValidateAsync(ClaimsPrincipal user, String tenantId, String domain, String messageType, String messageCategory, CancellationToken cancellationToken, String aggregateId) in /home/administrator/projects/hexalith/eventstore/src/Hexalith.EventStore/Authorization/ActorRbacValidator.cs:line 59\n   at Hexalith.EventStore.Pipeline.AuthorizationBehavior\u00602.Handle(TRequest request, RequestHandlerDelegate\u00601 next, CancellationToken cancellationToken) in /home/administrator/projects/hexalith/eventstore/src/Hexalith.EventStore/Pipeline/AuthorizationBehavior.cs:line 99\n   at Hexalith.EventStore.Controllers.CommandsController.Submit(SubmitCommandRequest request, CancellationToken cancellationToken) in /home/administrator/projects/hexalith/eventstore/src/Hexalith.EventStore/Controllers/CommandsController.cs:line 190\n   at Microsoft.AspNetCore.Mvc.Infrastructure.ActionMethodExecutor.TaskOfIActionResultExecutor.Execute(ActionContext actionContext, IActionResultTypeMapper mapper, ObjectMethodExecutor executor, Object controller, Object[] arguments)\n   at Microsoft.AspNetCore.Mvc.Infrastructure.ControllerActionInvoker.\u003CInvokeActionMethodAsync\u003Eg__Logged|12_1(ControllerActionInvoker invoker)\n   at Microsoft.AspNetCore.Mvc.Infrastructure.ControllerActionInvoker.\u003CInvokeNextActionFilterAsync\u003Eg__Awaited|10_0(ControllerActionInvoker invoker, Task lastTask, State next, Scope scope, Object state, Boolean isCompleted)\n   at Microsoft.AspNetCore.Mvc.Infrastructure.ControllerActionInvoker.Rethrow(ActionExecutedContextSealed context)\n   at Microsoft.AspNetCore.Mvc.Infrastructure.ControllerActionInvoker.Next(State\u0026 next, Scope\u0026 scope, Object\u0026 state, Boolean\u0026 isCompleted)\n   at Microsoft.AspNetCore.Mvc.Infrastructure.ControllerActionInvoker.InvokeInnerFilterAsync()\n--- End of stack trace from previous location ---\n   at Microsoft.AspNetCore.Mvc.Infrastructure.ResourceInvoker.\u003CInvokeNextResourceFilter\u003Eg__Awaited|25_0(ResourceInvoker invoker, Task lastTask, State next, Scope scope, Object state, Boolean isCompleted)\n   at Microsoft.AspNetCore.Mvc.Infrastructure.ResourceInvoker.Rethrow(ResourceExecutedContextSealed context)\n   at Microsoft.AspNetCore.Mvc.Infrastructure.ResourceInvoker.Next(State\u0026 next, Scope\u0026 scope, Object\u0026 state, Boolean\u0026 isCompleted)\n   at Microsoft.AspNetCore.Mvc.Infrastructure.ResourceInvoker.InvokeFilterPipelineAsync()\n--- End of stack trace from previous location ---\n   at Microsoft.AspNetCore.Mvc.Infrastructure.ResourceInvoker.\u003CInvokeAsync\u003Eg__Logged|17_1(ResourceInvoker invoker)\n   at Microsoft.AspNetCore.Mvc.Infrastructure.ResourceInvoker.\u003CInvokeAsync\u003Eg__Logged|17_1(ResourceInvoker invoker)\n   at Swashbuckle.AspNetCore.SwaggerUI.SwaggerUIMiddleware.Invoke(HttpContext httpContext)\n   at Dapr.CloudEventsMiddleware.InvokeAsync(HttpContext httpContext)\n   at Microsoft.AspNetCore.Authorization.AuthorizationMiddleware.Invoke(HttpContext context)\n   at Microsoft.AspNetCore.RateLimiting.RateLimitingMiddleware.InvokeInternal(HttpContext context, EnableRateLimitingAttribute enableRateLimitingAttribute)\n   at Microsoft.AspNetCore.Authentication.AuthenticationMiddleware.Invoke(HttpContext context)\n   at Microsoft.AspNetCore.Diagnostics.ExceptionHandlerMiddlewareImpl.\u003CInvoke\u003Eg__Awaited|10_0(ExceptionHandlerMiddlewareImpl middleware, HttpContext context, Task task)","State":{"SecurityEvent":"AuthorizationServiceUnavailable","CorrelationId":"01M4DT8D4E2BRP5KW3CSEZVR4X","ActorType":"TestRbacValidatorActor","ActorId":"tenant-a","Reason":"Simulated DAPR actor connectivity failure","{OriginalFormat}":"Authorization service unavailable: SecurityEvent={SecurityEvent}, CorrelationId={CorrelationId}, ActorType={ActorType}, ActorId={ActorId}, Reason={Reason}"}}
{"EventId":9,"LogLevel":"Warning","Category":"Microsoft.AspNetCore.Routing.EndpointRoutingMiddleware","Message":"A request body size limit could not be applied. This server does not support the IHttpMaxRequestBodySizeFeature.","State":{"{OriginalFormat}":"A request body size limit could not be applied. This server does not support the IHttpMaxRequestBodySizeFeature."}}
{"EventId":1,"LogLevel":"Warning","Category":"Microsoft.AspNetCore.Mvc.Filters.RequestSizeLimitFilter","Message":"A request body size limit could not be applied. This server does not support the IHttpRequestBodySizeFeature.","State":{"{OriginalFormat}":"A request body size limit could not be applied. This server does not support the IHttpRequestBodySizeFeature."}}
{"EventId":1203,"LogLevel":"Error","Category":"Hexalith.EventStore.Authorization.ActorTenantValidator","Message":"Actor tenant validation failed: UserId=test-user, TenantId=tenant-a, ActorType=TestTenantValidatorActor, InnerExceptionType=InvalidOperationException, Stage=ActorTenantValidationFailed","Exception":"Dapr.Actors.ActorMethodInvocationException: Simulated actor failure\n ---\u003E System.InvalidOperationException: Simulated DAPR sidecar connectivity failure\n   --- End of inner exception stack trace ---\n   at Hexalith.EventStore.Testing.Fakes.FakeTenantValidatorActor.ValidateTenantAccessAsync(TenantValidationRequest request) in /home/administrator/projects/hexalith/eventstore/src/Hexalith.EventStore.Testing/Fakes/FakeTenantValidatorActor.cs:line 37\n   at Hexalith.EventStore.Authorization.ActorTenantValidator.ValidateAsync(ClaimsPrincipal user, String tenantId, CancellationToken cancellationToken, String aggregateId) in /home/administrator/projects/hexalith/eventstore/src/Hexalith.EventStore/Authorization/ActorTenantValidator.cs:line 48","State":{"Message":"InnerExceptionType=InvalidOperationException,ActorType=TestTenantValidatorActor,TenantId=tenant-a,UserId=test-user,{OriginalFormat}=Actor tenant validation failed: UserId={UserId}, TenantId={TenantId}, ActorType={ActorType}, InnerExceptionType={InnerExceptionType}, Stage=ActorTenantValidationFailed","InnerExceptionType":"InvalidOperationException","ActorType":"TestTenantValidatorActor","TenantId":"tenant-a","UserId":"test-user","{OriginalFormat}":"Actor tenant validation failed: UserId={UserId}, TenantId={TenantId}, ActorType={ActorType}, InnerExceptionType={InnerExceptionType}, Stage=ActorTenantValidationFailed"}}
{"EventId":0,"LogLevel":"Error","Category":"Hexalith.EventStore.ErrorHandling.AuthorizationServiceUnavailableHandler","Message":"Authorization service unavailable: SecurityEvent=AuthorizationServiceUnavailable, CorrelationId=01M4DT8D4QWH0YDRC1BQHQ8TZZ, ActorType=TestTenantValidatorActor, ActorId=tenant-a, Reason=Simulated actor failure","Exception":"Hexalith.EventStore.ErrorHandling.AuthorizationServiceUnavailableException: Authorization service unavailable: actor \u0027TestTenantValidatorActor\u0027 (ID: tenant-a): Simulated actor failure\n ---\u003E Dapr.Actors.ActorMethodInvocationException: Simulated actor failure\n ---\u003E System.InvalidOperationException: Simulated DAPR sidecar connectivity failure\n   --- End of inner exception stack trace ---\n   at Hexalith.EventStore.Testing.Fakes.FakeTenantValidatorActor.ValidateTenantAccessAsync(TenantValidationRequest request) in /home/administrator/projects/hexalith/eventstore/src/Hexalith.EventStore.Testing/Fakes/FakeTenantValidatorActor.cs:line 37\n   at Hexalith.EventStore.Authorization.ActorTenantValidator.ValidateAsync(ClaimsPrincipal user, String tenantId, CancellationToken cancellationToken, String aggregateId) in /home/administrator/projects/hexalith/eventstore/src/Hexalith.EventStore/Authorization/ActorTenantValidator.cs:line 48\n   --- End of inner exception stack trace ---\n   at Hexalith.EventStore.Authorization.ActorTenantValidator.ValidateAsync(ClaimsPrincipal user, String tenantId, CancellationToken cancellationToken, String aggregateId) in /home/administrator/projects/hexalith/eventstore/src/Hexalith.EventStore/Authorization/ActorTenantValidator.cs:line 55\n   at Hexalith.EventStore.Pipeline.AuthorizationBehavior\u00602.Handle(TRequest request, RequestHandlerDelegate\u00601 next, CancellationToken cancellationToken) in /home/administrator/projects/hexalith/eventstore/src/Hexalith.EventStore/Pipeline/AuthorizationBehavior.cs:line 81\n   at Hexalith.EventStore.Controllers.CommandsController.Submit(SubmitCommandRequest request, CancellationToken cancellationToken) in /home/administrator/projects/hexalith/eventstore/src/Hexalith.EventStore/Controllers/CommandsController.cs:line 190\n   at Microsoft.AspNetCore.Mvc.Infrastructure.ActionMethodExecutor.TaskOfIActionResultExecutor.Execute(ActionContext actionContext, IActionResultTypeMapper mapper, ObjectMethodExecutor executor, Object controller, Object[] arguments)\n   at Microsoft.AspNetCore.Mvc.Infrastructure.ControllerActionInvoker.\u003CInvokeActionMethodAsync\u003Eg__Logged|12_1(ControllerActionInvoker invoker)\n   at Microsoft.AspNetCore.Mvc.Infrastructure.ControllerActionInvoker.\u003CInvokeNextActionFilterAsync\u003Eg__Awaited|10_0(ControllerActionInvoker invoker, Task lastTask, State next, Scope scope, Object state, Boolean isCompleted)\n   at Microsoft.AspNetCore.Mvc.Infrastructure.ControllerActionInvoker.Rethrow(ActionExecutedContextSealed context)\n   at Microsoft.AspNetCore.Mvc.Infrastructure.ControllerActionInvoker.Next(State\u0026 next, Scope\u0026 scope, Object\u0026 state, Boolean\u0026 isCompleted)\n   at Microsoft.AspNetCore.Mvc.Infrastructure.ControllerActionInvoker.InvokeInnerFilterAsync()\n--- End of stack trace from previous location ---\n   at Microsoft.AspNetCore.Mvc.Infrastructure.ResourceInvoker.\u003CInvokeNextResourceFilter\u003Eg__Awaited|25_0(ResourceInvoker invoker, Task lastTask, State next, Scope scope, Object state, Boolean isCompleted)\n   at Microsoft.AspNetCore.Mvc.Infrastructure.ResourceInvoker.Rethrow(ResourceExecutedContextSealed context)\n   at Microsoft.AspNetCore.Mvc.Infrastructure.ResourceInvoker.Next(State\u0026 next, Scope\u0026 scope, Object\u0026 state, Boolean\u0026 isCompleted)\n   at Microsoft.AspNetCore.Mvc.Infrastructure.ResourceInvoker.InvokeFilterPipelineAsync()\n--- End of stack trace from previous location ---\n   at Microsoft.AspNetCore.Mvc.Infrastructure.ResourceInvoker.\u003CInvokeAsync\u003Eg__Logged|17_1(ResourceInvoker invoker)\n   at Microsoft.AspNetCore.Mvc.Infrastructure.ResourceInvoker.\u003CInvokeAsync\u003Eg__Logged|17_1(ResourceInvoker invoker)\n   at Swashbuckle.AspNetCore.SwaggerUI.SwaggerUIMiddleware.Invoke(HttpContext httpContext)\n   at Dapr.CloudEventsMiddleware.InvokeAsync(HttpContext httpContext)\n   at Microsoft.AspNetCore.Authorization.AuthorizationMiddleware.Invoke(HttpContext context)\n   at Microsoft.AspNetCore.RateLimiting.RateLimitingMiddleware.InvokeInternal(HttpContext context, EnableRateLimitingAttribute enableRateLimitingAttribute)\n   at Microsoft.AspNetCore.Authentication.AuthenticationMiddleware.Invoke(HttpContext context)\n   at Microsoft.AspNetCore.Diagnostics.ExceptionHandlerMiddlewareImpl.\u003CInvoke\u003Eg__Awaited|10_0(ExceptionHandlerMiddlewareImpl middleware, HttpContext context, Task task)","State":{"SecurityEvent":"AuthorizationServiceUnavailable","CorrelationId":"01M4DT8D4QWH0YDRC1BQHQ8TZZ","ActorType":"TestTenantValidatorActor","ActorId":"tenant-a","Reason":"Simulated actor failure","{OriginalFormat}":"Authorization service unavailable: SecurityEvent={SecurityEvent}, CorrelationId={CorrelationId}, ActorType={ActorType}, ActorId={ActorId}, Reason={Reason}"}}
{"EventId":9,"LogLevel":"Warning","Category":"Microsoft.AspNetCore.Routing.EndpointRoutingMiddleware","Message":"A request body size limit could not be applied. This server does not support the IHttpMaxRequestBodySizeFeature.","State":{"{OriginalFormat}":"A request body size limit could not be applied. This server does not support the IHttpMaxRequestBodySizeFeature."}}
{"EventId":1,"LogLevel":"Warning","Category":"Microsoft.AspNetCore.Mvc.Filters.RequestSizeLimitFilter","Message":"A request body size limit could not be applied. This server does not support the IHttpRequestBodySizeFeature.","State":{"{OriginalFormat}":"A request body size limit could not be applied. This server does not support the IHttpRequestBodySizeFeature."}}
{"EventId":1203,"LogLevel":"Error","Category":"Hexalith.EventStore.Authorization.ActorTenantValidator","Message":"Actor tenant validation failed: UserId=test-user, TenantId=tenant-a, ActorType=TestTenantValidatorActor, InnerExceptionType=InvalidOperationException, Stage=ActorTenantValidationFailed","Exception":"Dapr.Actors.ActorMethodInvocationException: Actor method invocation failed: actor type not found\n ---\u003E System.InvalidOperationException: Simulated DAPR sidecar connectivity failure\n   --- End of inner exception stack trace ---\n   at Hexalith.EventStore.Testing.Fakes.FakeTenantValidatorActor.ValidateTenantAccessAsync(TenantValidationRequest request) in /home/administrator/projects/hexalith/eventstore/src/Hexalith.EventStore.Testing/Fakes/FakeTenantValidatorActor.cs:line 37\n   at Hexalith.EventStore.Authorization.ActorTenantValidator.ValidateAsync(ClaimsPrincipal user, String tenantId, CancellationToken cancellationToken, String aggregateId) in /home/administrator/projects/hexalith/eventstore/src/Hexalith.EventStore/Authorization/ActorTenantValidator.cs:line 48","State":{"Message":"InnerExceptionType=InvalidOperationException,ActorType=TestTenantValidatorActor,TenantId=tenant-a,UserId=test-user,{OriginalFormat}=Actor tenant validation failed: UserId={UserId}, TenantId={TenantId}, ActorType={ActorType}, InnerExceptionType={InnerExceptionType}, Stage=ActorTenantValidationFailed","InnerExceptionType":"InvalidOperationException","ActorType":"TestTenantValidatorActor","TenantId":"tenant-a","UserId":"test-user","{OriginalFormat}":"Actor tenant validation failed: UserId={UserId}, TenantId={TenantId}, ActorType={ActorType}, InnerExceptionType={InnerExceptionType}, Stage=ActorTenantValidationFailed"}}
{"EventId":0,"LogLevel":"Error","Category":"Hexalith.EventStore.ErrorHandling.AuthorizationServiceUnavailableHandler","Message":"Authorization service unavailable: SecurityEvent=AuthorizationServiceUnavailable, CorrelationId=01M4DT8D52JSC875ZERV0D8HBR, ActorType=TestTenantValidatorActor, ActorId=tenant-a, Reason=Actor method invocation failed: actor type not found","Exception":"Hexalith.EventStore.ErrorHandling.AuthorizationServiceUnavailableException: Authorization service unavailable: actor \u0027TestTenantValidatorActor\u0027 (ID: tenant-a): Actor method invocation failed: actor type not found\n ---\u003E Dapr.Actors.ActorMethodInvocationException: Actor method invocation failed: actor type not found\n ---\u003E System.InvalidOperationException: Simulated DAPR sidecar connectivity failure\n   --- End of inner exception stack trace ---\n   at Hexalith.EventStore.Testing.Fakes.FakeTenantValidatorActor.ValidateTenantAccessAsync(TenantValidationRequest request) in /home/administrator/projects/hexalith/eventstore/src/Hexalith.EventStore.Testing/Fakes/FakeTenantValidatorActor.cs:line 37\n   at Hexalith.EventStore.Authorization.ActorTenantValidator.ValidateAsync(ClaimsPrincipal user, String tenantId, CancellationToken cancellationToken, String aggregateId) in /home/administrator/projects/hexalith/eventstore/src/Hexalith.EventStore/Authorization/ActorTenantValidator.cs:line 48\n   --- End of inner exception stack trace ---\n   at Hexalith.EventStore.Authorization.ActorTenantValidator.ValidateAsync(ClaimsPrincipal user, String tenantId, CancellationToken cancellationToken, String aggregateId) in /home/administrator/projects/hexalith/eventstore/src/Hexalith.EventStore/Authorization/ActorTenantValidator.cs:line 55\n   at Hexalith.EventStore.Pipeline.AuthorizationBehavior\u00602.Handle(TRequest request, RequestHandlerDelegate\u00601 next, CancellationToken cancellationToken) in /home/administrator/projects/hexalith/eventstore/src/Hexalith.EventStore/Pipeline/AuthorizationBehavior.cs:line 81\n   at Hexalith.EventStore.Controllers.CommandsController.Submit(SubmitCommandRequest request, CancellationToken cancellationToken) in /home/administrator/projects/hexalith/eventstore/src/Hexalith.EventStore/Controllers/CommandsController.cs:line 190\n   at Microsoft.AspNetCore.Mvc.Infrastructure.ActionMethodExecutor.TaskOfIActionResultExecutor.Execute(ActionContext actionContext, IActionResultTypeMapper mapper, ObjectMethodExecutor executor, Object controller, Object[] arguments)\n   at Microsoft.AspNetCore.Mvc.Infrastructure.ControllerActionInvoker.\u003CInvokeActionMethodAsync\u003Eg__Logged|12_1(ControllerActionInvoker invoker)\n   at Microsoft.AspNetCore.Mvc.Infrastructure.ControllerActionInvoker.\u003CInvokeNextActionFilterAsync\u003Eg__Awaited|10_0(ControllerActionInvoker invoker, Task lastTask, State next, Scope scope, Object state, Boolean isCompleted)\n   at Microsoft.AspNetCore.Mvc.Infrastructure.ControllerActionInvoker.Rethrow(ActionExecutedContextSealed context)\n   at Microsoft.AspNetCore.Mvc.Infrastructure.ControllerActionInvoker.Next(State\u0026 next, Scope\u0026 scope, Object\u0026 state, Boolean\u0026 isCompleted)\n   at Microsoft.AspNetCore.Mvc.Infrastructure.ControllerActionInvoker.InvokeInnerFilterAsync()\n--- End of stack trace from previous location ---\n   at Microsoft.AspNetCore.Mvc.Infrastructure.ResourceInvoker.\u003CInvokeNextResourceFilter\u003Eg__Awaited|25_0(ResourceInvoker invoker, Task lastTask, State next, Scope scope, Object state, Boolean isCompleted)\n   at Microsoft.AspNetCore.Mvc.Infrastructure.ResourceInvoker.Rethrow(ResourceExecutedContextSealed context)\n   at Microsoft.AspNetCore.Mvc.Infrastructure.ResourceInvoker.Next(State\u0026 next, Scope\u0026 scope, Object\u0026 state, Boolean\u0026 isCompleted)\n   at Microsoft.AspNetCore.Mvc.Infrastructure.ResourceInvoker.InvokeFilterPipelineAsync()\n--- End of stack trace from previous location ---\n   at Microsoft.AspNetCore.Mvc.Infrastructure.ResourceInvoker.\u003CInvokeAsync\u003Eg__Logged|17_1(ResourceInvoker invoker)\n   at Microsoft.AspNetCore.Mvc.Infrastructure.ResourceInvoker.\u003CInvokeAsync\u003Eg__Logged|17_1(ResourceInvoker invoker)\n   at Swashbuckle.AspNetCore.SwaggerUI.SwaggerUIMiddleware.Invoke(HttpContext httpContext)\n   at Dapr.CloudEventsMiddleware.InvokeAsync(HttpContext httpContext)\n   at Microsoft.AspNetCore.Authorization.AuthorizationMiddleware.Invoke(HttpContext context)\n   at Microsoft.AspNetCore.RateLimiting.RateLimitingMiddleware.InvokeInternal(HttpContext context, EnableRateLimitingAttribute enableRateLimitingAttribute)\n   at Microsoft.AspNetCore.Authentication.AuthenticationMiddleware.Invoke(HttpContext context)\n   at Microsoft.AspNetCore.Diagnostics.ExceptionHandlerMiddlewareImpl.\u003CInvoke\u003Eg__Awaited|10_0(ExceptionHandlerMiddlewareImpl middleware, HttpContext context, Task task)","State":{"SecurityEvent":"AuthorizationServiceUnavailable","CorrelationId":"01M4DT8D52JSC875ZERV0D8HBR","ActorType":"TestTenantValidatorActor","ActorId":"tenant-a","Reason":"Actor method invocation failed: actor type not found","{OriginalFormat}":"Authorization service unavailable: SecurityEvent={SecurityEvent}, CorrelationId={CorrelationId}, ActorType={ActorType}, ActorId={ActorId}, Reason={Reason}"}}
{"EventId":9,"LogLevel":"Warning","Category":"Microsoft.AspNetCore.Routing.EndpointRoutingMiddleware","Message":"A request body size limit could not be applied. This server does not support the IHttpMaxRequestBodySizeFeature.","State":{"{OriginalFormat}":"A request body size limit could not be applied. This server does not support the IHttpMaxRequestBodySizeFeature."}}
{"EventId":1,"LogLevel":"Warning","Category":"Microsoft.AspNetCore.Mvc.Filters.RequestSizeLimitFilter","Message":"A request body size limit could not be applied. This server does not support the IHttpRequestBodySizeFeature.","State":{"{OriginalFormat}":"A request body size limit could not be applied. This server does not support the IHttpRequestBodySizeFeature."}}
{"EventId":1203,"LogLevel":"Error","Category":"Hexalith.EventStore.Authorization.ActorTenantValidator","Message":"Actor tenant validation failed: UserId=test-user, TenantId=tenant-a, ActorType=TestTenantValidatorActor, InnerExceptionType=InvalidOperationException, Stage=ActorTenantValidationFailed","Exception":"Dapr.Actors.ActorMethodInvocationException: Actor connection timeout\n ---\u003E System.InvalidOperationException: Simulated DAPR sidecar connectivity failure\n   --- End of inner exception stack trace ---\n   at Hexalith.EventStore.Testing.Fakes.FakeTenantValidatorActor.ValidateTenantAccessAsync(TenantValidationRequest request) in /home/administrator/projects/hexalith/eventstore/src/Hexalith.EventStore.Testing/Fakes/FakeTenantValidatorActor.cs:line 37\n   at Hexalith.EventStore.Authorization.ActorTenantValidator.ValidateAsync(ClaimsPrincipal user, String tenantId, CancellationToken cancellationToken, String aggregateId) in /home/administrator/projects/hexalith/eventstore/src/Hexalith.EventStore/Authorization/ActorTenantValidator.cs:line 48","State":{"Message":"InnerExceptionType=InvalidOperationException,ActorType=TestTenantValidatorActor,TenantId=tenant-a,UserId=test-user,{OriginalFormat}=Actor tenant validation failed: UserId={UserId}, TenantId={TenantId}, ActorType={ActorType}, InnerExceptionType={InnerExceptionType}, Stage=ActorTenantValidationFailed","InnerExceptionType":"InvalidOperationException","ActorType":"TestTenantValidatorActor","TenantId":"tenant-a","UserId":"test-user","{OriginalFormat}":"Actor tenant validation failed: UserId={UserId}, TenantId={TenantId}, ActorType={ActorType}, InnerExceptionType={InnerExceptionType}, Stage=ActorTenantValidationFailed"}}
{"EventId":0,"LogLevel":"Error","Category":"Hexalith.EventStore.ErrorHandling.AuthorizationServiceUnavailableHandler","Message":"Authorization service unavailable: SecurityEvent=AuthorizationServiceUnavailable, CorrelationId=01M4DT8D59ZQNSTME9X0F277QG, ActorType=TestTenantValidatorActor, ActorId=tenant-a, Reason=Actor connection timeout","Exception":"Hexalith.EventStore.ErrorHandling.AuthorizationServiceUnavailableException: Authorization service unavailable: actor \u0027TestTenantValidatorActor\u0027 (ID: tenant-a): Actor connection timeout\n ---\u003E Dapr.Actors.ActorMethodInvocationException: Actor connection timeout\n ---\u003E System.InvalidOperationException: Simulated DAPR sidecar connectivity failure\n   --- End of inner exception stack trace ---\n   at Hexalith.EventStore.Testing.Fakes.FakeTenantValidatorActor.ValidateTenantAccessAsync(TenantValidationRequest request) in /home/administrator/projects/hexalith/eventstore/src/Hexalith.EventStore.Testing/Fakes/FakeTenantValidatorActor.cs:line 37\n   at Hexalith.EventStore.Authorization.ActorTenantValidator.ValidateAsync(ClaimsPrincipal user, String tenantId, CancellationToken cancellationToken, String aggregateId) in /home/administrator/projects/hexalith/eventstore/src/Hexalith.EventStore/Authorization/ActorTenantValidator.cs:line 48\n   --- End of inner exception stack trace ---\n   at Hexalith.EventStore.Authorization.ActorTenantValidator.ValidateAsync(ClaimsPrincipal user, String tenantId, CancellationToken cancellationToken, String aggregateId) in /home/administrator/projects/hexalith/eventstore/src/Hexalith.EventStore/Authorization/ActorTenantValidator.cs:line 55\n   at Hexalith.EventStore.Pipeline.AuthorizationBehavior\u00602.Handle(TRequest request, RequestHandlerDelegate\u00601 next, CancellationToken cancellationToken) in /home/administrator/projects/hexalith/eventstore/src/Hexalith.EventStore/Pipeline/AuthorizationBehavior.cs:line 81\n   at Hexalith.EventStore.Controllers.CommandsController.Submit(SubmitCommandRequest request, CancellationToken cancellationToken) in /home/administrator/projects/hexalith/eventstore/src/Hexalith.EventStore/Controllers/CommandsController.cs:line 190\n   at Microsoft.AspNetCore.Mvc.Infrastructure.ActionMethodExecutor.TaskOfIActionResultExecutor.Execute(ActionContext actionContext, IActionResultTypeMapper mapper, ObjectMethodExecutor executor, Object controller, Object[] arguments)\n   at Microsoft.AspNetCore.Mvc.Infrastructure.ControllerActionInvoker.\u003CInvokeActionMethodAsync\u003Eg__Logged|12_1(ControllerActionInvoker invoker)\n   at Microsoft.AspNetCore.Mvc.Infrastructure.ControllerActionInvoker.\u003CInvokeNextActionFilterAsync\u003Eg__Awaited|10_0(ControllerActionInvoker invoker, Task lastTask, State next, Scope scope, Object state, Boolean isCompleted)\n   at Microsoft.AspNetCore.Mvc.Infrastructure.ControllerActionInvoker.Rethrow(ActionExecutedContextSealed context)\n   at Microsoft.AspNetCore.Mvc.Infrastructure.ControllerActionInvoker.Next(State\u0026 next, Scope\u0026 scope, Object\u0026 state, Boolean\u0026 isCompleted)\n   at Microsoft.AspNetCore.Mvc.Infrastructure.ControllerActionInvoker.InvokeInnerFilterAsync()\n--- End of stack trace from previous location ---\n   at Microsoft.AspNetCore.Mvc.Infrastructure.ResourceInvoker.\u003CInvokeNextResourceFilter\u003Eg__Awaited|25_0(ResourceInvoker invoker, Task lastTask, State next, Scope scope, Object state, Boolean isCompleted)\n   at Microsoft.AspNetCore.Mvc.Infrastructure.ResourceInvoker.Rethrow(ResourceExecutedContextSealed context)\n   at Microsoft.AspNetCore.Mvc.Infrastructure.ResourceInvoker.Next(State\u0026 next, Scope\u0026 scope, Object\u0026 state, Boolean\u0026 isCompleted)\n   at Microsoft.AspNetCore.Mvc.Infrastructure.ResourceInvoker.InvokeFilterPipelineAsync()\n--- End of stack trace from previous location ---\n   at Microsoft.AspNetCore.Mvc.Infrastructure.ResourceInvoker.\u003CInvokeAsync\u003Eg__Logged|17_1(ResourceInvoker invoker)\n   at Microsoft.AspNetCore.Mvc.Infrastructure.ResourceInvoker.\u003CInvokeAsync\u003Eg__Logged|17_1(ResourceInvoker invoker)\n   at Swashbuckle.AspNetCore.SwaggerUI.SwaggerUIMiddleware.Invoke(HttpContext httpContext)\n   at Dapr.CloudEventsMiddleware.InvokeAsync(HttpContext httpContext)\n   at Microsoft.AspNetCore.Authorization.AuthorizationMiddleware.Invoke(HttpContext context)\n   at Microsoft.AspNetCore.RateLimiting.RateLimitingMiddleware.InvokeInternal(HttpContext context, EnableRateLimitingAttribute enableRateLimitingAttribute)\n   at Microsoft.AspNetCore.Authentication.AuthenticationMiddleware.Invoke(HttpContext context)\n   at Microsoft.AspNetCore.Diagnostics.ExceptionHandlerMiddlewareImpl.\u003CInvoke\u003Eg__Awaited|10_0(ExceptionHandlerMiddlewareImpl middleware, HttpContext context, Task task)","State":{"SecurityEvent":"AuthorizationServiceUnavailable","CorrelationId":"01M4DT8D59ZQNSTME9X0F277QG","ActorType":"TestTenantValidatorActor","ActorId":"tenant-a","Reason":"Actor connection timeout","{OriginalFormat}":"Authorization service unavailable: SecurityEvent={SecurityEvent}, CorrelationId={CorrelationId}, ActorType={ActorType}, ActorId={ActorId}, Reason={Reason}"}}
{"EventId":0,"LogLevel":"Information","Category":"Microsoft.Hosting.Lifetime","Message":"Application is shutting down...","State":{"{OriginalFormat}":"Application is shutting down..."}}
    Hexalith.EventStore.Server.Tests.Actors.PublicationRecoveryActivationTests.ProcessCommand_PublishFails_StampsReminderArmedAtForTheFirstPassCreationSite [FAIL]
      NSubstitute.Exceptions.ReceivedCallsException : Expected to receive exactly 1 call matching:
      	SetStateAsync<UnpublishedEventsRecord>("drain:msg-stamp-first", r => (r.ReminderArmedAt != null), any CancellationToken)
      Actually received no matching calls.
      
      Stack Trace:
           at NSubstitute.Core.ReceivedCallsExceptionThrower.Throw(ICallSpecification callSpecification, IEnumerable`1 matchingCalls, IEnumerable`1 nonMatchingCalls, Quantity requiredQuantity)
           at NSubstitute.Routing.Handlers.CheckReceivedCallsHandler.Handle(ICall call)
           at NSubstitute.Routing.Route.Handle(ICall call)
           at NSubstitute.Core.CallRouter.Route(ICall call)
           at NSubstitute.Proxies.CastleDynamicProxy.CastleForwardingInterceptor.Intercept(IInvocation invocation)
           at Castle.DynamicProxy.AbstractInvocation.Proceed()
           at NSubstitute.Proxies.CastleDynamicProxy.ProxyIdInterceptor.Intercept(IInvocation invocation)
           at Castle.DynamicProxy.AbstractInvocation.Proceed()
           at Castle.Proxies.ObjectProxy_6.SetStateAsync[T](String stateName, T value, CancellationToken cancellationToken)
        tests/Hexalith.EventStore.Server.Tests/Actors/PublicationRecoveryActivationTests.cs(1206,0): at Hexalith.EventStore.Server.Tests.Actors.PublicationRecoveryActivationTests.ProcessCommand_PublishFails_StampsReminderArmedAtForTheFirstPassCreationSite()
        --- End of stack trace from previous location ---
    Hexalith.EventStore.Server.Tests.Actors.PublicationRecoveryActivationTests.ProcessCommand_ReminderRegistrationFails_LeavesRecordUnstampedSoActivationReArms [FAIL]
      NSubstitute.Exceptions.ReceivedCallsException : Expected to receive a call matching:
      	SetStateAsync<UnpublishedEventsRecord>("drain:msg-unstamped", r => (r.ReminderArmedAt == null), any CancellationToken)
      Actually received no matching calls.
      
      Stack Trace:
           at NSubstitute.Core.ReceivedCallsExceptionThrower.Throw(ICallSpecification callSpecification, IEnumerable`1 matchingCalls, IEnumerable`1 nonMatchingCalls, Quantity requiredQuantity)
           at NSubstitute.Routing.Handlers.CheckReceivedCallsHandler.Handle(ICall call)
           at NSubstitute.Routing.Route.Handle(ICall call)
           at NSubstitute.Core.CallRouter.Route(ICall call)
           at NSubstitute.Proxies.CastleDynamicProxy.CastleForwardingInterceptor.Intercept(IInvocation invocation)
           at Castle.DynamicProxy.AbstractInvocation.Proceed()
           at NSubstitute.Proxies.CastleDynamicProxy.ProxyIdInterceptor.Intercept(IInvocation invocation)
           at Castle.DynamicProxy.AbstractInvocation.Proceed()
           at Castle.Proxies.ObjectProxy_6.SetStateAsync[T](String stateName, T value, CancellationToken cancellationToken)
        tests/Hexalith.EventStore.Server.Tests/Actors/PublicationRecoveryActivationTests.cs(1333,0): at Hexalith.EventStore.Server.Tests.Actors.PublicationRecoveryActivationTests.ProcessCommand_ReminderRegistrationFails_LeavesRecordUnstampedSoActivationReArms()
        --- End of stack trace from previous location ---
    Hexalith.EventStore.Server.Tests.Actors.PublicationRecoveryActivationTests.ProcessCommand_ReminderStampCommitsThenCancels_PropagatesCancellation [FAIL]
      Shouldly.ShouldAssertException : Task `) => ctx.Actor.ProcessCommandAsync(command`
          should throw
      System.OperationCanceledException
          but did not
      Stack Trace:
           at System.Threading.Tasks.ContinuationResultTaskFromResultTask`2.InnerInvoke()
           at System.Threading.ExecutionContext.RunFromThreadPoolDispatchLoop(Thread threadPoolThread, ExecutionContext executionContext, ContextCallback callback, Object state)
        --- End of stack trace from previous location ---
           at System.Runtime.ExceptionServices.ExceptionDispatchInfo.Throw()
           at System.Threading.ExecutionContext.RunFromThreadPoolDispatchLoop(Thread threadPoolThread, ExecutionContext executionContext, ContextCallback callback, Object state)
           at System.Threading.Tasks.Task.ExecuteWithThreadLocal(Task& currentTaskSlot, Thread threadPoolThread)
        --- End of stack trace from previous location ---
           at System.Runtime.ExceptionServices.ExceptionDispatchInfo.Throw()
           at System.Runtime.CompilerServices.TaskAwaiter.ThrowForNonSuccess(Task task)
           at System.Runtime.CompilerServices.TaskAwaiter.HandleNonSuccessAndDebuggerNotification(Task task, ConfigureAwaitOptions options)
           at System.Runtime.CompilerServices.TaskAwaiter`1.GetResult()
        tests/Hexalith.EventStore.Server.Tests/Actors/PublicationRecoveryActivationTests.cs(1234,0): at Hexalith.EventStore.Server.Tests.Actors.PublicationRecoveryActivationTests.ProcessCommand_ReminderStampCommitsThenCancels_PropagatesCancellation()
           at System.Runtime.ExceptionServices.ExceptionDispatchInfo.Throw()
           at System.Runtime.CompilerServices.TaskAwaiter.ThrowForNonSuccess(Task task)
           at System.Runtime.CompilerServices.TaskAwaiter.HandleNonSuccessAndDebuggerNotification(Task task, ConfigureAwaitOptions options)
        --- End of stack trace from previous location ---
           at System.Runtime.ExceptionServices.ExceptionDispatchInfo.Throw()
           at System.Runtime.CompilerServices.TaskAwaiter.ThrowForNonSuccess(Task task)
           at System.Runtime.CompilerServices.TaskAwaiter.HandleNonSuccessAndDebuggerNotification(Task task, ConfigureAwaitOptions options)
    Hexalith.EventStore.Server.Tests.Actors.PublicationRecoveryActivationTests.ProcessCommand_PublishFails_StagesIndexEntryForTheFirstPassCreationSite [FAIL]
      NSubstitute.Exceptions.ReceivedCallsException : Expected to receive a call matching:
      	SetStateAsync<UnpublishedEventsRecord>("drain:msg-first-pass", any UnpublishedEventsRecord, any CancellationToken)
      Actually received no matching calls.
      
      Stack Trace:
           at NSubstitute.Core.ReceivedCallsExceptionThrower.Throw(ICallSpecification callSpecification, IEnumerable`1 matchingCalls, IEnumerable`1 nonMatchingCalls, Quantity requiredQuantity)
           at NSubstitute.Routing.Handlers.CheckReceivedCallsHandler.Handle(ICall call)
           at NSubstitute.Routing.Route.Handle(ICall call)
           at NSubstitute.Core.CallRouter.Route(ICall call)
           at NSubstitute.Proxies.CastleDynamicProxy.CastleForwardingInterceptor.Intercept(IInvocation invocation)
           at Castle.DynamicProxy.AbstractInvocation.Proceed()
           at NSubstitute.Proxies.CastleDynamicProxy.ProxyIdInterceptor.Intercept(IInvocation invocation)
           at Castle.DynamicProxy.AbstractInvocation.Proceed()
           at Castle.Proxies.ObjectProxy_6.SetStateAsync[T](String stateName, T value, CancellationToken cancellationToken)
        tests/Hexalith.EventStore.Server.Tests/Actors/PublicationRecoveryActivationTests.cs(998,0): at Hexalith.EventStore.Server.Tests.Actors.PublicationRecoveryActivationTests.ProcessCommand_PublishFails_StagesIndexEntryForTheFirstPassCreationSite()
        --- End of stack trace from previous location ---
    Hexalith.EventStore.Server.Tests.Actors.PublicationRecoveryActivationTests.ProcessCommand_PublishSucceeds_ReleasesTheIndexEntryInTheTerminalBatch [FAIL]
      Shouldly.ShouldAssertException : result.Accepted
          should be
      True
          but was
      False
      Stack Trace:
        tests/Hexalith.EventStore.Server.Tests/Actors/PublicationRecoveryActivationTests.cs(1380,0): at Hexalith.EventStore.Server.Tests.Actors.PublicationRecoveryActivationTests.ProcessCommand_PublishSucceeds_ReleasesTheIndexEntryInTheTerminalBatch()
           at System.Runtime.ExceptionServices.ExceptionDispatchInfo.Throw()
           at System.Runtime.CompilerServices.TaskAwaiter.ThrowForNonSuccess(Task task)
           at System.Runtime.CompilerServices.TaskAwaiter.HandleNonSuccessAndDebuggerNotification(Task task, ConfigureAwaitOptions options)
        --- End of stack trace from previous location ---
           at System.Runtime.ExceptionServices.ExceptionDispatchInfo.Throw()
           at System.Runtime.CompilerServices.TaskAwaiter.ThrowForNonSuccess(Task task)
           at System.Runtime.CompilerServices.TaskAwaiter.HandleNonSuccessAndDebuggerNotification(Task task, ConfigureAwaitOptions options)
    Hexalith.EventStore.Server.Tests.Actors.PublicationRecoveryActivationTests.ProcessCommand_EventsCommittedAndPublicationSucceeds_StagesIndexEntryInTheCommitBatch [FAIL]
      Shouldly.ShouldAssertException : result.Accepted
          should be
      True
          but was
      False
      Stack Trace:
        tests/Hexalith.EventStore.Server.Tests/Actors/PublicationRecoveryActivationTests.cs(1351,0): at Hexalith.EventStore.Server.Tests.Actors.PublicationRecoveryActivationTests.ProcessCommand_EventsCommittedAndPublicationSucceeds_StagesIndexEntryInTheCommitBatch()
           at System.Runtime.ExceptionServices.ExceptionDispatchInfo.Throw()
           at System.Runtime.CompilerServices.TaskAwaiter.ThrowForNonSuccess(Task task)
           at System.Runtime.CompilerServices.TaskAwaiter.HandleNonSuccessAndDebuggerNotification(Task task, ConfigureAwaitOptions options)
        --- End of stack trace from previous location ---
           at System.Runtime.ExceptionServices.ExceptionDispatchInfo.Throw()
           at System.Runtime.CompilerServices.TaskAwaiter.ThrowForNonSuccess(Task task)
           at System.Runtime.CompilerServices.TaskAwaiter.HandleNonSuccessAndDebuggerNotification(Task task, ConfigureAwaitOptions options)
    Hexalith.EventStore.Server.Tests.Actors.EventDrainRecoveryTests.ProcessCommand_PublicationIndexAtCapacity_DiscardsStagedEventsBeforeAnyCommit [FAIL]
      Shouldly.ShouldAssertException : result.BackpressureExceeded
          should be
      True
          but was
      False
      Stack Trace:
        tests/Hexalith.EventStore.Server.Tests/Actors/EventDrainRecoveryTests.cs(2500,0): at Hexalith.EventStore.Server.Tests.Actors.EventDrainRecoveryTests.ProcessCommand_PublicationIndexAtCapacity_DiscardsStagedEventsBeforeAnyCommit()
           at System.Runtime.ExceptionServices.ExceptionDispatchInfo.Throw()
           at System.Runtime.CompilerServices.TaskAwaiter.ThrowForNonSuccess(Task task)
           at System.Runtime.CompilerServices.TaskAwaiter.HandleNonSuccessAndDebuggerNotification(Task task, ConfigureAwaitOptions options)
        --- End of stack trace from previous location ---
           at System.Runtime.ExceptionServices.ExceptionDispatchInfo.Throw()
           at System.Runtime.CompilerServices.TaskAwaiter.ThrowForNonSuccess(Task task)
           at System.Runtime.CompilerServices.TaskAwaiter.HandleNonSuccessAndDebuggerNotification(Task task, ConfigureAwaitOptions options)
    Hexalith.EventStore.Server.Tests.Actors.EventDrainRecoveryTests.Legacy_drain_proof_accepts_the_idempotency_record_written_by_publish_failure [FAIL]
      Shouldly.ShouldAssertException : failed.Accepted
          should be
      True
          but was
      False
      Stack Trace:
        tests/Hexalith.EventStore.Server.Tests/Actors/EventDrainRecoveryTests.cs(579,0): at Hexalith.EventStore.Server.Tests.Actors.EventDrainRecoveryTests.Legacy_drain_proof_accepts_the_idempotency_record_written_by_publish_failure()
           at System.Runtime.ExceptionServices.ExceptionDispatchInfo.Throw()
           at System.Runtime.CompilerServices.TaskAwaiter.ThrowForNonSuccess(Task task)
           at System.Runtime.CompilerServices.TaskAwaiter.HandleNonSuccessAndDebuggerNotification(Task task, ConfigureAwaitOptions options)
        --- End of stack trace from previous location ---
           at System.Runtime.ExceptionServices.ExceptionDispatchInfo.Throw()
           at System.Runtime.CompilerServices.TaskAwaiter.ThrowForNonSuccess(Task task)
           at System.Runtime.CompilerServices.TaskAwaiter.HandleNonSuccessAndDebuggerNotification(Task task, ConfigureAwaitOptions options)
    Hexalith.EventStore.Server.Tests.Actors.EventDrainRecoveryTests.ProcessCommand_PublishFailedWithDrainArmed_StatusReportsRetryableNotUnknown [FAIL]
      NSubstitute.Exceptions.ReceivedCallsException : Expected to receive exactly 1 call matching:
      	WriteStatusAsync("test-tenant", "msg-capacity", r => ((((Convert(r.Status, Int32) == 6) AndAlso (r.Retryable == Convert(True, Nullable`1))) AndAlso (r.RecoveryReasonCode == "drain_publish_failed")) AndAlso (r.DrainAttemptCount == Convert(0, Nullable`1))), any CancellationToken)
      Actually received no matching calls.
      Received 2 non-matching calls (non-matching arguments indicated with '*' characters):
      	WriteStatusAsync("test-tenant", "msg-capacity", *CommandStatusRecord { Status = Processing, Timestamp = 10/08/2026 13:11:50 +00:00, AggregateId = agg-001, EventCount = , RejectionEventType = , FailureReason = , TimeoutDuration = , MessageId = msg-capacity, CorrelationId = corr-capacity, Retryable = , RecoveryReasonCode = , DrainAttemptCount = , CommittedEventSequence = , Domain = test-domain }*, System.Threading.CancellationToken)
      	WriteStatusAsync("test-tenant", "msg-capacity", *CommandStatusRecord { Status = Rejected, Timestamp = 10/08/2026 13:11:50 +00:00, AggregateId = agg-001, EventCount = , RejectionEventType = , FailureReason = Protected data diagnostic details were redacted. ReasonCode=protected-data-diagnostic-redacted; Stage=EventsStored., TimeoutDuration = , MessageId = msg-capacity, CorrelationId = corr-capacity, Retryable = , RecoveryReasonCode = , DrainAttemptCount = , CommittedEventSequence = , Domain = test-domain }*, System.Threading.CancellationToken)
      
      Stack Trace:
           at NSubstitute.Core.ReceivedCallsExceptionThrower.Throw(ICallSpecification callSpecification, IEnumerable`1 matchingCalls, IEnumerable`1 nonMatchingCalls, Quantity requiredQuantity)
           at NSubstitute.Routing.Handlers.CheckReceivedCallsHandler.Handle(ICall call)
           at NSubstitute.Routing.Route.Handle(ICall call)
           at NSubstitute.Core.CallRouter.Route(ICall call)
           at NSubstitute.Proxies.CastleDynamicProxy.CastleForwardingInterceptor.Intercept(IInvocation invocation)
           at Castle.DynamicProxy.AbstractInvocation.Proceed()
           at NSubstitute.Proxies.CastleDynamicProxy.ProxyIdInterceptor.Intercept(IInvocation invocation)
           at Castle.DynamicProxy.AbstractInvocation.Proceed()
           at Castle.Proxies.ObjectProxy_9.WriteStatusAsync(String tenantId, String messageId, CommandStatusRecord status, CancellationToken cancellationToken)
        tests/Hexalith.EventStore.Server.Tests/Actors/EventDrainRecoveryTests.cs(2236,0): at Hexalith.EventStore.Server.Tests.Actors.EventDrainRecoveryTests.ProcessCommand_PublishFailedWithDrainArmed_StatusReportsRetryableNotUnknown()
        --- End of stack trace from previous location ---
    Hexalith.EventStore.Server.Tests.Actors.EventDrainRecoveryTests.ProcessCommand_ReminderRegistrationFailsButEntryTracked_StillReportsRetryable [FAIL]
      NSubstitute.Exceptions.ReceivedCallsException : Expected to receive exactly 1 call matching:
      	WriteStatusAsync("test-tenant", "msg-capacity", r => ((Convert(r.Status, Int32) == 6) AndAlso (r.Retryable == Convert(True, Nullable`1))), any CancellationToken)
      Actually received no matching calls.
      Received 2 non-matching calls (non-matching arguments indicated with '*' characters):
      	WriteStatusAsync("test-tenant", "msg-capacity", *CommandStatusRecord { Status = Processing, Timestamp = 10/08/2026 13:11:50 +00:00, AggregateId = agg-001, EventCount = , RejectionEventType = , FailureReason = , TimeoutDuration = , MessageId = msg-capacity, CorrelationId = corr-capacity, Retryable = , RecoveryReasonCode = , DrainAttemptCount = , CommittedEventSequence = , Domain = test-domain }*, System.Threading.CancellationToken)
      	WriteStatusAsync("test-tenant", "msg-capacity", *CommandStatusRecord { Status = Rejected, Timestamp = 10/08/2026 13:11:50 +00:00, AggregateId = agg-001, EventCount = , RejectionEventType = , FailureReason = Protected data diagnostic details were redacted. ReasonCode=protected-data-diagnostic-redacted; Stage=EventsStored., TimeoutDuration = , MessageId = msg-capacity, CorrelationId = corr-capacity, Retryable = , RecoveryReasonCode = , DrainAttemptCount = , CommittedEventSequence = , Domain = test-domain }*, System.Threading.CancellationToken)
      
      Stack Trace:
           at NSubstitute.Core.ReceivedCallsExceptionThrower.Throw(ICallSpecification callSpecification, IEnumerable`1 matchingCalls, IEnumerable`1 nonMatchingCalls, Quantity requiredQuantity)
           at NSubstitute.Routing.Handlers.CheckReceivedCallsHandler.Handle(ICall call)
           at NSubstitute.Routing.Route.Handle(ICall call)
           at NSubstitute.Core.CallRouter.Route(ICall call)
           at NSubstitute.Proxies.CastleDynamicProxy.CastleForwardingInterceptor.Intercept(IInvocation invocation)
           at Castle.DynamicProxy.AbstractInvocation.Proceed()
           at NSubstitute.Proxies.CastleDynamicProxy.ProxyIdInterceptor.Intercept(IInvocation invocation)
           at Castle.DynamicProxy.AbstractInvocation.Proceed()
           at Castle.Proxies.ObjectProxy_9.WriteStatusAsync(String tenantId, String messageId, CommandStatusRecord status, CancellationToken cancellationToken)
        tests/Hexalith.EventStore.Server.Tests/Actors/EventDrainRecoveryTests.cs(2312,0): at Hexalith.EventStore.Server.Tests.Actors.EventDrainRecoveryTests.ProcessCommand_ReminderRegistrationFailsButEntryTracked_StillReportsRetryable()
        --- End of stack trace from previous location ---
    Hexalith.EventStore.Server.Tests.Projections.Dw1ProjectionDeliveryAtddTests.DeliverProjection_NullState_LogsProjectInvalidStateReasonCode [SKIP]
      ATDD red phase — DW1 AC#2 (/project failure classification). Remove Skip when implementing.
    Hexalith.EventStore.Server.Tests.Projections.Dw1ProjectionDeliveryAtddTests.DeliverProjection_InvalidCharset_LogsProjectInvalidCharsetReasonCode [SKIP]
      ATDD red phase — DW1 AC#2 (/project failure classification). Remove Skip when implementing.
    Hexalith.EventStore.Server.Tests.Projections.Dw1ProjectionDeliveryAtddTests.DeliverProjection_AnyClassifiedFailure_DoesNotLogEventPayload [SKIP]
      ATDD red phase — DW1 AC#2 (/project failure classification). Remove Skip when implementing.
    Hexalith.EventStore.Server.Tests.Projections.Dw1ProjectionDeliveryAtddTests.DeliverProjection_MalformedJson_LogsProjectMalformedJsonReasonCode [SKIP]
      ATDD red phase — DW1 AC#2 (/project failure classification). Remove Skip when implementing.
    Hexalith.EventStore.Server.Tests.Projections.Dw1ProjectionDeliveryAtddTests.DeliverProjection_Upstream4xx_LogsProjectUpstream4xxReasonCode [SKIP]
      ATDD red phase — DW1 AC#2 (/project failure classification). Remove Skip when implementing.
    Hexalith.EventStore.Server.Tests.Projections.Dw1ProjectionDeliveryAtddTests.DeliverProjection_EmptyProjectionType_LogsProjectInvalidProjectionTypeReasonCode [SKIP]
      ATDD red phase — DW1 AC#2 (/project failure classification). Remove Skip when implementing.
    Hexalith.EventStore.Server.Tests.Projections.Dw1ProjectionDeliveryAtddTests.DeliverProjection_HttpTimeoutWhileHostStillRunning_LogsProjectTimeoutAndDoesNotThrow [SKIP]
      ATDD red phase — DW1 AC#3 (cancellation vs timeout). Remove Skip when implementing.
    Hexalith.EventStore.Server.Tests.Projections.Dw1ProjectionDeliveryAtddTests.DeliverProjection_TwoOverlappingCallsForSameActorId_AreSerializedByKeyedSemaphore [SKIP]
      ATDD red phase — DW1 AC#4 (per-aggregate serialization). Remove Skip when implementing.
    Hexalith.EventStore.Server.Tests.Projections.Dw1ProjectionDeliveryAtddTests.DeliverProjection_PersistedCheckpointAheadOfAggregateStream_EmitsCheckpointDriftReasonCode [SKIP]
      ATDD red phase — DW1 AC#1 (checkpoint drift). Remove Skip when implementing.
    Hexalith.EventStore.Server.Tests.Projections.Dw1ProjectionDeliveryAtddTests.DeliverProjection_PersistedCheckpointAheadOfAggregateStream_DoesNotRegressCheckpoint [SKIP]
      ATDD red phase — DW1 AC#1 (checkpoint drift). Remove Skip when implementing.
    Hexalith.EventStore.Server.Tests.Projections.Dw1ProjectionDeliveryAtddTests.DeliverProjection_HostTokenCancelled_PropagatesOperationCanceledException [SKIP]
      ATDD red phase — DW1 AC#3 (cancellation vs timeout). Remove Skip when implementing.
    Hexalith.EventStore.Server.Tests.Projections.Dw1ProjectionDeliveryAtddTests.DeliverProjection_Upstream5xx_LogsProjectUpstream5xxReasonCode [SKIP]
      ATDD red phase — DW1 AC#2 (/project failure classification). Remove Skip when implementing.
    Hexalith.EventStore.Server.Tests.Projections.Dw1ProjectionDeliveryAtddTests.DeliverProjection_UnsupportedContentType_LogsProjectUnsupportedContentTypeReasonCode [SKIP]
      ATDD red phase — DW1 AC#2 (/project failure classification). Remove Skip when implementing.
{"EventId":1121,"LogLevel":"Information","Category":"Hexalith.EventStore.Server.Projections.ProjectionDiscoveryHostedService","Message":"Projection discovery: domain \u0027counter\u0027 -\u003E immediate mode (fire-and-forget after persistence)","State":{"Message":"Domain=counter,{OriginalFormat}=Projection discovery: domain \u0027{Domain}\u0027 -\u003E immediate mode (fire-and-forget after persistence)","Domain":"counter","{OriginalFormat}":"Projection discovery: domain \u0027{Domain}\u0027 -\u003E immediate mode (fire-and-forget after persistence)"}}
{"EventId":1121,"LogLevel":"Information","Category":"Hexalith.EventStore.Server.Projections.ProjectionDiscoveryHostedService","Message":"Projection discovery: domain \u0027global-administrators\u0027 -\u003E immediate mode (fire-and-forget after persistence)","State":{"Message":"Domain=global-administrators,{OriginalFormat}=Projection discovery: domain \u0027{Domain}\u0027 -\u003E immediate mode (fire-and-forget after persistence)","Domain":"global-administrators","{OriginalFormat}":"Projection discovery: domain \u0027{Domain}\u0027 -\u003E immediate mode (fire-and-forget after persistence)"}}
{"EventId":1121,"LogLevel":"Information","Category":"Hexalith.EventStore.Server.Projections.ProjectionDiscoveryHostedService","Message":"Projection discovery: domain \u0027greeting\u0027 -\u003E immediate mode (fire-and-forget after persistence)","State":{"Message":"Domain=greeting,{OriginalFormat}=Projection discovery: domain \u0027{Domain}\u0027 -\u003E immediate mode (fire-and-forget after persistence)","Domain":"greeting","{OriginalFormat}":"Projection discovery: domain \u0027{Domain}\u0027 -\u003E immediate mode (fire-and-forget after persistence)"}}
{"EventId":1121,"LogLevel":"Information","Category":"Hexalith.EventStore.Server.Projections.ProjectionDiscoveryHostedService","Message":"Projection discovery: domain \u0027tenants\u0027 -\u003E immediate mode (fire-and-forget after persistence)","State":{"Message":"Domain=tenants,{OriginalFormat}=Projection discovery: domain \u0027{Domain}\u0027 -\u003E immediate mode (fire-and-forget after persistence)","Domain":"tenants","{OriginalFormat}":"Projection discovery: domain \u0027{Domain}\u0027 -\u003E immediate mode (fire-and-forget after persistence)"}}
{"EventId":1124,"LogLevel":"Information","Category":"Hexalith.EventStore.Server.Projections.ProjectionDiscoveryHostedService","Message":"Projection discovery complete: 4 domains discovered. Default refresh interval: 0ms (0=immediate).","State":{"Message":"DefaultRefreshIntervalMs=0,DomainCount=4,{OriginalFormat}=Projection discovery complete: {DomainCount} domains discovered. Default refresh interval: {DefaultRefreshIntervalMs}ms (0=immediate).","DefaultRefreshIntervalMs":0,"DomainCount":4,"{OriginalFormat}":"Projection discovery complete: {DomainCount} domains discovered. Default refresh interval: {DefaultRefreshIntervalMs}ms (0=immediate)."}}
{"EventId":1200,"LogLevel":"Information","Category":"Hexalith.EventStore.Server.Projections.ActiveRebuildIndexCleanupService","Message":"Active-rebuild-index cleanup service started: CadenceSeconds=60, Stage=ActiveRebuildIndexCleanupServiceStarted","State":{"Message":"CadenceSeconds=60,{OriginalFormat}=Active-rebuild-index cleanup service started: CadenceSeconds={CadenceSeconds}, Stage=ActiveRebuildIndexCleanupServiceStarted","CadenceSeconds":60,"{OriginalFormat}":"Active-rebuild-index cleanup service started: CadenceSeconds={CadenceSeconds}, Stage=ActiveRebuildIndexCleanupServiceStarted"}}
{"EventId":0,"LogLevel":"Warning","Category":"Hexalith.EventStore.Configuration.DaprRateLimitConfigSync","Message":"DAPR config store unavailable for rate limit sync. Falling back to appsettings.json values.","Exception":"Dapr.DaprException: GetConfiguration operation failed: the Dapr endpoint indicated a failure. See InnerException for details.\n ---\u003E Grpc.Core.RpcException: Status(StatusCode=\u0022Unavailable\u0022, Detail=\u0022Error connecting to subchannel.\u0022, DebugException=\u0022System.Net.Sockets.SocketException: Connection refused\u0022)\n ---\u003E System.Net.Sockets.SocketException (111): Connection refused\n   at System.Net.Sockets.Socket.AwaitableSocketAsyncEventArgs.ThrowException(SocketError error, CancellationToken cancellationToken)\n   at System.Net.Sockets.Socket.AwaitableSocketAsyncEventArgs.System.Threading.Tasks.Sources.IValueTaskSource.GetResult(Int16 token)\n   at Grpc.Net.Client.Balancer.Internal.SocketConnectivitySubchannelTransport.TryConnectAsync(ConnectContext context, Int32 attempt)\n   --- End of inner exception stack trace ---\n   at Grpc.Net.Client.Balancer.Internal.ConnectionManager.PickAsync(PickContext context, Boolean waitForReady, CancellationToken cancellationToken)\n   at Grpc.Net.Client.Balancer.Internal.BalancerHttpHandler.SendAsync(HttpRequestMessage request, CancellationToken cancellationToken)\n   at Grpc.Net.Client.Internal.GrpcCall\u00602.RunCall(HttpRequestMessage request, Nullable\u00601 timeout)\n   at Dapr.Client.DaprClientGrpc.GetConfiguration(String storeName, IReadOnlyList\u00601 keys, IReadOnlyDictionary\u00602 metadata, CancellationToken cancellationToken)\n   --- End of inner exception stack trace ---\n   at Dapr.Client.DaprClientGrpc.GetConfiguration(String storeName, IReadOnlyList\u00601 keys, IReadOnlyDictionary\u00602 metadata, CancellationToken cancellationToken)\n   at Hexalith.EventStore.Configuration.DaprRateLimitConfigSync.FetchConfigurationAsync(DaprClient daprClient, String[] keys, CancellationToken cancellationToken) in /home/administrator/projects/hexalith/eventstore/src/Hexalith.EventStore/Configuration/DaprRateLimitConfigSync.cs:line 70\n   at Hexalith.EventStore.Configuration.DaprRateLimitConfigSync.LoadTenantIdsAsync(DaprClient daprClient, CancellationToken cancellationToken) in /home/administrator/projects/hexalith/eventstore/src/Hexalith.EventStore/Configuration/DaprRateLimitConfigSync.cs:line 80\n   at Hexalith.EventStore.Configuration.DaprRateLimitConfigSync.SyncTenantOverridesAsync(DaprClient daprClient, CancellationToken cancellationToken) in /home/administrator/projects/hexalith/eventstore/src/Hexalith.EventStore/Configuration/DaprRateLimitConfigSync.cs:line 158","State":{"{OriginalFormat}":"DAPR config store unavailable for rate limit sync. Falling back to appsettings.json values."}}
{"EventId":0,"LogLevel":"Information","Category":"Microsoft.Hosting.Lifetime","Message":"Application started. Press Ctrl\u002BC to shut down.","State":{"{OriginalFormat}":"Application started. Press Ctrl\u002BC to shut down."}}
{"EventId":0,"LogLevel":"Information","Category":"Microsoft.Hosting.Lifetime","Message":"Hosting environment: Development","State":{"EnvName":"Development","{OriginalFormat}":"Hosting environment: {EnvName}"}}
{"EventId":0,"LogLevel":"Information","Category":"Microsoft.Hosting.Lifetime","Message":"Content root path: /home/administrator/projects/hexalith/eventstore/src/Hexalith.EventStore","State":{"ContentRoot":"/home/administrator/projects/hexalith/eventstore/src/Hexalith.EventStore","{OriginalFormat}":"Content root path: {ContentRoot}"}}
{"EventId":5501,"LogLevel":"Warning","Category":"Hexalith.EventStore.Controllers.ProjectionNotificationController","Message":"Internal credential denied: SecurityEvent=InternalAuthenticationDenied, Scheme=ProjectionNotificationProvenance, Reason=assertion-missing, StatusCode=403, Path=/projections/changed, CorrelationId=0dd7d62ed4534b1ec5e36782c3000347","State":{"Message":"CorrelationId=0dd7d62ed4534b1ec5e36782c3000347,Path=/projections/changed,StatusCode=403,Reason=assertion-missing,Scheme=ProjectionNotificationProvenance,{OriginalFormat}=Internal credential denied: SecurityEvent=InternalAuthenticationDenied, Scheme={Scheme}, Reason={Reason}, StatusCode={StatusCode}, Path={Path}, CorrelationId={CorrelationId}","CorrelationId":"0dd7d62ed4534b1ec5e36782c3000347","Path":"/projections/changed","StatusCode":403,"Reason":"assertion-missing","Scheme":"ProjectionNotificationProvenance","{OriginalFormat}":"Internal credential denied: SecurityEvent=InternalAuthenticationDenied, Scheme={Scheme}, Reason={Reason}, StatusCode={StatusCode}, Path={Path}, CorrelationId={CorrelationId}"}}
{"EventId":7,"LogLevel":"Information","Category":"Hexalith.EventStore.ServiceDefaults.Authentication.DaprSidecarChannelAuthenticationHandler","Message":"EventStoreSidecarChannel was not authenticated. Failure message: channel-token-missing","State":{"AuthenticationScheme":"EventStoreSidecarChannel","FailureMessage":"channel-token-missing","{OriginalFormat}":"{AuthenticationScheme} was not authenticated. Failure message: {FailureMessage}"}}
{"EventId":5501,"LogLevel":"Warning","Category":"Hexalith.EventStore.ServiceDefaults.Authentication.DaprSidecarChannelAuthenticationHandler","Message":"Internal credential denied: SecurityEvent=InternalAuthenticationDenied, Scheme=EventStoreSidecarChannel, Reason=channel-token-missing, StatusCode=401, Path=/projections/changed, CorrelationId=6f0ae5cacdc6130f51c7ebd1aa1159c6","State":{"Message":"CorrelationId=6f0ae5cacdc6130f51c7ebd1aa1159c6,Path=/projections/changed,StatusCode=401,Reason=channel-token-missing,Scheme=EventStoreSidecarChannel,{OriginalFormat}=Internal credential denied: SecurityEvent=InternalAuthenticationDenied, Scheme={Scheme}, Reason={Reason}, StatusCode={StatusCode}, Path={Path}, CorrelationId={CorrelationId}","CorrelationId":"6f0ae5cacdc6130f51c7ebd1aa1159c6","Path":"/projections/changed","StatusCode":401,"Reason":"channel-token-missing","Scheme":"EventStoreSidecarChannel","{OriginalFormat}":"Internal credential denied: SecurityEvent=InternalAuthenticationDenied, Scheme={Scheme}, Reason={Reason}, StatusCode={StatusCode}, Path={Path}, CorrelationId={CorrelationId}"}}
{"EventId":12,"LogLevel":"Information","Category":"Hexalith.EventStore.ServiceDefaults.Authentication.DaprSidecarChannelAuthenticationHandler","Message":"AuthenticationScheme: EventStoreSidecarChannel was challenged.","State":{"AuthenticationScheme":"EventStoreSidecarChannel","{OriginalFormat}":"AuthenticationScheme: {AuthenticationScheme} was challenged."}}
{"EventId":7,"LogLevel":"Information","Category":"Hexalith.EventStore.ServiceDefaults.Authentication.DaprSidecarChannelAuthenticationHandler","Message":"EventStoreSidecarChannel was not authenticated. Failure message: channel-token-invalid","State":{"AuthenticationScheme":"EventStoreSidecarChannel","FailureMessage":"channel-token-invalid","{OriginalFormat}":"{AuthenticationScheme} was not authenticated. Failure message: {FailureMessage}"}}
{"EventId":5501,"LogLevel":"Warning","Category":"Hexalith.EventStore.ServiceDefaults.Authentication.DaprSidecarChannelAuthenticationHandler","Message":"Internal credential denied: SecurityEvent=InternalAuthenticationDenied, Scheme=EventStoreSidecarChannel, Reason=channel-token-invalid, StatusCode=401, Path=/projections/changed, CorrelationId=4723f0467a0143d557449c36561ff4f5","State":{"Message":"CorrelationId=4723f0467a0143d557449c36561ff4f5,Path=/projections/changed,StatusCode=401,Reason=channel-token-invalid,Scheme=EventStoreSidecarChannel,{OriginalFormat}=Internal credential denied: SecurityEvent=InternalAuthenticationDenied, Scheme={Scheme}, Reason={Reason}, StatusCode={StatusCode}, Path={Path}, CorrelationId={CorrelationId}","CorrelationId":"4723f0467a0143d557449c36561ff4f5","Path":"/projections/changed","StatusCode":401,"Reason":"channel-token-invalid","Scheme":"EventStoreSidecarChannel","{OriginalFormat}":"Internal credential denied: SecurityEvent=InternalAuthenticationDenied, Scheme={Scheme}, Reason={Reason}, StatusCode={StatusCode}, Path={Path}, CorrelationId={CorrelationId}"}}
{"EventId":12,"LogLevel":"Information","Category":"Hexalith.EventStore.ServiceDefaults.Authentication.DaprSidecarChannelAuthenticationHandler","Message":"AuthenticationScheme: EventStoreSidecarChannel was challenged.","State":{"AuthenticationScheme":"EventStoreSidecarChannel","{OriginalFormat}":"AuthenticationScheme: {AuthenticationScheme} was challenged."}}
{"EventId":7,"LogLevel":"Information","Category":"Hexalith.EventStore.ServiceDefaults.Authentication.DaprSidecarChannelAuthenticationHandler","Message":"EventStoreSidecarChannel was not authenticated. Failure message: channel-token-duplicate","State":{"AuthenticationScheme":"EventStoreSidecarChannel","FailureMessage":"channel-token-duplicate","{OriginalFormat}":"{AuthenticationScheme} was not authenticated. Failure message: {FailureMessage}"}}
{"EventId":5501,"LogLevel":"Warning","Category":"Hexalith.EventStore.ServiceDefaults.Authentication.DaprSidecarChannelAuthenticationHandler","Message":"Internal credential denied: SecurityEvent=InternalAuthenticationDenied, Scheme=EventStoreSidecarChannel, Reason=channel-token-duplicate, StatusCode=401, Path=/projections/changed, CorrelationId=a20f87e3baeafdd283505e6960a7755f","State":{"Message":"CorrelationId=a20f87e3baeafdd283505e6960a7755f,Path=/projections/changed,StatusCode=401,Reason=channel-token-duplicate,Scheme=EventStoreSidecarChannel,{OriginalFormat}=Internal credential denied: SecurityEvent=InternalAuthenticationDenied, Scheme={Scheme}, Reason={Reason}, StatusCode={StatusCode}, Path={Path}, CorrelationId={CorrelationId}","CorrelationId":"a20f87e3baeafdd283505e6960a7755f","Path":"/projections/changed","StatusCode":401,"Reason":"channel-token-duplicate","Scheme":"EventStoreSidecarChannel","{OriginalFormat}":"Internal credential denied: SecurityEvent=InternalAuthenticationDenied, Scheme={Scheme}, Reason={Reason}, StatusCode={StatusCode}, Path={Path}, CorrelationId={CorrelationId}"}}
{"EventId":12,"LogLevel":"Information","Category":"Hexalith.EventStore.ServiceDefaults.Authentication.DaprSidecarChannelAuthenticationHandler","Message":"AuthenticationScheme: EventStoreSidecarChannel was challenged.","State":{"AuthenticationScheme":"EventStoreSidecarChannel","{OriginalFormat}":"AuthenticationScheme: {AuthenticationScheme} was challenged."}}
{"EventId":5501,"LogLevel":"Warning","Category":"Hexalith.EventStore.Controllers.ProjectionNotificationController","Message":"Internal credential denied: SecurityEvent=InternalAuthenticationDenied, Scheme=ProjectionNotificationProvenance, Reason=signature-invalid, StatusCode=403, Path=/projections/changed, CorrelationId=5e6b60ac8ec7525e41f5f807958914ca","State":{"Message":"CorrelationId=5e6b60ac8ec7525e41f5f807958914ca,Path=/projections/changed,StatusCode=403,Reason=signature-invalid,Scheme=ProjectionNotificationProvenance,{OriginalFormat}=Internal credential denied: SecurityEvent=InternalAuthenticationDenied, Scheme={Scheme}, Reason={Reason}, StatusCode={StatusCode}, Path={Path}, CorrelationId={CorrelationId}","CorrelationId":"5e6b60ac8ec7525e41f5f807958914ca","Path":"/projections/changed","StatusCode":403,"Reason":"signature-invalid","Scheme":"ProjectionNotificationProvenance","{OriginalFormat}":"Internal credential denied: SecurityEvent=InternalAuthenticationDenied, Scheme={Scheme}, Reason={Reason}, StatusCode={StatusCode}, Path={Path}, CorrelationId={CorrelationId}"}}
{"EventId":5501,"LogLevel":"Warning","Category":"Hexalith.EventStore.Controllers.ProjectionNotificationController","Message":"Internal credential denied: SecurityEvent=InternalAuthenticationDenied, Scheme=ProjectionNotificationProvenance, Reason=assertion-expired, StatusCode=403, Path=/projections/changed, CorrelationId=c832f73bb60855ec084213661f0f0526","State":{"Message":"CorrelationId=c832f73bb60855ec084213661f0f0526,Path=/projections/changed,StatusCode=403,Reason=assertion-expired,Scheme=ProjectionNotificationProvenance,{OriginalFormat}=Internal credential denied: SecurityEvent=InternalAuthenticationDenied, Scheme={Scheme}, Reason={Reason}, StatusCode={StatusCode}, Path={Path}, CorrelationId={CorrelationId}","CorrelationId":"c832f73bb60855ec084213661f0f0526","Path":"/projections/changed","StatusCode":403,"Reason":"assertion-expired","Scheme":"ProjectionNotificationProvenance","{OriginalFormat}":"Internal credential denied: SecurityEvent=InternalAuthenticationDenied, Scheme={Scheme}, Reason={Reason}, StatusCode={StatusCode}, Path={Path}, CorrelationId={CorrelationId}"}}
{"EventId":5501,"LogLevel":"Warning","Category":"Hexalith.EventStore.Controllers.ProjectionNotificationController","Message":"Internal credential denied: SecurityEvent=InternalAuthenticationDenied, Scheme=ProjectionNotificationProvenance, Reason=caller-not-allowed, StatusCode=403, Path=/projections/changed, CorrelationId=caaec1c72be9b9a676927861961fc978","State":{"Message":"CorrelationId=caaec1c72be9b9a676927861961fc978,Path=/projections/changed,StatusCode=403,Reason=caller-not-allowed,Scheme=ProjectionNotificationProvenance,{OriginalFormat}=Internal credential denied: SecurityEvent=InternalAuthenticationDenied, Scheme={Scheme}, Reason={Reason}, StatusCode={StatusCode}, Path={Path}, CorrelationId={CorrelationId}","CorrelationId":"caaec1c72be9b9a676927861961fc978","Path":"/projections/changed","StatusCode":403,"Reason":"caller-not-allowed","Scheme":"ProjectionNotificationProvenance","{OriginalFormat}":"Internal credential denied: SecurityEvent=InternalAuthenticationDenied, Scheme={Scheme}, Reason={Reason}, StatusCode={StatusCode}, Path={Path}, CorrelationId={CorrelationId}"}}
{"EventId":5501,"LogLevel":"Warning","Category":"Hexalith.EventStore.Controllers.ProjectionNotificationController","Message":"Internal credential denied: SecurityEvent=InternalAuthenticationDenied, Scheme=ProjectionNotificationProvenance, Reason=operation-not-granted, StatusCode=403, Path=/projections/changed, CorrelationId=d16a22e436822c72934236a69c1c5cea","State":{"Message":"CorrelationId=d16a22e436822c72934236a69c1c5cea,Path=/projections/changed,StatusCode=403,Reason=operation-not-granted,Scheme=ProjectionNotificationProvenance,{OriginalFormat}=Internal credential denied: SecurityEvent=InternalAuthenticationDenied, Scheme={Scheme}, Reason={Reason}, StatusCode={StatusCode}, Path={Path}, CorrelationId={CorrelationId}","CorrelationId":"d16a22e436822c72934236a69c1c5cea","Path":"/projections/changed","StatusCode":403,"Reason":"operation-not-granted","Scheme":"ProjectionNotificationProvenance","{OriginalFormat}":"Internal credential denied: SecurityEvent=InternalAuthenticationDenied, Scheme={Scheme}, Reason={Reason}, StatusCode={StatusCode}, Path={Path}, CorrelationId={CorrelationId}"}}
{"EventId":5501,"LogLevel":"Warning","Category":"Hexalith.EventStore.Controllers.ProjectionNotificationController","Message":"Internal credential denied: SecurityEvent=InternalAuthenticationDenied, Scheme=ProjectionNotificationProvenance, Reason=audience-invalid, StatusCode=403, Path=/projections/changed, CorrelationId=89e5d0774c1574c75af238a97d70cbf5","State":{"Message":"CorrelationId=89e5d0774c1574c75af238a97d70cbf5,Path=/projections/changed,StatusCode=403,Reason=audience-invalid,Scheme=ProjectionNotificationProvenance,{OriginalFormat}=Internal credential denied: SecurityEvent=InternalAuthenticationDenied, Scheme={Scheme}, Reason={Reason}, StatusCode={StatusCode}, Path={Path}, CorrelationId={CorrelationId}","CorrelationId":"89e5d0774c1574c75af238a97d70cbf5","Path":"/projections/changed","StatusCode":403,"Reason":"audience-invalid","Scheme":"ProjectionNotificationProvenance","{OriginalFormat}":"Internal credential denied: SecurityEvent=InternalAuthenticationDenied, Scheme={Scheme}, Reason={Reason}, StatusCode={StatusCode}, Path={Path}, CorrelationId={CorrelationId}"}}
{"EventId":5501,"LogLevel":"Warning","Category":"Hexalith.EventStore.Controllers.ProjectionNotificationController","Message":"Internal credential denied: SecurityEvent=InternalAuthenticationDenied, Scheme=ProjectionNotificationProvenance, Reason=binding-mismatch, StatusCode=403, Path=/projections/changed, CorrelationId=df1d31c1fcbb942f2d2c6cc2c64efb5a","State":{"Message":"CorrelationId=df1d31c1fcbb942f2d2c6cc2c64efb5a,Path=/projections/changed,StatusCode=403,Reason=binding-mismatch,Scheme=ProjectionNotificationProvenance,{OriginalFormat}=Internal credential denied: SecurityEvent=InternalAuthenticationDenied, Scheme={Scheme}, Reason={Reason}, StatusCode={StatusCode}, Path={Path}, CorrelationId={CorrelationId}","CorrelationId":"df1d31c1fcbb942f2d2c6cc2c64efb5a","Path":"/projections/changed","StatusCode":403,"Reason":"binding-mismatch","Scheme":"ProjectionNotificationProvenance","{OriginalFormat}":"Internal credential denied: SecurityEvent=InternalAuthenticationDenied, Scheme={Scheme}, Reason={Reason}, StatusCode={StatusCode}, Path={Path}, CorrelationId={CorrelationId}"}}
{"EventId":5501,"LogLevel":"Warning","Category":"Hexalith.EventStore.Controllers.ProjectionNotificationController","Message":"Internal credential denied: SecurityEvent=InternalAuthenticationDenied, Scheme=ProjectionNotificationProvenance, Reason=binding-mismatch, StatusCode=403, Path=/projections/changed, CorrelationId=c92210653732431d91eeb9529ada0bb7","State":{"Message":"CorrelationId=c92210653732431d91eeb9529ada0bb7,Path=/projections/changed,StatusCode=403,Reason=binding-mismatch,Scheme=ProjectionNotificationProvenance,{OriginalFormat}=Internal credential denied: SecurityEvent=InternalAuthenticationDenied, Scheme={Scheme}, Reason={Reason}, StatusCode={StatusCode}, Path={Path}, CorrelationId={CorrelationId}","CorrelationId":"c92210653732431d91eeb9529ada0bb7","Path":"/projections/changed","StatusCode":403,"Reason":"binding-mismatch","Scheme":"ProjectionNotificationProvenance","{OriginalFormat}":"Internal credential denied: SecurityEvent=InternalAuthenticationDenied, Scheme={Scheme}, Reason={Reason}, StatusCode={StatusCode}, Path={Path}, CorrelationId={CorrelationId}"}}
{"EventId":5501,"LogLevel":"Warning","Category":"Hexalith.EventStore.Controllers.ProjectionNotificationController","Message":"Internal credential denied: SecurityEvent=InternalAuthenticationDenied, Scheme=ProjectionNotificationProvenance, Reason=binding-mismatch, StatusCode=403, Path=/projections/changed, CorrelationId=6e606a05f0f621250ff65d96ac3c07bd","State":{"Message":"CorrelationId=6e606a05f0f621250ff65d96ac3c07bd,Path=/projections/changed,StatusCode=403,Reason=binding-mismatch,Scheme=ProjectionNotificationProvenance,{OriginalFormat}=Internal credential denied: SecurityEvent=InternalAuthenticationDenied, Scheme={Scheme}, Reason={Reason}, StatusCode={StatusCode}, Path={Path}, CorrelationId={CorrelationId}","CorrelationId":"6e606a05f0f621250ff65d96ac3c07bd","Path":"/projections/changed","StatusCode":403,"Reason":"binding-mismatch","Scheme":"ProjectionNotificationProvenance","{OriginalFormat}":"Internal credential denied: SecurityEvent=InternalAuthenticationDenied, Scheme={Scheme}, Reason={Reason}, StatusCode={StatusCode}, Path={Path}, CorrelationId={CorrelationId}"}}
{"EventId":5501,"LogLevel":"Warning","Category":"Hexalith.EventStore.Controllers.ProjectionNotificationController","Message":"Internal credential denied: SecurityEvent=InternalAuthenticationDenied, Scheme=ProjectionNotificationProvenance, Reason=binding-missing, StatusCode=403, Path=/projections/changed, CorrelationId=b55b74de1409232325f3f056d785c078","State":{"Message":"CorrelationId=b55b74de1409232325f3f056d785c078,Path=/projections/changed,StatusCode=403,Reason=binding-missing,Scheme=ProjectionNotificationProvenance,{OriginalFormat}=Internal credential denied: SecurityEvent=InternalAuthenticationDenied, Scheme={Scheme}, Reason={Reason}, StatusCode={StatusCode}, Path={Path}, CorrelationId={CorrelationId}","CorrelationId":"b55b74de1409232325f3f056d785c078","Path":"/projections/changed","StatusCode":403,"Reason":"binding-missing","Scheme":"ProjectionNotificationProvenance","{OriginalFormat}":"Internal credential denied: SecurityEvent=InternalAuthenticationDenied, Scheme={Scheme}, Reason={Reason}, StatusCode={StatusCode}, Path={Path}, CorrelationId={CorrelationId}"}}
{"EventId":5501,"LogLevel":"Warning","Category":"Hexalith.EventStore.Controllers.ProjectionNotificationController","Message":"Internal credential denied: SecurityEvent=InternalAuthenticationDenied, Scheme=ProjectionNotificationProvenance, Reason=binding-missing, StatusCode=403, Path=/projections/changed, CorrelationId=ddd5e5ff6a9a26cb032c81e49391eeaa","State":{"Message":"CorrelationId=ddd5e5ff6a9a26cb032c81e49391eeaa,Path=/projections/changed,StatusCode=403,Reason=binding-missing,Scheme=ProjectionNotificationProvenance,{OriginalFormat}=Internal credential denied: SecurityEvent=InternalAuthenticationDenied, Scheme={Scheme}, Reason={Reason}, StatusCode={StatusCode}, Path={Path}, CorrelationId={CorrelationId}","CorrelationId":"ddd5e5ff6a9a26cb032c81e49391eeaa","Path":"/projections/changed","StatusCode":403,"Reason":"binding-missing","Scheme":"ProjectionNotificationProvenance","{OriginalFormat}":"Internal credential denied: SecurityEvent=InternalAuthenticationDenied, Scheme={Scheme}, Reason={Reason}, StatusCode={StatusCode}, Path={Path}, CorrelationId={CorrelationId}"}}
{"EventId":5501,"LogLevel":"Warning","Category":"Hexalith.EventStore.Controllers.ProjectionNotificationController","Message":"Internal credential denied: SecurityEvent=InternalAuthenticationDenied, Scheme=ProjectionNotificationProvenance, Reason=binding-missing, StatusCode=403, Path=/projections/changed, CorrelationId=ffbbf371e6c2258f69959ccbf9cafd6e","State":{"Message":"CorrelationId=ffbbf371e6c2258f69959ccbf9cafd6e,Path=/projections/changed,StatusCode=403,Reason=binding-missing,Scheme=ProjectionNotificationProvenance,{OriginalFormat}=Internal credential denied: SecurityEvent=InternalAuthenticationDenied, Scheme={Scheme}, Reason={Reason}, StatusCode={StatusCode}, Path={Path}, CorrelationId={CorrelationId}","CorrelationId":"ffbbf371e6c2258f69959ccbf9cafd6e","Path":"/projections/changed","StatusCode":403,"Reason":"binding-missing","Scheme":"ProjectionNotificationProvenance","{OriginalFormat}":"Internal credential denied: SecurityEvent=InternalAuthenticationDenied, Scheme={Scheme}, Reason={Reason}, StatusCode={StatusCode}, Path={Path}, CorrelationId={CorrelationId}"}}
{"EventId":5501,"LogLevel":"Warning","Category":"Hexalith.EventStore.Controllers.ProjectionNotificationController","Message":"Internal credential denied: SecurityEvent=InternalAuthenticationDenied, Scheme=ProjectionNotificationProvenance, Reason=binding-missing, StatusCode=403, Path=/projections/changed, CorrelationId=44672c643721ffef7b8beb17a5d6e8b8","State":{"Message":"CorrelationId=44672c643721ffef7b8beb17a5d6e8b8,Path=/projections/changed,StatusCode=403,Reason=binding-missing,Scheme=ProjectionNotificationProvenance,{OriginalFormat}=Internal credential denied: SecurityEvent=InternalAuthenticationDenied, Scheme={Scheme}, Reason={Reason}, StatusCode={StatusCode}, Path={Path}, CorrelationId={CorrelationId}","CorrelationId":"44672c643721ffef7b8beb17a5d6e8b8","Path":"/projections/changed","StatusCode":403,"Reason":"binding-missing","Scheme":"ProjectionNotificationProvenance","{OriginalFormat}":"Internal credential denied: SecurityEvent=InternalAuthenticationDenied, Scheme={Scheme}, Reason={Reason}, StatusCode={StatusCode}, Path={Path}, CorrelationId={CorrelationId}"}}
{"EventId":1055,"LogLevel":"Error","Category":"Hexalith.EventStore.Controllers.ProjectionNotificationController","Message":"ETag actor invocation failed for actor order-list:acme. ExceptionType: InvalidOperationException. Returning non-200 for DAPR retry.","State":{"Message":"ExceptionType=InvalidOperationException,ActorId=order-list:acme,{OriginalFormat}=ETag actor invocation failed for actor {ActorId}. ExceptionType: {ExceptionType}. Returning non-200 for DAPR retry.","ExceptionType":"InvalidOperationException","ActorId":"order-list:acme","{OriginalFormat}":"ETag actor invocation failed for actor {ActorId}. ExceptionType: {ExceptionType}. Returning non-200 for DAPR retry."}}
{"EventId":5501,"LogLevel":"Warning","Category":"Hexalith.EventStore.Controllers.ProjectionNotificationController","Message":"Internal credential denied: SecurityEvent=InternalAuthenticationDenied, Scheme=ProjectionNotificationProvenance, Reason=binding-mismatch, StatusCode=403, Path=/projections/changed, CorrelationId=4da7313ab226e885aa8423499284caf4","State":{"Message":"CorrelationId=4da7313ab226e885aa8423499284caf4,Path=/projections/changed,StatusCode=403,Reason=binding-mismatch,Scheme=ProjectionNotificationProvenance,{OriginalFormat}=Internal credential denied: SecurityEvent=InternalAuthenticationDenied, Scheme={Scheme}, Reason={Reason}, StatusCode={StatusCode}, Path={Path}, CorrelationId={CorrelationId}","CorrelationId":"4da7313ab226e885aa8423499284caf4","Path":"/projections/changed","StatusCode":403,"Reason":"binding-mismatch","Scheme":"ProjectionNotificationProvenance","{OriginalFormat}":"Internal credential denied: SecurityEvent=InternalAuthenticationDenied, Scheme={Scheme}, Reason={Reason}, StatusCode={StatusCode}, Path={Path}, CorrelationId={CorrelationId}"}}
{"EventId":5501,"LogLevel":"Warning","Category":"Hexalith.EventStore.Controllers.ProjectionNotificationController","Message":"Internal credential denied: SecurityEvent=InternalAuthenticationDenied, Scheme=ProjectionNotificationProvenance, Reason=binding-mismatch, StatusCode=403, Path=/projections/changed, CorrelationId=5bfaa31fcb52a235a89cad7369bd6e98","State":{"Message":"CorrelationId=5bfaa31fcb52a235a89cad7369bd6e98,Path=/projections/changed,StatusCode=403,Reason=binding-mismatch,Scheme=ProjectionNotificationProvenance,{OriginalFormat}=Internal credential denied: SecurityEvent=InternalAuthenticationDenied, Scheme={Scheme}, Reason={Reason}, StatusCode={StatusCode}, Path={Path}, CorrelationId={CorrelationId}","CorrelationId":"5bfaa31fcb52a235a89cad7369bd6e98","Path":"/projections/changed","StatusCode":403,"Reason":"binding-mismatch","Scheme":"ProjectionNotificationProvenance","{OriginalFormat}":"Internal credential denied: SecurityEvent=InternalAuthenticationDenied, Scheme={Scheme}, Reason={Reason}, StatusCode={StatusCode}, Path={Path}, CorrelationId={CorrelationId}"}}
{"EventId":1055,"LogLevel":"Error","Category":"Hexalith.EventStore.Controllers.ProjectionNotificationController","Message":"ETag actor invocation failed for actor order-list:acme. ExceptionType: InvalidOperationException. Returning non-200 for DAPR retry.","State":{"Message":"ExceptionType=InvalidOperationException,ActorId=order-list:acme,{OriginalFormat}=ETag actor invocation failed for actor {ActorId}. ExceptionType: {ExceptionType}. Returning non-200 for DAPR retry.","ExceptionType":"InvalidOperationException","ActorId":"order-list:acme","{OriginalFormat}":"ETag actor invocation failed for actor {ActorId}. ExceptionType: {ExceptionType}. Returning non-200 for DAPR retry."}}
{"EventId":0,"LogLevel":"Information","Category":"Microsoft.Hosting.Lifetime","Message":"Application is shutting down...","State":{"{OriginalFormat}":"Application is shutting down..."}}
warn: Hexalith.EventStore.Server.Projections.ProjectionPollerService[1140]
      DaprClient is not registered; projection polling is disabled. Configured polling-mode domains will not deliver projections automatically until DaprClient is added to the container. Stage=ProjectionPollerDisabled
info: Hexalith.EventStore.Server.Projections.ProjectionDiscoveryHostedService[1121]
      Projection discovery: domain 'global-administrators' -> immediate mode (fire-and-forget after persistence)
info: Hexalith.EventStore.Server.Projections.ProjectionDiscoveryHostedService[1121]
      Projection discovery: domain 'tenants' -> immediate mode (fire-and-forget after persistence)
info: Hexalith.EventStore.Server.Projections.ProjectionDiscoveryHostedService[1124]
      Projection discovery complete: 2 domains discovered. Default refresh interval: 0ms (0=immediate).
info: Microsoft.Hosting.Lifetime[0]
      Application started. Press Ctrl+C to shut down.
info: Microsoft.Hosting.Lifetime[0]
      Hosting environment: Production
info: Microsoft.Hosting.Lifetime[0]
      Content root path: /home/administrator/projects/hexalith/eventstore/tests/Hexalith.EventStore.Server.Tests/bin/Debug/net10.0
info: Microsoft.Hosting.Lifetime[0]
      Application is shutting down...
warn: Hexalith.EventStore.Server.Projections.ProjectionPollerService[1140]
      DaprClient is not registered; projection polling is disabled. Configured polling-mode domains will not deliver projections automatically until DaprClient is added to the container. Stage=ProjectionPollerDisabled
fail: Microsoft.Extensions.Hosting.Internal.Host[11]
      Hosting failed to start
      Microsoft.Extensions.Options.OptionsValidationException: Configuration-backed idempotency digest keys are permitted only in Development or test environments.
         at Microsoft.Extensions.Options.OptionsFactory`1.Create(String name)
         at System.Lazy`1.ViaFactory(LazyThreadSafetyMode mode)
         at System.Lazy`1.CreateValue()
         at Microsoft.Extensions.Options.OptionsCache`1.GetOrAdd[TArg](String name, Func`3 createOptions, TArg factoryArgument)
         at Microsoft.Extensions.DependencyInjection.OptionsBuilderExtensions.<>c__DisplayClass0_1`1.<ValidateOnStart>b__1()
         at Microsoft.Extensions.Options.StartupValidator.Validate()
      --- End of stack trace from previous location ---
         at Microsoft.Extensions.Options.StartupValidator.Validate()
         at Microsoft.Extensions.Hosting.Internal.Host.StartAsync(CancellationToken cancellationToken)
warn: Hexalith.EventStore.Server.Projections.ProjectionPollerService[1140]
      DaprClient is not registered; projection polling is disabled. Configured polling-mode domains will not deliver projections automatically until DaprClient is added to the container. Stage=ProjectionPollerDisabled
fail: Microsoft.Extensions.Hosting.Internal.Host[11]
      Hosting failed to start
      Microsoft.Extensions.Options.OptionsValidationException: InvocationTimeoutSeconds must be between 1 and 3600 seconds.
         at Microsoft.Extensions.Options.OptionsFactory`1.Create(String name)
         at System.Lazy`1.ViaFactory(LazyThreadSafetyMode mode)
         at System.Lazy`1.CreateValue()
         at Microsoft.Extensions.Options.OptionsCache`1.GetOrAdd[TArg](String name, Func`3 createOptions, TArg factoryArgument)
         at Microsoft.Extensions.DependencyInjection.OptionsBuilderExtensions.<>c__DisplayClass0_1`1.<ValidateOnStart>b__1()
         at Microsoft.Extensions.Options.StartupValidator.Validate()
      --- End of stack trace from previous location ---
         at Microsoft.Extensions.Options.StartupValidator.Validate()
         at Microsoft.Extensions.Hosting.Internal.Host.StartAsync(CancellationToken cancellationToken)
warn: Hexalith.EventStore.Server.Projections.ProjectionPollerService[1140]
      DaprClient is not registered; projection polling is disabled. Configured polling-mode domains will not deliver projections automatically until DaprClient is added to the container. Stage=ProjectionPollerDisabled
fail: Microsoft.Extensions.Hosting.Internal.Host[11]
      Hosting failed to start
      Microsoft.Extensions.Options.OptionsValidationException: Configured idempotency admission requires exactly one strong key for every active and reader version.
         at Microsoft.Extensions.Options.OptionsFactory`1.Create(String name)
         at System.Lazy`1.ViaFactory(LazyThreadSafetyMode mode)
         at System.Lazy`1.CreateValue()
         at Microsoft.Extensions.Options.OptionsCache`1.GetOrAdd[TArg](String name, Func`3 createOptions, TArg factoryArgument)
         at Microsoft.Extensions.DependencyInjection.OptionsBuilderExtensions.<>c__DisplayClass0_1`1.<ValidateOnStart>b__1()
         at Microsoft.Extensions.Options.StartupValidator.Validate()
      --- End of stack trace from previous location ---
         at Microsoft.Extensions.Options.StartupValidator.Validate()
         at Microsoft.Extensions.Hosting.Internal.Host.StartAsync(CancellationToken cancellationToken)
warn: Hexalith.EventStore.Server.Projections.ProjectionPollerService[1140]
      DaprClient is not registered; projection polling is disabled. Configured polling-mode domains will not deliver projections automatically until DaprClient is added to the container. Stage=ProjectionPollerDisabled
fail: Microsoft.Extensions.Hosting.Internal.Host[11]
      Hosting failed to start
      Microsoft.Extensions.Options.OptionsValidationException: The idempotency digest-key source is invalid.
         at Microsoft.Extensions.Options.OptionsFactory`1.Create(String name)
         at System.Lazy`1.ViaFactory(LazyThreadSafetyMode mode)
         at System.Lazy`1.CreateValue()
         at Microsoft.Extensions.Options.OptionsCache`1.GetOrAdd[TArg](String name, Func`3 createOptions, TArg factoryArgument)
         at Microsoft.Extensions.DependencyInjection.OptionsBuilderExtensions.<>c__DisplayClass0_1`1.<ValidateOnStart>b__1()
         at Microsoft.Extensions.Options.StartupValidator.Validate()
      --- End of stack trace from previous location ---
         at Microsoft.Extensions.Options.StartupValidator.Validate()
         at Microsoft.Extensions.Hosting.Internal.Host.StartAsync(CancellationToken cancellationToken)
warn: Hexalith.EventStore.Server.Projections.ProjectionPollerService[1140]
      DaprClient is not registered; projection polling is disabled. Configured polling-mode domains will not deliver projections automatically until DaprClient is added to the container. Stage=ProjectionPollerDisabled
fail: Microsoft.Extensions.Hosting.Internal.Host[11]
      Hosting failed to start
      Microsoft.Extensions.Options.OptionsValidationException: Configured idempotency admission requires exactly one strong key for every active and reader version.
         at Microsoft.Extensions.Options.OptionsFactory`1.Create(String name)
         at System.Lazy`1.ViaFactory(LazyThreadSafetyMode mode)
         at System.Lazy`1.CreateValue()
         at Microsoft.Extensions.Options.OptionsCache`1.GetOrAdd[TArg](String name, Func`3 createOptions, TArg factoryArgument)
         at Microsoft.Extensions.DependencyInjection.OptionsBuilderExtensions.<>c__DisplayClass0_1`1.<ValidateOnStart>b__1()
         at Microsoft.Extensions.Options.StartupValidator.Validate()
      --- End of stack trace from previous location ---
         at Microsoft.Extensions.Options.StartupValidator.Validate()
         at Microsoft.Extensions.Hosting.Internal.Host.StartAsync(CancellationToken cancellationToken)
warn: Hexalith.EventStore.Server.Projections.ProjectionPollerService[1140]
      DaprClient is not registered; projection polling is disabled. Configured polling-mode domains will not deliver projections automatically until DaprClient is added to the container. Stage=ProjectionPollerDisabled
fail: Microsoft.Extensions.Hosting.Internal.Host[11]
      Hosting failed to start
      Microsoft.Extensions.Options.OptionsValidationException: Configured idempotency admission requires exactly one strong key for every active and reader version.
         at Microsoft.Extensions.Options.OptionsFactory`1.Create(String name)
         at System.Lazy`1.ViaFactory(LazyThreadSafetyMode mode)
         at System.Lazy`1.CreateValue()
         at Microsoft.Extensions.Options.OptionsCache`1.GetOrAdd[TArg](String name, Func`3 createOptions, TArg factoryArgument)
         at Microsoft.Extensions.DependencyInjection.OptionsBuilderExtensions.<>c__DisplayClass0_1`1.<ValidateOnStart>b__1()
         at Microsoft.Extensions.Options.StartupValidator.Validate()
      --- End of stack trace from previous location ---
         at Microsoft.Extensions.Options.StartupValidator.Validate()
         at Microsoft.Extensions.Hosting.Internal.Host.StartAsync(CancellationToken cancellationToken)
warn: Hexalith.EventStore.Server.Projections.ProjectionPollerService[1140]
      DaprClient is not registered; projection polling is disabled. Configured polling-mode domains will not deliver projections automatically until DaprClient is added to the container. Stage=ProjectionPollerDisabled
fail: Microsoft.Extensions.Hosting.Internal.Host[11]
      Hosting failed to start
      Microsoft.Extensions.Options.OptionsValidationException: InvocationTimeoutSeconds must be between 1 and 3600 seconds.
         at Microsoft.Extensions.Options.OptionsFactory`1.Create(String name)
         at System.Lazy`1.ViaFactory(LazyThreadSafetyMode mode)
         at System.Lazy`1.CreateValue()
         at Microsoft.Extensions.Options.OptionsCache`1.GetOrAdd[TArg](String name, Func`3 createOptions, TArg factoryArgument)
         at Microsoft.Extensions.DependencyInjection.OptionsBuilderExtensions.<>c__DisplayClass0_1`1.<ValidateOnStart>b__1()
         at Microsoft.Extensions.Options.StartupValidator.Validate()
      --- End of stack trace from previous location ---
         at Microsoft.Extensions.Options.StartupValidator.Validate()
         at Microsoft.Extensions.Hosting.Internal.Host.StartAsync(CancellationToken cancellationToken)
fail: Microsoft.Extensions.Hosting.Internal.Host[11]
      Hosting failed to start
      System.InvalidOperationException: Multiple trusted idempotency adapters are registered for one command type.
         at Hexalith.EventStore.Server.Commands.IdempotencyIntentAdapterRegistry..ctor(IEnumerable`1 adapters, CanonicalIdempotencyIntentEncoder encoder) in /home/administrator/projects/hexalith/eventstore/src/Hexalith.EventStore.Server/Commands/IdempotencyIntentAdapterRegistry.cs:line 51
         at InvokeStub_IdempotencyIntentAdapterRegistry..ctor(Object, Span`1)
         at System.Reflection.MethodBaseInvoker.InvokeWithFewArgs(Object obj, BindingFlags invokeAttr, Binder binder, Object[] parameters, CultureInfo culture)
         at System.Reflection.RuntimeConstructorInfo.Invoke(BindingFlags invokeAttr, Binder binder, Object[] parameters, CultureInfo culture)
         at Microsoft.Extensions.DependencyInjection.ServiceLookup.CallSiteRuntimeResolver.VisitRootCache(ServiceCallSite callSite, RuntimeResolverContext context)
         at Microsoft.Extensions.DependencyInjection.ServiceProvider.CreateServiceAccessor(ServiceIdentifier serviceIdentifier)
         at Microsoft.Extensions.DependencyInjection.ServiceProvider.GetService(ServiceIdentifier serviceIdentifier, ServiceProviderEngineScope serviceProviderEngineScope)
         at Microsoft.Extensions.DependencyInjection.ServiceProviderServiceExtensions.GetRequiredService(IServiceProvider provider, Type serviceType)
         at Microsoft.Extensions.DependencyInjection.ServiceProviderServiceExtensions.GetRequiredService[T](IServiceProvider provider)
         at Hexalith.EventStore.Server.Configuration.EventStoreServerServiceCollectionExtensions.<>c.<AddEventStoreServer>b__1_1(IServiceProvider serviceProvider) in /home/administrator/projects/hexalith/eventstore/src/Hexalith.EventStore.Server/Configuration/ServiceCollectionExtensions.cs:line 65
         at Microsoft.Extensions.DependencyInjection.ServiceLookup.CallSiteRuntimeResolver.VisitRootCache(ServiceCallSite callSite, RuntimeResolverContext context)
         at Microsoft.Extensions.DependencyInjection.ServiceLookup.CallSiteRuntimeResolver.VisitIEnumerable(IEnumerableCallSite enumerableCallSite, RuntimeResolverContext context)
         at Microsoft.Extensions.DependencyInjection.ServiceLookup.CallSiteRuntimeResolver.VisitRootCache(ServiceCallSite callSite, RuntimeResolverContext context)
         at Microsoft.Extensions.DependencyInjection.ServiceProvider.CreateServiceAccessor(ServiceIdentifier serviceIdentifier)
         at Microsoft.Extensions.DependencyInjection.ServiceProvider.GetService(ServiceIdentifier serviceIdentifier, ServiceProviderEngineScope serviceProviderEngineScope)
         at Microsoft.Extensions.DependencyInjection.ServiceProviderServiceExtensions.GetRequiredService(IServiceProvider provider, Type serviceType)
         at Microsoft.Extensions.DependencyInjection.ServiceProviderServiceExtensions.GetRequiredService[T](IServiceProvider provider)
         at Microsoft.Extensions.Hosting.Internal.Host.StartAsync(CancellationToken cancellationToken)
{"EventId":1121,"LogLevel":"Information","Category":"Hexalith.EventStore.Server.Projections.ProjectionDiscoveryHostedService","Message":"Projection discovery: domain \u0027counter\u0027 -\u003E immediate mode (fire-and-forget after persistence)","State":{"Message":"Domain=counter,{OriginalFormat}=Projection discovery: domain \u0027{Domain}\u0027 -\u003E immediate mode (fire-and-forget after persistence)","Domain":"counter","{OriginalFormat}":"Projection discovery: domain \u0027{Domain}\u0027 -\u003E immediate mode (fire-and-forget after persistence)"}}
{"EventId":1121,"LogLevel":"Information","Category":"Hexalith.EventStore.Server.Projections.ProjectionDiscoveryHostedService","Message":"Projection discovery: domain \u0027global-administrators\u0027 -\u003E immediate mode (fire-and-forget after persistence)","State":{"Message":"Domain=global-administrators,{OriginalFormat}=Projection discovery: domain \u0027{Domain}\u0027 -\u003E immediate mode (fire-and-forget after persistence)","Domain":"global-administrators","{OriginalFormat}":"Projection discovery: domain \u0027{Domain}\u0027 -\u003E immediate mode (fire-and-forget after persistence)"}}
{"EventId":1121,"LogLevel":"Information","Category":"Hexalith.EventStore.Server.Projections.ProjectionDiscoveryHostedService","Message":"Projection discovery: domain \u0027greeting\u0027 -\u003E immediate mode (fire-and-forget after persistence)","State":{"Message":"Domain=greeting,{OriginalFormat}=Projection discovery: domain \u0027{Domain}\u0027 -\u003E immediate mode (fire-and-forget after persistence)","Domain":"greeting","{OriginalFormat}":"Projection discovery: domain \u0027{Domain}\u0027 -\u003E immediate mode (fire-and-forget after persistence)"}}
{"EventId":1121,"LogLevel":"Information","Category":"Hexalith.EventStore.Server.Projections.ProjectionDiscoveryHostedService","Message":"Projection discovery: domain \u0027tenants\u0027 -\u003E immediate mode (fire-and-forget after persistence)","State":{"Message":"Domain=tenants,{OriginalFormat}=Projection discovery: domain \u0027{Domain}\u0027 -\u003E immediate mode (fire-and-forget after persistence)","Domain":"tenants","{OriginalFormat}":"Projection discovery: domain \u0027{Domain}\u0027 -\u003E immediate mode (fire-and-forget after persistence)"}}
{"EventId":1124,"LogLevel":"Information","Category":"Hexalith.EventStore.Server.Projections.ProjectionDiscoveryHostedService","Message":"Projection discovery complete: 4 domains discovered. Default refresh interval: 0ms (0=immediate).","State":{"Message":"DefaultRefreshIntervalMs=0,DomainCount=4,{OriginalFormat}=Projection discovery complete: {DomainCount} domains discovered. Default refresh interval: {DefaultRefreshIntervalMs}ms (0=immediate).","DefaultRefreshIntervalMs":0,"DomainCount":4,"{OriginalFormat}":"Projection discovery complete: {DomainCount} domains discovered. Default refresh interval: {DefaultRefreshIntervalMs}ms (0=immediate)."}}
{"EventId":1200,"LogLevel":"Information","Category":"Hexalith.EventStore.Server.Projections.ActiveRebuildIndexCleanupService","Message":"Active-rebuild-index cleanup service started: CadenceSeconds=60, Stage=ActiveRebuildIndexCleanupServiceStarted","State":{"Message":"CadenceSeconds=60,{OriginalFormat}=Active-rebuild-index cleanup service started: CadenceSeconds={CadenceSeconds}, Stage=ActiveRebuildIndexCleanupServiceStarted","CadenceSeconds":60,"{OriginalFormat}":"Active-rebuild-index cleanup service started: CadenceSeconds={CadenceSeconds}, Stage=ActiveRebuildIndexCleanupServiceStarted"}}
{"EventId":0,"LogLevel":"Warning","Category":"Hexalith.EventStore.Configuration.DaprRateLimitConfigSync","Message":"DAPR config store unavailable for rate limit sync. Falling back to appsettings.json values.","Exception":"Dapr.DaprException: GetConfiguration operation failed: the Dapr endpoint indicated a failure. See InnerException for details.\n ---\u003E Grpc.Core.RpcException: Status(StatusCode=\u0022Unavailable\u0022, Detail=\u0022Error connecting to subchannel.\u0022, DebugException=\u0022System.Net.Sockets.SocketException: Connection refused\u0022)\n ---\u003E System.Net.Sockets.SocketException (111): Connection refused\n   at System.Net.Sockets.Socket.AwaitableSocketAsyncEventArgs.ThrowException(SocketError error, CancellationToken cancellationToken)\n   at System.Net.Sockets.Socket.AwaitableSocketAsyncEventArgs.System.Threading.Tasks.Sources.IValueTaskSource.GetResult(Int16 token)\n   at Grpc.Net.Client.Balancer.Internal.SocketConnectivitySubchannelTransport.TryConnectAsync(ConnectContext context, Int32 attempt)\n   --- End of inner exception stack trace ---\n   at Grpc.Net.Client.Balancer.Internal.ConnectionManager.PickAsync(PickContext context, Boolean waitForReady, CancellationToken cancellationToken)\n   at Grpc.Net.Client.Balancer.Internal.BalancerHttpHandler.SendAsync(HttpRequestMessage request, CancellationToken cancellationToken)\n   at Grpc.Net.Client.Internal.GrpcCall\u00602.RunCall(HttpRequestMessage request, Nullable\u00601 timeout)\n   at Dapr.Client.DaprClientGrpc.GetConfiguration(String storeName, IReadOnlyList\u00601 keys, IReadOnlyDictionary\u00602 metadata, CancellationToken cancellationToken)\n   --- End of inner exception stack trace ---\n   at Dapr.Client.DaprClientGrpc.GetConfiguration(String storeName, IReadOnlyList\u00601 keys, IReadOnlyDictionary\u00602 metadata, CancellationToken cancellationToken)\n   at Hexalith.EventStore.Configuration.DaprRateLimitConfigSync.FetchConfigurationAsync(DaprClient daprClient, String[] keys, CancellationToken cancellationToken) in /home/administrator/projects/hexalith/eventstore/src/Hexalith.EventStore/Configuration/DaprRateLimitConfigSync.cs:line 70\n   at Hexalith.EventStore.Configuration.DaprRateLimitConfigSync.LoadTenantIdsAsync(DaprClient daprClient, CancellationToken cancellationToken) in /home/administrator/projects/hexalith/eventstore/src/Hexalith.EventStore/Configuration/DaprRateLimitConfigSync.cs:line 80\n   at Hexalith.EventStore.Configuration.DaprRateLimitConfigSync.SyncTenantOverridesAsync(DaprClient daprClient, CancellationToken cancellationToken) in /home/administrator/projects/hexalith/eventstore/src/Hexalith.EventStore/Configuration/DaprRateLimitConfigSync.cs:line 158","State":{"{OriginalFormat}":"DAPR config store unavailable for rate limit sync. Falling back to appsettings.json values."}}
{"EventId":0,"LogLevel":"Information","Category":"Microsoft.Hosting.Lifetime","Message":"Application started. Press Ctrl\u002BC to shut down.","State":{"{OriginalFormat}":"Application started. Press Ctrl\u002BC to shut down."}}
{"EventId":0,"LogLevel":"Information","Category":"Microsoft.Hosting.Lifetime","Message":"Hosting environment: Development","State":{"EnvName":"Development","{OriginalFormat}":"Hosting environment: {EnvName}"}}
{"EventId":0,"LogLevel":"Information","Category":"Microsoft.Hosting.Lifetime","Message":"Content root path: /home/administrator/projects/hexalith/eventstore/src/Hexalith.EventStore","State":{"ContentRoot":"/home/administrator/projects/hexalith/eventstore/src/Hexalith.EventStore","{OriginalFormat}":"Content root path: {ContentRoot}"}}
{"EventId":0,"LogLevel":"Information","Category":"Microsoft.Hosting.Lifetime","Message":"Application is shutting down...","State":{"{OriginalFormat}":"Application is shutting down..."}}
{"EventId":1121,"LogLevel":"Information","Category":"Hexalith.EventStore.Server.Projections.ProjectionDiscoveryHostedService","Message":"Projection discovery: domain \u0027counter\u0027 -\u003E immediate mode (fire-and-forget after persistence)","State":{"Message":"Domain=counter,{OriginalFormat}=Projection discovery: domain \u0027{Domain}\u0027 -\u003E immediate mode (fire-and-forget after persistence)","Domain":"counter","{OriginalFormat}":"Projection discovery: domain \u0027{Domain}\u0027 -\u003E immediate mode (fire-and-forget after persistence)"}}
{"EventId":1121,"LogLevel":"Information","Category":"Hexalith.EventStore.Server.Projections.ProjectionDiscoveryHostedService","Message":"Projection discovery: domain \u0027global-administrators\u0027 -\u003E immediate mode (fire-and-forget after persistence)","State":{"Message":"Domain=global-administrators,{OriginalFormat}=Projection discovery: domain \u0027{Domain}\u0027 -\u003E immediate mode (fire-and-forget after persistence)","Domain":"global-administrators","{OriginalFormat}":"Projection discovery: domain \u0027{Domain}\u0027 -\u003E immediate mode (fire-and-forget after persistence)"}}
{"EventId":1121,"LogLevel":"Information","Category":"Hexalith.EventStore.Server.Projections.ProjectionDiscoveryHostedService","Message":"Projection discovery: domain \u0027greeting\u0027 -\u003E immediate mode (fire-and-forget after persistence)","State":{"Message":"Domain=greeting,{OriginalFormat}=Projection discovery: domain \u0027{Domain}\u0027 -\u003E immediate mode (fire-and-forget after persistence)","Domain":"greeting","{OriginalFormat}":"Projection discovery: domain \u0027{Domain}\u0027 -\u003E immediate mode (fire-and-forget after persistence)"}}
{"EventId":1121,"LogLevel":"Information","Category":"Hexalith.EventStore.Server.Projections.ProjectionDiscoveryHostedService","Message":"Projection discovery: domain \u0027tenants\u0027 -\u003E immediate mode (fire-and-forget after persistence)","State":{"Message":"Domain=tenants,{OriginalFormat}=Projection discovery: domain \u0027{Domain}\u0027 -\u003E immediate mode (fire-and-forget after persistence)","Domain":"tenants","{OriginalFormat}":"Projection discovery: domain \u0027{Domain}\u0027 -\u003E immediate mode (fire-and-forget after persistence)"}}
{"EventId":1124,"LogLevel":"Information","Category":"Hexalith.EventStore.Server.Projections.ProjectionDiscoveryHostedService","Message":"Projection discovery complete: 4 domains discovered. Default refresh interval: 0ms (0=immediate).","State":{"Message":"DefaultRefreshIntervalMs=0,DomainCount=4,{OriginalFormat}=Projection discovery complete: {DomainCount} domains discovered. Default refresh interval: {DefaultRefreshIntervalMs}ms (0=immediate).","DefaultRefreshIntervalMs":0,"DomainCount":4,"{OriginalFormat}":"Projection discovery complete: {DomainCount} domains discovered. Default refresh interval: {DefaultRefreshIntervalMs}ms (0=immediate)."}}
{"EventId":1200,"LogLevel":"Information","Category":"Hexalith.EventStore.Server.Projections.ActiveRebuildIndexCleanupService","Message":"Active-rebuild-index cleanup service started: CadenceSeconds=60, Stage=ActiveRebuildIndexCleanupServiceStarted","State":{"Message":"CadenceSeconds=60,{OriginalFormat}=Active-rebuild-index cleanup service started: CadenceSeconds={CadenceSeconds}, Stage=ActiveRebuildIndexCleanupServiceStarted","CadenceSeconds":60,"{OriginalFormat}":"Active-rebuild-index cleanup service started: CadenceSeconds={CadenceSeconds}, Stage=ActiveRebuildIndexCleanupServiceStarted"}}
{"EventId":0,"LogLevel":"Warning","Category":"Hexalith.EventStore.Configuration.DaprRateLimitConfigSync","Message":"DAPR config store unavailable for rate limit sync. Falling back to appsettings.json values.","Exception":"Dapr.DaprException: GetConfiguration operation failed: the Dapr endpoint indicated a failure. See InnerException for details.\n ---\u003E Grpc.Core.RpcException: Status(StatusCode=\u0022Unavailable\u0022, Detail=\u0022Error connecting to subchannel.\u0022, DebugException=\u0022System.Net.Sockets.SocketException: Connection refused\u0022)\n ---\u003E System.Net.Sockets.SocketException (111): Connection refused\n   at System.Net.Sockets.Socket.AwaitableSocketAsyncEventArgs.ThrowException(SocketError error, CancellationToken cancellationToken)\n   at System.Net.Sockets.Socket.AwaitableSocketAsyncEventArgs.System.Threading.Tasks.Sources.IValueTaskSource.GetResult(Int16 token)\n   at Grpc.Net.Client.Balancer.Internal.SocketConnectivitySubchannelTransport.TryConnectAsync(ConnectContext context, Int32 attempt)\n   --- End of inner exception stack trace ---\n   at Grpc.Net.Client.Balancer.Internal.ConnectionManager.PickAsync(PickContext context, Boolean waitForReady, CancellationToken cancellationToken)\n   at Grpc.Net.Client.Balancer.Internal.BalancerHttpHandler.SendAsync(HttpRequestMessage request, CancellationToken cancellationToken)\n   at Grpc.Net.Client.Internal.GrpcCall\u00602.RunCall(HttpRequestMessage request, Nullable\u00601 timeout)\n   at Dapr.Client.DaprClientGrpc.GetConfiguration(String storeName, IReadOnlyList\u00601 keys, IReadOnlyDictionary\u00602 metadata, CancellationToken cancellationToken)\n   --- End of inner exception stack trace ---\n   at Dapr.Client.DaprClientGrpc.GetConfiguration(String storeName, IReadOnlyList\u00601 keys, IReadOnlyDictionary\u00602 metadata, CancellationToken cancellationToken)\n   at Hexalith.EventStore.Configuration.DaprRateLimitConfigSync.FetchConfigurationAsync(DaprClient daprClient, String[] keys, CancellationToken cancellationToken) in /home/administrator/projects/hexalith/eventstore/src/Hexalith.EventStore/Configuration/DaprRateLimitConfigSync.cs:line 70\n   at Hexalith.EventStore.Configuration.DaprRateLimitConfigSync.LoadTenantIdsAsync(DaprClient daprClient, CancellationToken cancellationToken) in /home/administrator/projects/hexalith/eventstore/src/Hexalith.EventStore/Configuration/DaprRateLimitConfigSync.cs:line 80\n   at Hexalith.EventStore.Configuration.DaprRateLimitConfigSync.SyncTenantOverridesAsync(DaprClient daprClient, CancellationToken cancellationToken) in /home/administrator/projects/hexalith/eventstore/src/Hexalith.EventStore/Configuration/DaprRateLimitConfigSync.cs:line 158","State":{"{OriginalFormat}":"DAPR config store unavailable for rate limit sync. Falling back to appsettings.json values."}}
{"EventId":0,"LogLevel":"Information","Category":"Microsoft.Hosting.Lifetime","Message":"Application started. Press Ctrl\u002BC to shut down.","State":{"{OriginalFormat}":"Application started. Press Ctrl\u002BC to shut down."}}
{"EventId":0,"LogLevel":"Information","Category":"Microsoft.Hosting.Lifetime","Message":"Hosting environment: Development","State":{"EnvName":"Development","{OriginalFormat}":"Hosting environment: {EnvName}"}}
{"EventId":0,"LogLevel":"Information","Category":"Microsoft.Hosting.Lifetime","Message":"Content root path: /home/administrator/projects/hexalith/eventstore/src/Hexalith.EventStore","State":{"ContentRoot":"/home/administrator/projects/hexalith/eventstore/src/Hexalith.EventStore","{OriginalFormat}":"Content root path: {ContentRoot}"}}
{"EventId":0,"LogLevel":"Information","Category":"Microsoft.Hosting.Lifetime","Message":"Application is shutting down...","State":{"{OriginalFormat}":"Application is shutting down..."}}
    Hexalith.EventStore.Server.Tests.Observability.DeadLetterOriginTracingTests.DeadLetterCorrelationId_ReplayEndpointWithinTtl_ReplaysCommand [FAIL]
      System.IO.FileNotFoundException : Could not load file or assembly 'Hexalith.Commons.UniqueIds, Version=3.117.1.0, Culture=neutral, PublicKeyToken=null'. The system cannot find the file specified.
      
      Stack Trace:
        src/Hexalith.EventStore.Server/Commands/ArchivedCommandExtensions.cs(35,0): at Hexalith.EventStore.Server.Commands.ArchivedCommandExtensions.ToSubmitCommand(ArchivedCommand archived, String correlationId, String expectedTenant)
        src/Hexalith.EventStore/Controllers/ReplayController.cs(224,0): at Hexalith.EventStore.Controllers.ReplayController.Replay(String correlationId, CancellationToken cancellationToken)
        tests/Hexalith.EventStore.Server.Tests/Observability/DeadLetterOriginTracingTests.cs(718,0): at Hexalith.EventStore.Server.Tests.Observability.DeadLetterOriginTracingTests.DeadLetterCorrelationId_ReplayEndpointWithinTtl_ReplaysCommand()
        --- End of stack trace from previous location ---
    Hexalith.EventStore.Server.Tests.Observability.DeadLetterOriginTracingTests.EventPersistenceFailure_CorrelationIdTracesBackThroughAllStages [FAIL]
      Hexalith.EventStore.Server.Actors.ActorStateRemediationException : Actor state remediation failed. PrimaryFailureStage=EventsStored; PrimaryExceptionType=FileNotFoundException; RemediationOperation=SaveRejection; RemediationExceptionType=IOException; DiscardExceptionType=None; FailedBatchDiscarded=True; DurableStateObservation=CleanupNotCommitted.
      Stack Trace:
        src/Hexalith.EventStore.Server/Actors/AggregateActor.cs(4941,0): at Hexalith.EventStore.Server.Actors.AggregateActor.HandleInfrastructureFailureAsync(CommandEnvelope command, String causationId, CommandStatus failureStage, Exception exception, ActorStateMachine stateMachine, String pipelineKeyPrefix, Activity processActivity, Int64 startTicks, Nullable`1 eventCount, CancellationToken cancellationToken, Boolean logicalReadFailure)
        src/Hexalith.EventStore.Server/Actors/AggregateActor.cs(1595,0): at Hexalith.EventStore.Server.Actors.AggregateActor.ProcessCommandCoreAsync(CommandEnvelope command, IdempotencyExecutionContext executionContext, CancellationToken cancellationToken, TrustedEffectAdmission effectAdmission)
        src/Hexalith.EventStore.Server/Actors/AggregateActor.cs(1804,0): at Hexalith.EventStore.Server.Actors.AggregateActor.ProcessCommandCoreAsync(CommandEnvelope command, IdempotencyExecutionContext executionContext, CancellationToken cancellationToken, TrustedEffectAdmission effectAdmission)
        tests/Hexalith.EventStore.Server.Tests/Observability/DeadLetterOriginTracingTests.cs(287,0): at Hexalith.EventStore.Server.Tests.Observability.DeadLetterOriginTracingTests.EventPersistenceFailure_CorrelationIdTracesBackThroughAllStages()
        --- End of stack trace from previous location ---
fail: Microsoft.Extensions.Diagnostics.HealthChecks.DefaultHealthCheckService[103]
      Health check ready-check with status Unhealthy completed after 0.4068ms with message 'Dependency unavailable.'
fail: Microsoft.Extensions.Diagnostics.HealthChecks.DefaultHealthCheckService[103]
      Health check ready-check with status Unhealthy completed after 0.1187ms with message 'Dependency unavailable.'
fail: Microsoft.Extensions.Diagnostics.HealthChecks.DefaultHealthCheckService[103]
      Health check ready-check with status Unhealthy completed after 0.0146ms with message 'Dependency unavailable.'
fail: Microsoft.Extensions.Diagnostics.HealthChecks.DefaultHealthCheckService[103]
      Health check ready-check with status Unhealthy completed after 0.0091ms with message 'Dependency unavailable.'
fail: Microsoft.Extensions.Diagnostics.HealthChecks.DefaultHealthCheckService[103]
      Health check ready-check with status Unhealthy completed after 0.0108ms with message 'Dependency unavailable.'
fail: Microsoft.Extensions.Diagnostics.HealthChecks.DefaultHealthCheckService[103]
      Health check ready-check with status Unhealthy completed after 0.004ms with message 'Dependency unavailable.'
fail: Microsoft.Extensions.Diagnostics.HealthChecks.DefaultHealthCheckService[103]
      Health check ready-check with status Unhealthy completed after 0.0053ms with message 'Dependency unavailable.'
fail: Microsoft.Extensions.Diagnostics.HealthChecks.DefaultHealthCheckService[103]
      Health check ready-check with status Unhealthy completed after 0.0027ms with message 'Dependency unavailable.'
    Hexalith.EventStore.Server.Tests.Events.DaprProductionLogicalEventReaderTests.ImplicitV1WriterStillRejectsVersionedTripletBeforeMutation [FAIL]
      Shouldly.ShouldAssertException : Task `persister.PersistEventsAsync( Identity, "r", command, DomainResult.Success([versioned]), "v1")`
          should throw
      System.InvalidOperationException
          but threw
      System.IO.FileNotFoundException
      Stack Trace:
        tests/Hexalith.EventStore.Server.Tests/Events/DaprProductionLogicalEventReaderTests.cs(827,0): at Hexalith.EventStore.Server.Tests.Events.DaprProductionLogicalEventReaderTests.ImplicitV1WriterStillRejectsVersionedTripletBeforeMutation()
           at System.Runtime.ExceptionServices.ExceptionDispatchInfo.Throw()
           at System.Runtime.CompilerServices.TaskAwaiter.ThrowForNonSuccess(Task task)
           at System.Runtime.CompilerServices.TaskAwaiter.HandleNonSuccessAndDebuggerNotification(Task task, ConfigureAwaitOptions options)
        --- End of stack trace from previous location ---
           at System.Runtime.ExceptionServices.ExceptionDispatchInfo.Throw()
           at System.Runtime.CompilerServices.TaskAwaiter.ThrowForNonSuccess(Task task)
           at System.Runtime.CompilerServices.TaskAwaiter.HandleNonSuccessAndDebuggerNotification(Task task, ConfigureAwaitOptions options)
    Hexalith.EventStore.Server.Tests.Logging.PayloadProtectionTests.EventPersister_NeverLogsPayloadData [FAIL]
      System.IO.FileNotFoundException : Could not load file or assembly 'Hexalith.Commons.UniqueIds, Version=3.117.1.0, Culture=neutral, PublicKeyToken=null'. The system cannot find the file specified.
      
      Stack Trace:
           at Hexalith.EventStore.Server.Events.EventPersister.PersistEventsAsync(AggregateIdentity identity, String aggregateType, CommandEnvelope command, DomainResult domainResult, String domainServiceVersion, CancellationToken cancellationToken)
           at Hexalith.EventStore.Server.Events.EventPersister.PersistEventsAsync(AggregateIdentity identity, String aggregateType, CommandEnvelope command, DomainResult domainResult, String domainServiceVersion, CancellationToken cancellationToken)
        tests/Hexalith.EventStore.Server.Tests/Logging/PayloadProtectionTests.cs(106,0): at Hexalith.EventStore.Server.Tests.Logging.PayloadProtectionTests.EventPersister_NeverLogsPayloadData()
        --- End of stack trace from previous location ---
{"EventId":0,"LogLevel":"Warning","Category":"Hexalith.EventStore.Configuration.DaprRateLimitConfigSync","Message":"DAPR config store unavailable for rate limit sync. Falling back to appsettings.json values.","Exception":"Dapr.DaprException: GetConfiguration operation failed: the Dapr endpoint indicated a failure. See InnerException for details.\n ---\u003E Grpc.Core.RpcException: Status(StatusCode=\u0022Unavailable\u0022, Detail=\u0022Error connecting to subchannel.\u0022, DebugException=\u0022System.Net.Sockets.SocketException: Connection refused\u0022)\n ---\u003E System.Net.Sockets.SocketException (111): Connection refused\n   at System.Net.Sockets.Socket.AwaitableSocketAsyncEventArgs.ThrowException(SocketError error, CancellationToken cancellationToken)\n   at System.Net.Sockets.Socket.AwaitableSocketAsyncEventArgs.System.Threading.Tasks.Sources.IValueTaskSource.GetResult(Int16 token)\n   at Grpc.Net.Client.Balancer.Internal.SocketConnectivitySubchannelTransport.TryConnectAsync(ConnectContext context, Int32 attempt)\n   --- End of inner exception stack trace ---\n   at Grpc.Net.Client.Balancer.Internal.ConnectionManager.PickAsync(PickContext context, Boolean waitForReady, CancellationToken cancellationToken)\n   at Grpc.Net.Client.Balancer.Internal.BalancerHttpHandler.SendAsync(HttpRequestMessage request, CancellationToken cancellationToken)\n   at Grpc.Net.Client.Internal.GrpcCall\u00602.RunCall(HttpRequestMessage request, Nullable\u00601 timeout)\n   at Dapr.Client.DaprClientGrpc.GetConfiguration(String storeName, IReadOnlyList\u00601 keys, IReadOnlyDictionary\u00602 metadata, CancellationToken cancellationToken)\n   --- End of inner exception stack trace ---\n   at Dapr.Client.DaprClientGrpc.GetConfiguration(String storeName, IReadOnlyList\u00601 keys, IReadOnlyDictionary\u00602 metadata, CancellationToken cancellationToken)\n   at Hexalith.EventStore.Configuration.DaprRateLimitConfigSync.FetchConfigurationAsync(DaprClient daprClient, String[] keys, CancellationToken cancellationToken) in /home/administrator/projects/hexalith/eventstore/src/Hexalith.EventStore/Configuration/DaprRateLimitConfigSync.cs:line 70\n   at Hexalith.EventStore.Configuration.DaprRateLimitConfigSync.LoadTenantIdsAsync(DaprClient daprClient, CancellationToken cancellationToken) in /home/administrator/projects/hexalith/eventstore/src/Hexalith.EventStore/Configuration/DaprRateLimitConfigSync.cs:line 80\n   at Hexalith.EventStore.Configuration.DaprRateLimitConfigSync.SyncTenantOverridesAsync(DaprClient daprClient, CancellationToken cancellationToken) in /home/administrator/projects/hexalith/eventstore/src/Hexalith.EventStore/Configuration/DaprRateLimitConfigSync.cs:line 158","State":{"{OriginalFormat}":"DAPR config store unavailable for rate limit sync. Falling back to appsettings.json values."}}
{"EventId":1121,"LogLevel":"Information","Category":"Hexalith.EventStore.Server.Projections.ProjectionDiscoveryHostedService","Message":"Projection discovery: domain \u0027counter\u0027 -\u003E immediate mode (fire-and-forget after persistence)","State":{"Message":"Domain=counter,{OriginalFormat}=Projection discovery: domain \u0027{Domain}\u0027 -\u003E immediate mode (fire-and-forget after persistence)","Domain":"counter","{OriginalFormat}":"Projection discovery: domain \u0027{Domain}\u0027 -\u003E immediate mode (fire-and-forget after persistence)"}}
{"EventId":1121,"LogLevel":"Information","Category":"Hexalith.EventStore.Server.Projections.ProjectionDiscoveryHostedService","Message":"Projection discovery: domain \u0027global-administrators\u0027 -\u003E immediate mode (fire-and-forget after persistence)","State":{"Message":"Domain=global-administrators,{OriginalFormat}=Projection discovery: domain \u0027{Domain}\u0027 -\u003E immediate mode (fire-and-forget after persistence)","Domain":"global-administrators","{OriginalFormat}":"Projection discovery: domain \u0027{Domain}\u0027 -\u003E immediate mode (fire-and-forget after persistence)"}}
{"EventId":1121,"LogLevel":"Information","Category":"Hexalith.EventStore.Server.Projections.ProjectionDiscoveryHostedService","Message":"Projection discovery: domain \u0027greeting\u0027 -\u003E immediate mode (fire-and-forget after persistence)","State":{"Message":"Domain=greeting,{OriginalFormat}=Projection discovery: domain \u0027{Domain}\u0027 -\u003E immediate mode (fire-and-forget after persistence)","Domain":"greeting","{OriginalFormat}":"Projection discovery: domain \u0027{Domain}\u0027 -\u003E immediate mode (fire-and-forget after persistence)"}}
{"EventId":1121,"LogLevel":"Information","Category":"Hexalith.EventStore.Server.Projections.ProjectionDiscoveryHostedService","Message":"Projection discovery: domain \u0027tenants\u0027 -\u003E immediate mode (fire-and-forget after persistence)","State":{"Message":"Domain=tenants,{OriginalFormat}=Projection discovery: domain \u0027{Domain}\u0027 -\u003E immediate mode (fire-and-forget after persistence)","Domain":"tenants","{OriginalFormat}":"Projection discovery: domain \u0027{Domain}\u0027 -\u003E immediate mode (fire-and-forget after persistence)"}}
{"EventId":1124,"LogLevel":"Information","Category":"Hexalith.EventStore.Server.Projections.ProjectionDiscoveryHostedService","Message":"Projection discovery complete: 4 domains discovered. Default refresh interval: 0ms (0=immediate).","State":{"Message":"DefaultRefreshIntervalMs=0,DomainCount=4,{OriginalFormat}=Projection discovery complete: {DomainCount} domains discovered. Default refresh interval: {DefaultRefreshIntervalMs}ms (0=immediate).","DefaultRefreshIntervalMs":0,"DomainCount":4,"{OriginalFormat}":"Projection discovery complete: {DomainCount} domains discovered. Default refresh interval: {DefaultRefreshIntervalMs}ms (0=immediate)."}}
{"EventId":1200,"LogLevel":"Information","Category":"Hexalith.EventStore.Server.Projections.ActiveRebuildIndexCleanupService","Message":"Active-rebuild-index cleanup service started: CadenceSeconds=60, Stage=ActiveRebuildIndexCleanupServiceStarted","State":{"Message":"CadenceSeconds=60,{OriginalFormat}=Active-rebuild-index cleanup service started: CadenceSeconds={CadenceSeconds}, Stage=ActiveRebuildIndexCleanupServiceStarted","CadenceSeconds":60,"{OriginalFormat}":"Active-rebuild-index cleanup service started: CadenceSeconds={CadenceSeconds}, Stage=ActiveRebuildIndexCleanupServiceStarted"}}
{"EventId":0,"LogLevel":"Information","Category":"Microsoft.Hosting.Lifetime","Message":"Application started. Press Ctrl\u002BC to shut down.","State":{"{OriginalFormat}":"Application started. Press Ctrl\u002BC to shut down."}}
{"EventId":0,"LogLevel":"Information","Category":"Microsoft.Hosting.Lifetime","Message":"Hosting environment: Development","State":{"EnvName":"Development","{OriginalFormat}":"Hosting environment: {EnvName}"}}
{"EventId":0,"LogLevel":"Information","Category":"Microsoft.Hosting.Lifetime","Message":"Content root path: /home/administrator/projects/hexalith/eventstore/src/Hexalith.EventStore","State":{"ContentRoot":"/home/administrator/projects/hexalith/eventstore/src/Hexalith.EventStore","{OriginalFormat}":"Content root path: {ContentRoot}"}}
{"EventId":9,"LogLevel":"Warning","Category":"Microsoft.AspNetCore.Routing.EndpointRoutingMiddleware","Message":"A request body size limit could not be applied. This server does not support the IHttpMaxRequestBodySizeFeature.","State":{"{OriginalFormat}":"A request body size limit could not be applied. This server does not support the IHttpMaxRequestBodySizeFeature."}}
{"EventId":5501,"LogLevel":"Warning","Category":"Hexalith.EventStore.ServiceDefaults.Authentication.WorkloadJwtBearerEvents","Message":"Internal credential denied: SecurityEvent=InternalAuthenticationDenied, Scheme=DaprInternal, Reason=assertion-missing, StatusCode=401, Path=/api/v1/trusted-effects, CorrelationId=story-5-5-correlation","State":{"Message":"CorrelationId=story-5-5-correlation,Path=/api/v1/trusted-effects,StatusCode=401,Reason=assertion-missing,Scheme=DaprInternal,{OriginalFormat}=Internal credential denied: SecurityEvent=InternalAuthenticationDenied, Scheme={Scheme}, Reason={Reason}, StatusCode={StatusCode}, Path={Path}, CorrelationId={CorrelationId}","CorrelationId":"story-5-5-correlation","Path":"/api/v1/trusted-effects","StatusCode":401,"Reason":"assertion-missing","Scheme":"DaprInternal","{OriginalFormat}":"Internal credential denied: SecurityEvent=InternalAuthenticationDenied, Scheme={Scheme}, Reason={Reason}, StatusCode={StatusCode}, Path={Path}, CorrelationId={CorrelationId}"}}
{"EventId":9,"LogLevel":"Warning","Category":"Microsoft.AspNetCore.Routing.EndpointRoutingMiddleware","Message":"A request body size limit could not be applied. This server does not support the IHttpMaxRequestBodySizeFeature.","State":{"{OriginalFormat}":"A request body size limit could not be applied. This server does not support the IHttpMaxRequestBodySizeFeature."}}
{"EventId":1,"LogLevel":"Warning","Category":"Microsoft.AspNetCore.Mvc.Filters.RequestSizeLimitFilter","Message":"A request body size limit could not be applied. This server does not support the IHttpRequestBodySizeFeature.","State":{"{OriginalFormat}":"A request body size limit could not be applied. This server does not support the IHttpRequestBodySizeFeature."}}
{"EventId":1000,"LogLevel":"Information","Category":"Hexalith.EventStore.Pipeline.LoggingBehavior","Message":"MediatR pipeline entry: CorrelationId=01M4DT8JZE7KMEMA2FF13FK343, CausationId=01M4DT8JZE7KMEMA2FF13FK343, CommandType=BootstrapGlobalAdmin, Tenant=system, Domain=global-administrators, AggregateId=global-administrators, SourceIp=(null), Endpoint=/api/v1/commands, UserId=bootstrap-administrator, ReceivedAtUtc=10/08/2026 13:11:54 \u002B00:00, Stage=PipelineEntry","State":{"Message":"ReceivedAtUtc=10/08/2026 13:11:54 \u002B00:00,UserId=bootstrap-administrator,Endpoint=/api/v1/commands,SourceIp=,AggregateId=global-administrators,Domain=global-administrators,Tenant=system,CommandType=BootstrapGlobalAdmin,CausationId=01M4DT8JZE7KMEMA2FF13FK343,CorrelationId=01M4DT8JZE7KMEMA2FF13FK343,{OriginalFormat}=MediatR pipeline entry: CorrelationId={CorrelationId}, CausationId={CausationId}, CommandType={CommandType}, Tenant={Tenant}, Domain={Domain}, AggregateId={AggregateId}, SourceIp={SourceIp}, Endpoint={Endpoint}, UserId={UserId}, ReceivedAtUtc={ReceivedAtUtc}, Stage=PipelineEntry","ReceivedAtUtc":"10/08/2026 13:11:54 \u002B00:00","UserId":"bootstrap-administrator","Endpoint":"/api/v1/commands","SourceIp":null,"AggregateId":"global-administrators","Domain":"global-administrators","Tenant":"system","CommandType":"BootstrapGlobalAdmin","CausationId":"01M4DT8JZE7KMEMA2FF13FK343","CorrelationId":"01M4DT8JZE7KMEMA2FF13FK343","{OriginalFormat}":"MediatR pipeline entry: CorrelationId={CorrelationId}, CausationId={CausationId}, CommandType={CommandType}, Tenant={Tenant}, Domain={Domain}, AggregateId={AggregateId}, SourceIp={SourceIp}, Endpoint={Endpoint}, UserId={UserId}, ReceivedAtUtc={ReceivedAtUtc}, Stage=PipelineEntry"}}
{"EventId":1100,"LogLevel":"Information","Category":"Hexalith.EventStore.Server.Pipeline.SubmitCommandHandler","Message":"Command received: CorrelationId=01JBOOTSTRAPCORRELATION000, CausationId=01JBOOTSTRAP00000000000000, CommandType=BootstrapGlobalAdmin, TenantId=system, Domain=global-administrators, AggregateId=global-administrators, Stage=CommandReceived","State":{"Message":"AggregateId=global-administrators,Domain=global-administrators,TenantId=system,CommandType=BootstrapGlobalAdmin,CausationId=01JBOOTSTRAP00000000000000,CorrelationId=01JBOOTSTRAPCORRELATION000,{OriginalFormat}=Command received: CorrelationId={CorrelationId}, CausationId={CausationId}, CommandType={CommandType}, TenantId={TenantId}, Domain={Domain}, AggregateId={AggregateId}, Stage=CommandReceived","AggregateId":"global-administrators","Domain":"global-administrators","TenantId":"system","CommandType":"BootstrapGlobalAdmin","CausationId":"01JBOOTSTRAP00000000000000","CorrelationId":"01JBOOTSTRAPCORRELATION000","{OriginalFormat}":"Command received: CorrelationId={CorrelationId}, CausationId={CausationId}, CommandType={CommandType}, TenantId={TenantId}, Domain={Domain}, AggregateId={AggregateId}, Stage=CommandReceived"}}
{"EventId":0,"LogLevel":"Warning","Category":"Hexalith.EventStore.Server.Commands.DaprCommandStatusStore","Message":"Failed to read command status for 01JBOOTSTRAP00000000000000. Returning null.","Exception":"Dapr.DaprException: State operation failed: the Dapr endpoint indicated a failure. See InnerException for details.\n ---\u003E Grpc.Core.RpcException: Status(StatusCode=\u0022Unavailable\u0022, Detail=\u0022Error connecting to subchannel.\u0022, DebugException=\u0022System.Net.Sockets.SocketException: Connection refused\u0022)\n ---\u003E System.Net.Sockets.SocketException (111): Connection refused\n   at System.Net.Sockets.Socket.AwaitableSocketAsyncEventArgs.ThrowException(SocketError error, CancellationToken cancellationToken)\n   at System.Net.Sockets.Socket.AwaitableSocketAsyncEventArgs.System.Threading.Tasks.Sources.IValueTaskSource.GetResult(Int16 token)\n   at Grpc.Net.Client.Balancer.Internal.SocketConnectivitySubchannelTransport.TryConnectAsync(ConnectContext context, Int32 attempt)\n   --- End of inner exception stack trace ---\n   at Grpc.Net.Client.Balancer.Internal.ConnectionManager.PickAsync(PickContext context, Boolean waitForReady, CancellationToken cancellationToken)\n   at Grpc.Net.Client.Balancer.Internal.BalancerHttpHandler.SendAsync(HttpRequestMessage request, CancellationToken cancellationToken)\n   at Grpc.Net.Client.Internal.GrpcCall\u00602.RunCall(HttpRequestMessage request, Nullable\u00601 timeout)\n   at Dapr.Client.DaprClientGrpc.GetStateAsync[TValue](String storeName, String key, Nullable\u00601 consistencyMode, IReadOnlyDictionary\u00602 metadata, CancellationToken cancellationToken)\n   --- End of inner exception stack trace ---\n   at Dapr.Client.DaprClientGrpc.GetStateAsync[TValue](String storeName, String key, Nullable\u00601 consistencyMode, IReadOnlyDictionary\u00602 metadata, CancellationToken cancellationToken)\n   at Hexalith.EventStore.Server.Commands.DaprCommandStatusStore.ReadStatusAsync(String tenantId, String messageId, CancellationToken cancellationToken) in /home/administrator/projects/hexalith/eventstore/src/Hexalith.EventStore.Server/Commands/DaprCommandStatusStore.cs:line 66","State":{"MessageId":"01JBOOTSTRAP00000000000000","{OriginalFormat}":"Failed to read command status for {MessageId}. Returning null."}}
{"EventId":1101,"LogLevel":"Warning","Category":"Hexalith.EventStore.Server.Pipeline.SubmitCommandHandler","Message":"Failed to write command status: CorrelationId=01JBOOTSTRAPCORRELATION000, TenantId=system. Status tracking may be incomplete. Command processing continues. Stage=StatusWriteFailed","Exception":"Dapr.DaprException: State operation failed: the Dapr endpoint indicated a failure. See InnerException for details.\n ---\u003E Grpc.Core.RpcException: Status(StatusCode=\u0022Unavailable\u0022, Detail=\u0022Error connecting to subchannel.\u0022, DebugException=\u0022System.Net.Sockets.SocketException: Connection refused\u0022)\n ---\u003E System.Net.Sockets.SocketException (111): Connection refused\n   at System.Net.Sockets.Socket.AwaitableSocketAsyncEventArgs.ThrowException(SocketError error, CancellationToken cancellationToken)\n   at System.Net.Sockets.Socket.AwaitableSocketAsyncEventArgs.System.Threading.Tasks.Sources.IValueTaskSource.GetResult(Int16 token)\n   at Grpc.Net.Client.Balancer.Internal.SocketConnectivitySubchannelTransport.TryConnectAsync(ConnectContext context, Int32 attempt)\n   --- End of inner exception stack trace ---\n   at Grpc.Net.Client.Balancer.Internal.ConnectionManager.PickAsync(PickContext context, Boolean waitForReady, CancellationToken cancellationToken)\n   at Grpc.Net.Client.Balancer.Internal.BalancerHttpHandler.SendAsync(HttpRequestMessage request, CancellationToken cancellationToken)\n   at Grpc.Net.Client.Internal.GrpcCall\u00602.RunCall(HttpRequestMessage request, Nullable\u00601 timeout)\n   at Dapr.Client.DaprClientGrpc.MakeSaveStateCallAsync[TValue](String storeName, String key, TValue value, String etag, StateOptions stateOptions, IReadOnlyDictionary\u00602 metadata, CancellationToken cancellationToken)\n   --- End of inner exception stack trace ---\n   at Dapr.Client.DaprClientGrpc.MakeSaveStateCallAsync[TValue](String storeName, String key, TValue value, String etag, StateOptions stateOptions, IReadOnlyDictionary\u00602 metadata, CancellationToken cancellationToken)\n   at Dapr.Client.DaprClientGrpc.SaveStateAsync[TValue](String storeName, String key, TValue value, StateOptions stateOptions, IReadOnlyDictionary\u00602 metadata, CancellationToken cancellationToken)\n   at Hexalith.EventStore.Server.Commands.DaprCommandStatusStore.WriteStatusAsync(String tenantId, String messageId, CommandStatusRecord status, CancellationToken cancellationToken) in /home/administrator/projects/hexalith/eventstore/src/Hexalith.EventStore.Server/Commands/DaprCommandStatusStore.cs:line 40\n   at Hexalith.EventStore.Server.Pipeline.SubmitCommandHandler.Handle(SubmitCommand request, CancellationToken cancellationToken) in /home/administrator/projects/hexalith/eventstore/src/Hexalith.EventStore.Server/Pipeline/SubmitCommandHandler.cs:line 395","State":{"Message":"TenantId=system,CorrelationId=01JBOOTSTRAPCORRELATION000,{OriginalFormat}=Failed to write command status: CorrelationId={CorrelationId}, TenantId={TenantId}. Status tracking may be incomplete. Command processing continues. Stage=StatusWriteFailed","TenantId":"system","CorrelationId":"01JBOOTSTRAPCORRELATION000","{OriginalFormat}":"Failed to write command status: CorrelationId={CorrelationId}, TenantId={TenantId}. Status tracking may be incomplete. Command processing continues. Stage=StatusWriteFailed"}}
{"EventId":0,"LogLevel":"Warning","Category":"Hexalith.EventStore.Server.Commands.DaprCommandArchiveStore","Message":"Failed to read archived command for 01JBOOTSTRAP00000000000000, TenantId=system. Returning null.","Exception":"Dapr.DaprException: State operation failed: the Dapr endpoint indicated a failure. See InnerException for details.\n ---\u003E Grpc.Core.RpcException: Status(StatusCode=\u0022Unavailable\u0022, Detail=\u0022Error connecting to subchannel.\u0022, DebugException=\u0022System.Net.Sockets.SocketException: Connection refused\u0022)\n ---\u003E System.Net.Sockets.SocketException (111): Connection refused\n   at System.Net.Sockets.Socket.AwaitableSocketAsyncEventArgs.ThrowException(SocketError error, CancellationToken cancellationToken)\n   at System.Net.Sockets.Socket.AwaitableSocketAsyncEventArgs.System.Threading.Tasks.Sources.IValueTaskSource.GetResult(Int16 token)\n   at Grpc.Net.Client.Balancer.Internal.SocketConnectivitySubchannelTransport.TryConnectAsync(ConnectContext context, Int32 attempt)\n   --- End of inner exception stack trace ---\n   at Grpc.Net.Client.Balancer.Internal.ConnectionManager.PickAsync(PickContext context, Boolean waitForReady, CancellationToken cancellationToken)\n   at Grpc.Net.Client.Balancer.Internal.BalancerHttpHandler.SendAsync(HttpRequestMessage request, CancellationToken cancellationToken)\n   at Grpc.Net.Client.Internal.GrpcCall\u00602.RunCall(HttpRequestMessage request, Nullable\u00601 timeout)\n   at Dapr.Client.DaprClientGrpc.GetStateAsync[TValue](String storeName, String key, Nullable\u00601 consistencyMode, IReadOnlyDictionary\u00602 metadata, CancellationToken cancellationToken)\n   --- End of inner exception stack trace ---\n   at Dapr.Client.DaprClientGrpc.GetStateAsync[TValue](String storeName, String key, Nullable\u00601 consistencyMode, IReadOnlyDictionary\u00602 metadata, CancellationToken cancellationToken)\n   at Hexalith.EventStore.Server.Commands.DaprCommandArchiveStore.ReadCommandAsync(String tenantId, String messageId, CancellationToken cancellationToken) in /home/administrator/projects/hexalith/eventstore/src/Hexalith.EventStore.Server/Commands/DaprCommandArchiveStore.cs:line 65","State":{"MessageId":"01JBOOTSTRAP00000000000000","TenantId":"system","{OriginalFormat}":"Failed to read archived command for {MessageId}, TenantId={TenantId}. Returning null."}}
{"EventId":1102,"LogLevel":"Warning","Category":"Hexalith.EventStore.Server.Pipeline.SubmitCommandHandler","Message":"Failed to archive command: CorrelationId=01JBOOTSTRAPCORRELATION000, TenantId=system. Replay may be unavailable. Command processing continues. Stage=ArchiveWriteFailed","Exception":"Dapr.DaprException: State operation failed: the Dapr endpoint indicated a failure. See InnerException for details.\n ---\u003E Grpc.Core.RpcException: Status(StatusCode=\u0022Unavailable\u0022, Detail=\u0022Error connecting to subchannel.\u0022, DebugException=\u0022System.Net.Sockets.SocketException: Connection refused\u0022)\n ---\u003E System.Net.Sockets.SocketException (111): Connection refused\n   at System.Net.Sockets.Socket.AwaitableSocketAsyncEventArgs.ThrowException(SocketError error, CancellationToken cancellationToken)\n   at System.Net.Sockets.Socket.AwaitableSocketAsyncEventArgs.System.Threading.Tasks.Sources.IValueTaskSource.GetResult(Int16 token)\n   at Grpc.Net.Client.Balancer.Internal.SocketConnectivitySubchannelTransport.TryConnectAsync(ConnectContext context, Int32 attempt)\n   --- End of inner exception stack trace ---\n   at Grpc.Net.Client.Balancer.Internal.ConnectionManager.PickAsync(PickContext context, Boolean waitForReady, CancellationToken cancellationToken)\n   at Grpc.Net.Client.Balancer.Internal.BalancerHttpHandler.SendAsync(HttpRequestMessage request, CancellationToken cancellationToken)\n   at Grpc.Net.Client.Internal.GrpcCall\u00602.RunCall(HttpRequestMessage request, Nullable\u00601 timeout)\n   at Dapr.Client.DaprClientGrpc.MakeSaveStateCallAsync[TValue](String storeName, String key, TValue value, String etag, StateOptions stateOptions, IReadOnlyDictionary\u00602 metadata, CancellationToken cancellationToken)\n   --- End of inner exception stack trace ---\n   at Dapr.Client.DaprClientGrpc.MakeSaveStateCallAsync[TValue](String storeName, String key, TValue value, String etag, StateOptions stateOptions, IReadOnlyDictionary\u00602 metadata, CancellationToken cancellationToken)\n   at Dapr.Client.DaprClientGrpc.SaveStateAsync[TValue](String storeName, String key, TValue value, StateOptions stateOptions, IReadOnlyDictionary\u00602 metadata, CancellationToken cancellationToken)\n   at Hexalith.EventStore.Server.Commands.DaprCommandArchiveStore.WriteCommandAsync(String tenantId, String messageId, ArchivedCommand command, CancellationToken cancellationToken) in /home/administrator/projects/hexalith/eventstore/src/Hexalith.EventStore.Server/Commands/DaprCommandArchiveStore.cs:line 40\n   at Hexalith.EventStore.Server.Pipeline.SubmitCommandHandler.Handle(SubmitCommand request, CancellationToken cancellationToken) in /home/administrator/projects/hexalith/eventstore/src/Hexalith.EventStore.Server/Pipeline/SubmitCommandHandler.cs:line 429","State":{"Message":"TenantId=system,CorrelationId=01JBOOTSTRAPCORRELATION000,{OriginalFormat}=Failed to archive command: CorrelationId={CorrelationId}, TenantId={TenantId}. Replay may be unavailable. Command processing continues. Stage=ArchiveWriteFailed","TenantId":"system","CorrelationId":"01JBOOTSTRAPCORRELATION000","{OriginalFormat}":"Failed to archive command: CorrelationId={CorrelationId}, TenantId={TenantId}. Replay may be unavailable. Command processing continues. Stage=ArchiveWriteFailed"}}
{"EventId":0,"LogLevel":"Error","Category":"Hexalith.EventStore.Commands.DaprCommandActivityTracker","Message":"Failed to track command activity: CorrelationId=01JBOOTSTRAPCORRELATION000, ExceptionType=DaprException","Exception":"Dapr.DaprException: State operation failed: the Dapr endpoint indicated a failure. See InnerException for details.\n ---\u003E Grpc.Core.RpcException: Status(StatusCode=\u0022Unavailable\u0022, Detail=\u0022Error connecting to subchannel.\u0022, DebugException=\u0022System.Net.Sockets.SocketException: Connection refused\u0022)\n ---\u003E System.Net.Sockets.SocketException (111): Connection refused\n   at System.Net.Sockets.Socket.AwaitableSocketAsyncEventArgs.ThrowException(SocketError error, CancellationToken cancellationToken)\n   at System.Net.Sockets.Socket.AwaitableSocketAsyncEventArgs.System.Threading.Tasks.Sources.IValueTaskSource.GetResult(Int16 token)\n   at Grpc.Net.Client.Balancer.Internal.SocketConnectivitySubchannelTransport.TryConnectAsync(ConnectContext context, Int32 attempt)\n   --- End of inner exception stack trace ---\n   at Grpc.Net.Client.Balancer.Internal.ConnectionManager.PickAsync(PickContext context, Boolean waitForReady, CancellationToken cancellationToken)\n   at Grpc.Net.Client.Balancer.Internal.BalancerHttpHandler.SendAsync(HttpRequestMessage request, CancellationToken cancellationToken)\n   at Grpc.Net.Client.Internal.GrpcCall\u00602.RunCall(HttpRequestMessage request, Nullable\u00601 timeout)\n   at Dapr.Client.DaprClientGrpc.GetStateAndETagAsync[TValue](String storeName, String key, Nullable\u00601 consistencyMode, IReadOnlyDictionary\u00602 metadata, CancellationToken cancellationToken)\n   --- End of inner exception stack trace ---\n   at Dapr.Client.DaprClientGrpc.GetStateAndETagAsync[TValue](String storeName, String key, Nullable\u00601 consistencyMode, IReadOnlyDictionary\u00602 metadata, CancellationToken cancellationToken)\n   at Hexalith.EventStore.Commands.DaprCommandActivityTracker.TryUpsertActivityIndexAsync(CommandSummary summary, CancellationToken ct) in /home/administrator/projects/hexalith/eventstore/src/Hexalith.EventStore/Commands/DaprCommandActivityTracker.cs:line 162\n   at Hexalith.EventStore.Commands.DaprCommandActivityTracker.TrackAsync(String tenantId, String domain, String aggregateId, String correlationId, String commandType, CommandStatus status, DateTimeOffset timestamp, Nullable\u00601 eventCount, String failureReason, CancellationToken ct) in /home/administrator/projects/hexalith/eventstore/src/Hexalith.EventStore/Commands/DaprCommandActivityTracker.cs:line 48","State":{"CorrelationId":"01JBOOTSTRAPCORRELATION000","ExceptionType":"DaprException","{OriginalFormat}":"Failed to track command activity: CorrelationId={CorrelationId}, ExceptionType={ExceptionType}"}}
{"EventId":1001,"LogLevel":"Information","Category":"Hexalith.EventStore.Pipeline.LoggingBehavior","Message":"MediatR pipeline exit: CorrelationId=01M4DT8JZE7KMEMA2FF13FK343, CausationId=01M4DT8JZE7KMEMA2FF13FK343, CommandType=BootstrapGlobalAdmin, Tenant=system, Domain=global-administrators, AggregateId=global-administrators, DurationMs=35.839, Stage=PipelineExit","State":{"Message":"DurationMs=35.839,AggregateId=global-administrators,Domain=global-administrators,Tenant=system,CommandType=BootstrapGlobalAdmin,CausationId=01M4DT8JZE7KMEMA2FF13FK343,CorrelationId=01M4DT8JZE7KMEMA2FF13FK343,{OriginalFormat}=MediatR pipeline exit: CorrelationId={CorrelationId}, CausationId={CausationId}, CommandType={CommandType}, Tenant={Tenant}, Domain={Domain}, AggregateId={AggregateId}, DurationMs={DurationMs}, Stage=PipelineExit","DurationMs":35.839,"AggregateId":"global-administrators","Domain":"global-administrators","Tenant":"system","CommandType":"BootstrapGlobalAdmin","CausationId":"01M4DT8JZE7KMEMA2FF13FK343","CorrelationId":"01M4DT8JZE7KMEMA2FF13FK343","{OriginalFormat}":"MediatR pipeline exit: CorrelationId={CorrelationId}, CausationId={CausationId}, CommandType={CommandType}, Tenant={Tenant}, Domain={Domain}, AggregateId={AggregateId}, DurationMs={DurationMs}, Stage=PipelineExit"}}
{"EventId":5301,"LogLevel":"Warning","Category":"Hexalith.EventStore.Authentication.ValidateEventStoreAuthenticationOptions","Message":"A non-Production symmetric JWT exception is active. Environment=Staging, ConfigurationSection=Authentication:JwtBearer, Algorithm=HS256. Secret values are intentionally omitted.","State":{"Message":"ConfigurationSection=Authentication:JwtBearer,EnvironmentName=Staging,{OriginalFormat}=A non-Production symmetric JWT exception is active. Environment={EnvironmentName}, ConfigurationSection={ConfigurationSection}, Algorithm=HS256. Secret values are intentionally omitted.","ConfigurationSection":"Authentication:JwtBearer","EnvironmentName":"Staging","{OriginalFormat}":"A non-Production symmetric JWT exception is active. Environment={EnvironmentName}, ConfigurationSection={ConfigurationSection}, Algorithm=HS256. Secret values are intentionally omitted."}}
{"EventId":1121,"LogLevel":"Information","Category":"Hexalith.EventStore.Server.Projections.ProjectionDiscoveryHostedService","Message":"Projection discovery: domain \u0027global-administrators\u0027 -\u003E immediate mode (fire-and-forget after persistence)","State":{"Message":"Domain=global-administrators,{OriginalFormat}=Projection discovery: domain \u0027{Domain}\u0027 -\u003E immediate mode (fire-and-forget after persistence)","Domain":"global-administrators","{OriginalFormat}":"Projection discovery: domain \u0027{Domain}\u0027 -\u003E immediate mode (fire-and-forget after persistence)"}}
{"EventId":1121,"LogLevel":"Information","Category":"Hexalith.EventStore.Server.Projections.ProjectionDiscoveryHostedService","Message":"Projection discovery: domain \u0027tenants\u0027 -\u003E immediate mode (fire-and-forget after persistence)","State":{"Message":"Domain=tenants,{OriginalFormat}=Projection discovery: domain \u0027{Domain}\u0027 -\u003E immediate mode (fire-and-forget after persistence)","Domain":"tenants","{OriginalFormat}":"Projection discovery: domain \u0027{Domain}\u0027 -\u003E immediate mode (fire-and-forget after persistence)"}}
{"EventId":1124,"LogLevel":"Information","Category":"Hexalith.EventStore.Server.Projections.ProjectionDiscoveryHostedService","Message":"Projection discovery complete: 2 domains discovered. Default refresh interval: 0ms (0=immediate).","State":{"Message":"DefaultRefreshIntervalMs=0,DomainCount=2,{OriginalFormat}=Projection discovery complete: {DomainCount} domains discovered. Default refresh interval: {DefaultRefreshIntervalMs}ms (0=immediate).","DefaultRefreshIntervalMs":0,"DomainCount":2,"{OriginalFormat}":"Projection discovery complete: {DomainCount} domains discovered. Default refresh interval: {DefaultRefreshIntervalMs}ms (0=immediate)."}}
{"EventId":1200,"LogLevel":"Information","Category":"Hexalith.EventStore.Server.Projections.ActiveRebuildIndexCleanupService","Message":"Active-rebuild-index cleanup service started: CadenceSeconds=60, Stage=ActiveRebuildIndexCleanupServiceStarted","State":{"Message":"CadenceSeconds=60,{OriginalFormat}=Active-rebuild-index cleanup service started: CadenceSeconds={CadenceSeconds}, Stage=ActiveRebuildIndexCleanupServiceStarted","CadenceSeconds":60,"{OriginalFormat}":"Active-rebuild-index cleanup service started: CadenceSeconds={CadenceSeconds}, Stage=ActiveRebuildIndexCleanupServiceStarted"}}
{"EventId":0,"LogLevel":"Warning","Category":"Hexalith.EventStore.Configuration.DaprRateLimitConfigSync","Message":"DAPR config store unavailable for rate limit sync. Falling back to appsettings.json values.","Exception":"Dapr.DaprException: GetConfiguration operation failed: the Dapr endpoint indicated a failure. See InnerException for details.\n ---\u003E Grpc.Core.RpcException: Status(StatusCode=\u0022Unavailable\u0022, Detail=\u0022Error connecting to subchannel.\u0022, DebugException=\u0022System.Net.Sockets.SocketException: Connection refused\u0022)\n ---\u003E System.Net.Sockets.SocketException (111): Connection refused\n   at System.Net.Sockets.Socket.AwaitableSocketAsyncEventArgs.ThrowException(SocketError error, CancellationToken cancellationToken)\n   at System.Net.Sockets.Socket.AwaitableSocketAsyncEventArgs.System.Threading.Tasks.Sources.IValueTaskSource.GetResult(Int16 token)\n   at Grpc.Net.Client.Balancer.Internal.SocketConnectivitySubchannelTransport.TryConnectAsync(ConnectContext context, Int32 attempt)\n   --- End of inner exception stack trace ---\n   at Grpc.Net.Client.Balancer.Internal.ConnectionManager.PickAsync(PickContext context, Boolean waitForReady, CancellationToken cancellationToken)\n   at Grpc.Net.Client.Balancer.Internal.BalancerHttpHandler.SendAsync(HttpRequestMessage request, CancellationToken cancellationToken)\n   at Grpc.Net.Client.Internal.GrpcCall\u00602.RunCall(HttpRequestMessage request, Nullable\u00601 timeout)\n   at Dapr.Client.DaprClientGrpc.GetConfiguration(String storeName, IReadOnlyList\u00601 keys, IReadOnlyDictionary\u00602 metadata, CancellationToken cancellationToken)\n   --- End of inner exception stack trace ---\n   at Dapr.Client.DaprClientGrpc.GetConfiguration(String storeName, IReadOnlyList\u00601 keys, IReadOnlyDictionary\u00602 metadata, CancellationToken cancellationToken)\n   at Hexalith.EventStore.Configuration.DaprRateLimitConfigSync.FetchConfigurationAsync(DaprClient daprClient, String[] keys, CancellationToken cancellationToken) in /home/administrator/projects/hexalith/eventstore/src/Hexalith.EventStore/Configuration/DaprRateLimitConfigSync.cs:line 70\n   at Hexalith.EventStore.Configuration.DaprRateLimitConfigSync.LoadTenantIdsAsync(DaprClient daprClient, CancellationToken cancellationToken) in /home/administrator/projects/hexalith/eventstore/src/Hexalith.EventStore/Configuration/DaprRateLimitConfigSync.cs:line 80\n   at Hexalith.EventStore.Configuration.DaprRateLimitConfigSync.SyncTenantOverridesAsync(DaprClient daprClient, CancellationToken cancellationToken) in /home/administrator/projects/hexalith/eventstore/src/Hexalith.EventStore/Configuration/DaprRateLimitConfigSync.cs:line 158","State":{"{OriginalFormat}":"DAPR config store unavailable for rate limit sync. Falling back to appsettings.json values."}}
{"EventId":0,"LogLevel":"Information","Category":"Microsoft.Hosting.Lifetime","Message":"Application started. Press Ctrl\u002BC to shut down.","State":{"{OriginalFormat}":"Application started. Press Ctrl\u002BC to shut down."}}
{"EventId":0,"LogLevel":"Information","Category":"Microsoft.Hosting.Lifetime","Message":"Hosting environment: Staging","State":{"EnvName":"Staging","{OriginalFormat}":"Hosting environment: {EnvName}"}}
{"EventId":0,"LogLevel":"Information","Category":"Microsoft.Hosting.Lifetime","Message":"Content root path: /home/administrator/projects/hexalith/eventstore/src/Hexalith.EventStore","State":{"ContentRoot":"/home/administrator/projects/hexalith/eventstore/src/Hexalith.EventStore","{OriginalFormat}":"Content root path: {ContentRoot}"}}
{"EventId":9,"LogLevel":"Warning","Category":"Microsoft.AspNetCore.Routing.EndpointRoutingMiddleware","Message":"A request body size limit could not be applied. This server does not support the IHttpMaxRequestBodySizeFeature.","State":{"{OriginalFormat}":"A request body size limit could not be applied. This server does not support the IHttpMaxRequestBodySizeFeature."}}
{"EventId":5501,"LogLevel":"Warning","Category":"Hexalith.EventStore.ServiceDefaults.Authentication.WorkloadJwtBearerEvents","Message":"Internal credential denied: SecurityEvent=InternalAuthenticationDenied, Scheme=DaprInternal, Reason=channel-unconfigured, StatusCode=401, Path=/api/v1/trusted-effects, CorrelationId=story-5-5-correlation","State":{"Message":"CorrelationId=story-5-5-correlation,Path=/api/v1/trusted-effects,StatusCode=401,Reason=channel-unconfigured,Scheme=DaprInternal,{OriginalFormat}=Internal credential denied: SecurityEvent=InternalAuthenticationDenied, Scheme={Scheme}, Reason={Reason}, StatusCode={StatusCode}, Path={Path}, CorrelationId={CorrelationId}","CorrelationId":"story-5-5-correlation","Path":"/api/v1/trusted-effects","StatusCode":401,"Reason":"channel-unconfigured","Scheme":"DaprInternal","{OriginalFormat}":"Internal credential denied: SecurityEvent=InternalAuthenticationDenied, Scheme={Scheme}, Reason={Reason}, StatusCode={StatusCode}, Path={Path}, CorrelationId={CorrelationId}"}}
{"EventId":0,"LogLevel":"Information","Category":"Microsoft.Hosting.Lifetime","Message":"Application is shutting down...","State":{"{OriginalFormat}":"Application is shutting down..."}}
{"EventId":0,"LogLevel":"Warning","Category":"Hexalith.EventStore.Authentication.ConfigureJwtBearerOptions","Message":"Authentication challenge: SecurityEvent=AuthenticationFailed, CorrelationId=story-5-5-correlation, SourceIp=unknown, Path=/api/v1/commands/status/01JSTATUS000000000000000000, Tenant=unknown, CommandType=unknown, Reason=MissingToken, FailureLayer=JwtChallenge","State":{"SecurityEvent":"AuthenticationFailed","CorrelationId":"story-5-5-correlation","SourceIp":"unknown","RequestPath":"/api/v1/commands/status/01JSTATUS000000000000000000","TenantId":"unknown","CommandType":"unknown","Reason":"MissingToken","FailureLayer":"JwtChallenge","{OriginalFormat}":"Authentication challenge: SecurityEvent={SecurityEvent}, CorrelationId={CorrelationId}, SourceIp={SourceIp}, Path={RequestPath}, Tenant={TenantId}, CommandType={CommandType}, Reason={Reason}, FailureLayer={FailureLayer}"}}
{"EventId":9,"LogLevel":"Warning","Category":"Microsoft.AspNetCore.Routing.EndpointRoutingMiddleware","Message":"A request body size limit could not be applied. This server does not support the IHttpMaxRequestBodySizeFeature.","State":{"{OriginalFormat}":"A request body size limit could not be applied. This server does not support the IHttpMaxRequestBodySizeFeature."}}
{"EventId":1,"LogLevel":"Warning","Category":"Microsoft.AspNetCore.Mvc.Filters.RequestSizeLimitFilter","Message":"A request body size limit could not be applied. This server does not support the IHttpRequestBodySizeFeature.","State":{"{OriginalFormat}":"A request body size limit could not be applied. This server does not support the IHttpRequestBodySizeFeature."}}
{"EventId":9,"LogLevel":"Warning","Category":"Microsoft.AspNetCore.Routing.EndpointRoutingMiddleware","Message":"A request body size limit could not be applied. This server does not support the IHttpMaxRequestBodySizeFeature.","State":{"{OriginalFormat}":"A request body size limit could not be applied. This server does not support the IHttpMaxRequestBodySizeFeature."}}
{"EventId":1,"LogLevel":"Warning","Category":"Microsoft.AspNetCore.Mvc.Filters.RequestSizeLimitFilter","Message":"A request body size limit could not be applied. This server does not support the IHttpRequestBodySizeFeature.","State":{"{OriginalFormat}":"A request body size limit could not be applied. This server does not support the IHttpRequestBodySizeFeature."}}
{"EventId":9,"LogLevel":"Warning","Category":"Microsoft.AspNetCore.Routing.EndpointRoutingMiddleware","Message":"A request body size limit could not be applied. This server does not support the IHttpMaxRequestBodySizeFeature.","State":{"{OriginalFormat}":"A request body size limit could not be applied. This server does not support the IHttpMaxRequestBodySizeFeature."}}
{"EventId":5501,"LogLevel":"Warning","Category":"Hexalith.EventStore.ServiceDefaults.Authentication.WorkloadJwtBearerEvents","Message":"Internal credential denied: SecurityEvent=InternalAuthenticationDenied, Scheme=DaprInternal, Reason=assertion-missing, StatusCode=401, Path=/api/v1/trusted-effects, CorrelationId=story-5-5-correlation","State":{"Message":"CorrelationId=story-5-5-correlation,Path=/api/v1/trusted-effects,StatusCode=401,Reason=assertion-missing,Scheme=DaprInternal,{OriginalFormat}=Internal credential denied: SecurityEvent=InternalAuthenticationDenied, Scheme={Scheme}, Reason={Reason}, StatusCode={StatusCode}, Path={Path}, CorrelationId={CorrelationId}","CorrelationId":"story-5-5-correlation","Path":"/api/v1/trusted-effects","StatusCode":401,"Reason":"assertion-missing","Scheme":"DaprInternal","{OriginalFormat}":"Internal credential denied: SecurityEvent=InternalAuthenticationDenied, Scheme={Scheme}, Reason={Reason}, StatusCode={StatusCode}, Path={Path}, CorrelationId={CorrelationId}"}}
{"EventId":9,"LogLevel":"Warning","Category":"Microsoft.AspNetCore.Routing.EndpointRoutingMiddleware","Message":"A request body size limit could not be applied. This server does not support the IHttpMaxRequestBodySizeFeature.","State":{"{OriginalFormat}":"A request body size limit could not be applied. This server does not support the IHttpMaxRequestBodySizeFeature."}}
{"EventId":5501,"LogLevel":"Warning","Category":"Hexalith.EventStore.ServiceDefaults.Authentication.WorkloadJwtBearerEvents","Message":"Internal credential denied: SecurityEvent=InternalAuthenticationDenied, Scheme=DaprInternal, Reason=caller-not-allowed, StatusCode=401, Path=/api/v1/trusted-effects, CorrelationId=story-5-5-correlation","State":{"Message":"CorrelationId=story-5-5-correlation,Path=/api/v1/trusted-effects,StatusCode=401,Reason=caller-not-allowed,Scheme=DaprInternal,{OriginalFormat}=Internal credential denied: SecurityEvent=InternalAuthenticationDenied, Scheme={Scheme}, Reason={Reason}, StatusCode={StatusCode}, Path={Path}, CorrelationId={CorrelationId}","CorrelationId":"story-5-5-correlation","Path":"/api/v1/trusted-effects","StatusCode":401,"Reason":"caller-not-allowed","Scheme":"DaprInternal","{OriginalFormat}":"Internal credential denied: SecurityEvent=InternalAuthenticationDenied, Scheme={Scheme}, Reason={Reason}, StatusCode={StatusCode}, Path={Path}, CorrelationId={CorrelationId}"}}
{"EventId":9,"LogLevel":"Warning","Category":"Microsoft.AspNetCore.Routing.EndpointRoutingMiddleware","Message":"A request body size limit could not be applied. This server does not support the IHttpMaxRequestBodySizeFeature.","State":{"{OriginalFormat}":"A request body size limit could not be applied. This server does not support the IHttpMaxRequestBodySizeFeature."}}
{"EventId":0,"LogLevel":"Warning","Category":"Hexalith.EventStore.Authentication.ConfigureJwtBearerOptions","Message":"Authentication challenge: SecurityEvent=AuthenticationFailed, CorrelationId=story-5-5-correlation, SourceIp=unknown, Path=/api/v1/commands, Tenant=system, CommandType=BootstrapGlobalAdmin, Reason=MissingToken, FailureLayer=JwtChallenge","State":{"SecurityEvent":"AuthenticationFailed","CorrelationId":"story-5-5-correlation","SourceIp":"unknown","RequestPath":"/api/v1/commands","TenantId":"system","CommandType":"BootstrapGlobalAdmin","Reason":"MissingToken","FailureLayer":"JwtChallenge","{OriginalFormat}":"Authentication challenge: SecurityEvent={SecurityEvent}, CorrelationId={CorrelationId}, SourceIp={SourceIp}, Path={RequestPath}, Tenant={TenantId}, CommandType={CommandType}, Reason={Reason}, FailureLayer={FailureLayer}"}}
{"EventId":9,"LogLevel":"Warning","Category":"Microsoft.AspNetCore.Routing.EndpointRoutingMiddleware","Message":"A request body size limit could not be applied. This server does not support the IHttpMaxRequestBodySizeFeature.","State":{"{OriginalFormat}":"A request body size limit could not be applied. This server does not support the IHttpMaxRequestBodySizeFeature."}}
{"EventId":0,"LogLevel":"Warning","Category":"Hexalith.EventStore.Authentication.ConfigureJwtBearerOptions","Message":"Authentication challenge: SecurityEvent=AuthenticationFailed, CorrelationId=story-5-5-correlation, SourceIp=unknown, Path=/api/v1/commands, Tenant=system, CommandType=BootstrapGlobalAdmin, Reason=MissingToken, FailureLayer=JwtChallenge","State":{"SecurityEvent":"AuthenticationFailed","CorrelationId":"story-5-5-correlation","SourceIp":"unknown","RequestPath":"/api/v1/commands","TenantId":"system","CommandType":"BootstrapGlobalAdmin","Reason":"MissingToken","FailureLayer":"JwtChallenge","{OriginalFormat}":"Authentication challenge: SecurityEvent={SecurityEvent}, CorrelationId={CorrelationId}, SourceIp={SourceIp}, Path={RequestPath}, Tenant={TenantId}, CommandType={CommandType}, Reason={Reason}, FailureLayer={FailureLayer}"}}
{"EventId":9,"LogLevel":"Warning","Category":"Microsoft.AspNetCore.Routing.EndpointRoutingMiddleware","Message":"A request body size limit could not be applied. This server does not support the IHttpMaxRequestBodySizeFeature.","State":{"{OriginalFormat}":"A request body size limit could not be applied. This server does not support the IHttpMaxRequestBodySizeFeature."}}
{"EventId":5501,"LogLevel":"Warning","Category":"Hexalith.EventStore.ServiceDefaults.Authentication.WorkloadJwtBearerEvents","Message":"Internal credential denied: SecurityEvent=InternalAuthenticationDenied, Scheme=DaprInternal, Reason=channel-token-missing, StatusCode=401, Path=/api/v1/trusted-effects, CorrelationId=story-5-5-correlation","State":{"Message":"CorrelationId=story-5-5-correlation,Path=/api/v1/trusted-effects,StatusCode=401,Reason=channel-token-missing,Scheme=DaprInternal,{OriginalFormat}=Internal credential denied: SecurityEvent=InternalAuthenticationDenied, Scheme={Scheme}, Reason={Reason}, StatusCode={StatusCode}, Path={Path}, CorrelationId={CorrelationId}","CorrelationId":"story-5-5-correlation","Path":"/api/v1/trusted-effects","StatusCode":401,"Reason":"channel-token-missing","Scheme":"DaprInternal","{OriginalFormat}":"Internal credential denied: SecurityEvent=InternalAuthenticationDenied, Scheme={Scheme}, Reason={Reason}, StatusCode={StatusCode}, Path={Path}, CorrelationId={CorrelationId}"}}
{"EventId":9,"LogLevel":"Warning","Category":"Microsoft.AspNetCore.Routing.EndpointRoutingMiddleware","Message":"A request body size limit could not be applied. This server does not support the IHttpMaxRequestBodySizeFeature.","State":{"{OriginalFormat}":"A request body size limit could not be applied. This server does not support the IHttpMaxRequestBodySizeFeature."}}
{"EventId":5501,"LogLevel":"Warning","Category":"Hexalith.EventStore.ServiceDefaults.Authentication.WorkloadJwtBearerEvents","Message":"Internal credential denied: SecurityEvent=InternalAuthenticationDenied, Scheme=DaprInternal, Reason=channel-token-invalid, StatusCode=401, Path=/api/v1/trusted-effects, CorrelationId=story-5-5-correlation","State":{"Message":"CorrelationId=story-5-5-correlation,Path=/api/v1/trusted-effects,StatusCode=401,Reason=channel-token-invalid,Scheme=DaprInternal,{OriginalFormat}=Internal credential denied: SecurityEvent=InternalAuthenticationDenied, Scheme={Scheme}, Reason={Reason}, StatusCode={StatusCode}, Path={Path}, CorrelationId={CorrelationId}","CorrelationId":"story-5-5-correlation","Path":"/api/v1/trusted-effects","StatusCode":401,"Reason":"channel-token-invalid","Scheme":"DaprInternal","{OriginalFormat}":"Internal credential denied: SecurityEvent=InternalAuthenticationDenied, Scheme={Scheme}, Reason={Reason}, StatusCode={StatusCode}, Path={Path}, CorrelationId={CorrelationId}"}}
{"EventId":9,"LogLevel":"Warning","Category":"Microsoft.AspNetCore.Routing.EndpointRoutingMiddleware","Message":"A request body size limit could not be applied. This server does not support the IHttpMaxRequestBodySizeFeature.","State":{"{OriginalFormat}":"A request body size limit could not be applied. This server does not support the IHttpMaxRequestBodySizeFeature."}}
{"EventId":5501,"LogLevel":"Warning","Category":"Hexalith.EventStore.ServiceDefaults.Authentication.WorkloadJwtBearerEvents","Message":"Internal credential denied: SecurityEvent=InternalAuthenticationDenied, Scheme=DaprInternal, Reason=channel-token-duplicate, StatusCode=401, Path=/api/v1/trusted-effects, CorrelationId=story-5-5-correlation","State":{"Message":"CorrelationId=story-5-5-correlation,Path=/api/v1/trusted-effects,StatusCode=401,Reason=channel-token-duplicate,Scheme=DaprInternal,{OriginalFormat}=Internal credential denied: SecurityEvent=InternalAuthenticationDenied, Scheme={Scheme}, Reason={Reason}, StatusCode={StatusCode}, Path={Path}, CorrelationId={CorrelationId}","CorrelationId":"story-5-5-correlation","Path":"/api/v1/trusted-effects","StatusCode":401,"Reason":"channel-token-duplicate","Scheme":"DaprInternal","{OriginalFormat}":"Internal credential denied: SecurityEvent=InternalAuthenticationDenied, Scheme={Scheme}, Reason={Reason}, StatusCode={StatusCode}, Path={Path}, CorrelationId={CorrelationId}"}}
{"EventId":9,"LogLevel":"Warning","Category":"Microsoft.AspNetCore.Routing.EndpointRoutingMiddleware","Message":"A request body size limit could not be applied. This server does not support the IHttpMaxRequestBodySizeFeature.","State":{"{OriginalFormat}":"A request body size limit could not be applied. This server does not support the IHttpMaxRequestBodySizeFeature."}}
{"EventId":5501,"LogLevel":"Warning","Category":"Hexalith.EventStore.ServiceDefaults.Authentication.WorkloadJwtBearerEvents","Message":"Internal credential denied: SecurityEvent=InternalAuthenticationDenied, Scheme=DaprInternal, Reason=audience-invalid, StatusCode=401, Path=/api/v1/trusted-effects, CorrelationId=story-5-5-correlation","State":{"Message":"CorrelationId=story-5-5-correlation,Path=/api/v1/trusted-effects,StatusCode=401,Reason=audience-invalid,Scheme=DaprInternal,{OriginalFormat}=Internal credential denied: SecurityEvent=InternalAuthenticationDenied, Scheme={Scheme}, Reason={Reason}, StatusCode={StatusCode}, Path={Path}, CorrelationId={CorrelationId}","CorrelationId":"story-5-5-correlation","Path":"/api/v1/trusted-effects","StatusCode":401,"Reason":"audience-invalid","Scheme":"DaprInternal","{OriginalFormat}":"Internal credential denied: SecurityEvent=InternalAuthenticationDenied, Scheme={Scheme}, Reason={Reason}, StatusCode={StatusCode}, Path={Path}, CorrelationId={CorrelationId}"}}
{"EventId":9,"LogLevel":"Warning","Category":"Microsoft.AspNetCore.Routing.EndpointRoutingMiddleware","Message":"A request body size limit could not be applied. This server does not support the IHttpMaxRequestBodySizeFeature.","State":{"{OriginalFormat}":"A request body size limit could not be applied. This server does not support the IHttpMaxRequestBodySizeFeature."}}
{"EventId":5501,"LogLevel":"Warning","Category":"Hexalith.EventStore.ServiceDefaults.Authentication.WorkloadJwtBearerEvents","Message":"Internal credential denied: SecurityEvent=InternalAuthenticationDenied, Scheme=DaprInternal, Reason=caller-not-allowed, StatusCode=401, Path=/api/v1/trusted-effects, CorrelationId=story-5-5-correlation","State":{"Message":"CorrelationId=story-5-5-correlation,Path=/api/v1/trusted-effects,StatusCode=401,Reason=caller-not-allowed,Scheme=DaprInternal,{OriginalFormat}=Internal credential denied: SecurityEvent=InternalAuthenticationDenied, Scheme={Scheme}, Reason={Reason}, StatusCode={StatusCode}, Path={Path}, CorrelationId={CorrelationId}","CorrelationId":"story-5-5-correlation","Path":"/api/v1/trusted-effects","StatusCode":401,"Reason":"caller-not-allowed","Scheme":"DaprInternal","{OriginalFormat}":"Internal credential denied: SecurityEvent=InternalAuthenticationDenied, Scheme={Scheme}, Reason={Reason}, StatusCode={StatusCode}, Path={Path}, CorrelationId={CorrelationId}"}}
{"EventId":9,"LogLevel":"Warning","Category":"Microsoft.AspNetCore.Routing.EndpointRoutingMiddleware","Message":"A request body size limit could not be applied. This server does not support the IHttpMaxRequestBodySizeFeature.","State":{"{OriginalFormat}":"A request body size limit could not be applied. This server does not support the IHttpMaxRequestBodySizeFeature."}}
{"EventId":5501,"LogLevel":"Warning","Category":"Hexalith.EventStore.ServiceDefaults.Authentication.WorkloadJwtBearerEvents","Message":"Internal credential denied: SecurityEvent=InternalAuthenticationDenied, Scheme=DaprInternal, Reason=caller-missing, StatusCode=401, Path=/api/v1/trusted-effects, CorrelationId=story-5-5-correlation","State":{"Message":"CorrelationId=story-5-5-correlation,Path=/api/v1/trusted-effects,StatusCode=401,Reason=caller-missing,Scheme=DaprInternal,{OriginalFormat}=Internal credential denied: SecurityEvent=InternalAuthenticationDenied, Scheme={Scheme}, Reason={Reason}, StatusCode={StatusCode}, Path={Path}, CorrelationId={CorrelationId}","CorrelationId":"story-5-5-correlation","Path":"/api/v1/trusted-effects","StatusCode":401,"Reason":"caller-missing","Scheme":"DaprInternal","{OriginalFormat}":"Internal credential denied: SecurityEvent=InternalAuthenticationDenied, Scheme={Scheme}, Reason={Reason}, StatusCode={StatusCode}, Path={Path}, CorrelationId={CorrelationId}"}}
{"EventId":9,"LogLevel":"Warning","Category":"Microsoft.AspNetCore.Routing.EndpointRoutingMiddleware","Message":"A request body size limit could not be applied. This server does not support the IHttpMaxRequestBodySizeFeature.","State":{"{OriginalFormat}":"A request body size limit could not be applied. This server does not support the IHttpMaxRequestBodySizeFeature."}}
{"EventId":5501,"LogLevel":"Warning","Category":"Hexalith.EventStore.ServiceDefaults.Authentication.WorkloadJwtBearerEvents","Message":"Internal credential denied: SecurityEvent=InternalAuthenticationDenied, Scheme=DaprInternal, Reason=caller-conflict, StatusCode=401, Path=/api/v1/trusted-effects, CorrelationId=story-5-5-correlation","State":{"Message":"CorrelationId=story-5-5-correlation,Path=/api/v1/trusted-effects,StatusCode=401,Reason=caller-conflict,Scheme=DaprInternal,{OriginalFormat}=Internal credential denied: SecurityEvent=InternalAuthenticationDenied, Scheme={Scheme}, Reason={Reason}, StatusCode={StatusCode}, Path={Path}, CorrelationId={CorrelationId}","CorrelationId":"story-5-5-correlation","Path":"/api/v1/trusted-effects","StatusCode":401,"Reason":"caller-conflict","Scheme":"DaprInternal","{OriginalFormat}":"Internal credential denied: SecurityEvent=InternalAuthenticationDenied, Scheme={Scheme}, Reason={Reason}, StatusCode={StatusCode}, Path={Path}, CorrelationId={CorrelationId}"}}
{"EventId":9,"LogLevel":"Warning","Category":"Microsoft.AspNetCore.Routing.EndpointRoutingMiddleware","Message":"A request body size limit could not be applied. This server does not support the IHttpMaxRequestBodySizeFeature.","State":{"{OriginalFormat}":"A request body size limit could not be applied. This server does not support the IHttpMaxRequestBodySizeFeature."}}
{"EventId":5501,"LogLevel":"Warning","Category":"Hexalith.EventStore.ServiceDefaults.Authentication.WorkloadJwtBearerEvents","Message":"Internal credential denied: SecurityEvent=InternalAuthenticationDenied, Scheme=DaprInternal, Reason=operation-not-granted, StatusCode=403, Path=/api/v1/trusted-effects, CorrelationId=story-5-5-correlation","State":{"Message":"CorrelationId=story-5-5-correlation,Path=/api/v1/trusted-effects,StatusCode=403,Reason=operation-not-granted,Scheme=DaprInternal,{OriginalFormat}=Internal credential denied: SecurityEvent=InternalAuthenticationDenied, Scheme={Scheme}, Reason={Reason}, StatusCode={StatusCode}, Path={Path}, CorrelationId={CorrelationId}","CorrelationId":"story-5-5-correlation","Path":"/api/v1/trusted-effects","StatusCode":403,"Reason":"operation-not-granted","Scheme":"DaprInternal","{OriginalFormat}":"Internal credential denied: SecurityEvent=InternalAuthenticationDenied, Scheme={Scheme}, Reason={Reason}, StatusCode={StatusCode}, Path={Path}, CorrelationId={CorrelationId}"}}
{"EventId":9,"LogLevel":"Warning","Category":"Microsoft.AspNetCore.Routing.EndpointRoutingMiddleware","Message":"A request body size limit could not be applied. This server does not support the IHttpMaxRequestBodySizeFeature.","State":{"{OriginalFormat}":"A request body size limit could not be applied. This server does not support the IHttpMaxRequestBodySizeFeature."}}
{"EventId":5501,"LogLevel":"Warning","Category":"Hexalith.EventStore.ServiceDefaults.Authentication.WorkloadJwtBearerEvents","Message":"Internal credential denied: SecurityEvent=InternalAuthenticationDenied, Scheme=DaprInternal, Reason=assertion-expired, StatusCode=401, Path=/api/v1/trusted-effects, CorrelationId=story-5-5-correlation","State":{"Message":"CorrelationId=story-5-5-correlation,Path=/api/v1/trusted-effects,StatusCode=401,Reason=assertion-expired,Scheme=DaprInternal,{OriginalFormat}=Internal credential denied: SecurityEvent=InternalAuthenticationDenied, Scheme={Scheme}, Reason={Reason}, StatusCode={StatusCode}, Path={Path}, CorrelationId={CorrelationId}","CorrelationId":"story-5-5-correlation","Path":"/api/v1/trusted-effects","StatusCode":401,"Reason":"assertion-expired","Scheme":"DaprInternal","{OriginalFormat}":"Internal credential denied: SecurityEvent=InternalAuthenticationDenied, Scheme={Scheme}, Reason={Reason}, StatusCode={StatusCode}, Path={Path}, CorrelationId={CorrelationId}"}}
{"EventId":9,"LogLevel":"Warning","Category":"Microsoft.AspNetCore.Routing.EndpointRoutingMiddleware","Message":"A request body size limit could not be applied. This server does not support the IHttpMaxRequestBodySizeFeature.","State":{"{OriginalFormat}":"A request body size limit could not be applied. This server does not support the IHttpMaxRequestBodySizeFeature."}}
{"EventId":5501,"LogLevel":"Warning","Category":"Hexalith.EventStore.ServiceDefaults.Authentication.WorkloadJwtBearerEvents","Message":"Internal credential denied: SecurityEvent=InternalAuthenticationDenied, Scheme=DaprInternal, Reason=assertion-stale, StatusCode=401, Path=/api/v1/trusted-effects, CorrelationId=story-5-5-correlation","State":{"Message":"CorrelationId=story-5-5-correlation,Path=/api/v1/trusted-effects,StatusCode=401,Reason=assertion-stale,Scheme=DaprInternal,{OriginalFormat}=Internal credential denied: SecurityEvent=InternalAuthenticationDenied, Scheme={Scheme}, Reason={Reason}, StatusCode={StatusCode}, Path={Path}, CorrelationId={CorrelationId}","CorrelationId":"story-5-5-correlation","Path":"/api/v1/trusted-effects","StatusCode":401,"Reason":"assertion-stale","Scheme":"DaprInternal","{OriginalFormat}":"Internal credential denied: SecurityEvent=InternalAuthenticationDenied, Scheme={Scheme}, Reason={Reason}, StatusCode={StatusCode}, Path={Path}, CorrelationId={CorrelationId}"}}
{"EventId":9,"LogLevel":"Warning","Category":"Microsoft.AspNetCore.Routing.EndpointRoutingMiddleware","Message":"A request body size limit could not be applied. This server does not support the IHttpMaxRequestBodySizeFeature.","State":{"{OriginalFormat}":"A request body size limit could not be applied. This server does not support the IHttpMaxRequestBodySizeFeature."}}
{"EventId":5501,"LogLevel":"Warning","Category":"Hexalith.EventStore.ServiceDefaults.Authentication.WorkloadJwtBearerEvents","Message":"Internal credential denied: SecurityEvent=InternalAuthenticationDenied, Scheme=DaprInternal, Reason=signature-invalid, StatusCode=401, Path=/api/v1/trusted-effects, CorrelationId=story-5-5-correlation","State":{"Message":"CorrelationId=story-5-5-correlation,Path=/api/v1/trusted-effects,StatusCode=401,Reason=signature-invalid,Scheme=DaprInternal,{OriginalFormat}=Internal credential denied: SecurityEvent=InternalAuthenticationDenied, Scheme={Scheme}, Reason={Reason}, StatusCode={StatusCode}, Path={Path}, CorrelationId={CorrelationId}","CorrelationId":"story-5-5-correlation","Path":"/api/v1/trusted-effects","StatusCode":401,"Reason":"signature-invalid","Scheme":"DaprInternal","{OriginalFormat}":"Internal credential denied: SecurityEvent=InternalAuthenticationDenied, Scheme={Scheme}, Reason={Reason}, StatusCode={StatusCode}, Path={Path}, CorrelationId={CorrelationId}"}}
{"EventId":9,"LogLevel":"Warning","Category":"Microsoft.AspNetCore.Routing.EndpointRoutingMiddleware","Message":"A request body size limit could not be applied. This server does not support the IHttpMaxRequestBodySizeFeature.","State":{"{OriginalFormat}":"A request body size limit could not be applied. This server does not support the IHttpMaxRequestBodySizeFeature."}}
{"EventId":5501,"LogLevel":"Warning","Category":"Hexalith.EventStore.ServiceDefaults.Authentication.WorkloadJwtBearerEvents","Message":"Internal credential denied: SecurityEvent=InternalAuthenticationDenied, Scheme=DaprInternal, Reason=issuer-invalid, StatusCode=401, Path=/api/v1/trusted-effects, CorrelationId=story-5-5-correlation","State":{"Message":"CorrelationId=story-5-5-correlation,Path=/api/v1/trusted-effects,StatusCode=401,Reason=issuer-invalid,Scheme=DaprInternal,{OriginalFormat}=Internal credential denied: SecurityEvent=InternalAuthenticationDenied, Scheme={Scheme}, Reason={Reason}, StatusCode={StatusCode}, Path={Path}, CorrelationId={CorrelationId}","CorrelationId":"story-5-5-correlation","Path":"/api/v1/trusted-effects","StatusCode":401,"Reason":"issuer-invalid","Scheme":"DaprInternal","{OriginalFormat}":"Internal credential denied: SecurityEvent=InternalAuthenticationDenied, Scheme={Scheme}, Reason={Reason}, StatusCode={StatusCode}, Path={Path}, CorrelationId={CorrelationId}"}}
{"EventId":9,"LogLevel":"Warning","Category":"Microsoft.AspNetCore.Routing.EndpointRoutingMiddleware","Message":"A request body size limit could not be applied. This server does not support the IHttpMaxRequestBodySizeFeature.","State":{"{OriginalFormat}":"A request body size limit could not be applied. This server does not support the IHttpMaxRequestBodySizeFeature."}}
{"EventId":5501,"LogLevel":"Warning","Category":"Hexalith.EventStore.ServiceDefaults.Authentication.WorkloadJwtBearerEvents","Message":"Internal credential denied: SecurityEvent=InternalAuthenticationDenied, Scheme=DaprInternal, Reason=assertion-duplicate, StatusCode=401, Path=/api/v1/trusted-effects, CorrelationId=story-5-5-correlation","State":{"Message":"CorrelationId=story-5-5-correlation,Path=/api/v1/trusted-effects,StatusCode=401,Reason=assertion-duplicate,Scheme=DaprInternal,{OriginalFormat}=Internal credential denied: SecurityEvent=InternalAuthenticationDenied, Scheme={Scheme}, Reason={Reason}, StatusCode={StatusCode}, Path={Path}, CorrelationId={CorrelationId}","CorrelationId":"story-5-5-correlation","Path":"/api/v1/trusted-effects","StatusCode":401,"Reason":"assertion-duplicate","Scheme":"DaprInternal","{OriginalFormat}":"Internal credential denied: SecurityEvent=InternalAuthenticationDenied, Scheme={Scheme}, Reason={Reason}, StatusCode={StatusCode}, Path={Path}, CorrelationId={CorrelationId}"}}
{"EventId":9,"LogLevel":"Warning","Category":"Microsoft.AspNetCore.Routing.EndpointRoutingMiddleware","Message":"A request body size limit could not be applied. This server does not support the IHttpMaxRequestBodySizeFeature.","State":{"{OriginalFormat}":"A request body size limit could not be applied. This server does not support the IHttpMaxRequestBodySizeFeature."}}
{"EventId":5501,"LogLevel":"Warning","Category":"Hexalith.EventStore.ServiceDefaults.Authentication.WorkloadJwtBearerEvents","Message":"Internal credential denied: SecurityEvent=InternalAuthenticationDenied, Scheme=DaprInternal, Reason=credential-conflict, StatusCode=401, Path=/api/v1/trusted-effects, CorrelationId=story-5-5-correlation","State":{"Message":"CorrelationId=story-5-5-correlation,Path=/api/v1/trusted-effects,StatusCode=401,Reason=credential-conflict,Scheme=DaprInternal,{OriginalFormat}=Internal credential denied: SecurityEvent=InternalAuthenticationDenied, Scheme={Scheme}, Reason={Reason}, StatusCode={StatusCode}, Path={Path}, CorrelationId={CorrelationId}","CorrelationId":"story-5-5-correlation","Path":"/api/v1/trusted-effects","StatusCode":401,"Reason":"credential-conflict","Scheme":"DaprInternal","{OriginalFormat}":"Internal credential denied: SecurityEvent=InternalAuthenticationDenied, Scheme={Scheme}, Reason={Reason}, StatusCode={StatusCode}, Path={Path}, CorrelationId={CorrelationId}"}}
{"EventId":9,"LogLevel":"Warning","Category":"Microsoft.AspNetCore.Routing.EndpointRoutingMiddleware","Message":"A request body size limit could not be applied. This server does not support the IHttpMaxRequestBodySizeFeature.","State":{"{OriginalFormat}":"A request body size limit could not be applied. This server does not support the IHttpMaxRequestBodySizeFeature."}}
{"EventId":5501,"LogLevel":"Warning","Category":"Hexalith.EventStore.ServiceDefaults.Authentication.WorkloadJwtBearerEvents","Message":"Internal credential denied: SecurityEvent=InternalAuthenticationDenied, Scheme=DaprInternal, Reason=assertion-malformed, StatusCode=401, Path=/api/v1/trusted-effects, CorrelationId=story-5-5-correlation","State":{"Message":"CorrelationId=story-5-5-correlation,Path=/api/v1/trusted-effects,StatusCode=401,Reason=assertion-malformed,Scheme=DaprInternal,{OriginalFormat}=Internal credential denied: SecurityEvent=InternalAuthenticationDenied, Scheme={Scheme}, Reason={Reason}, StatusCode={StatusCode}, Path={Path}, CorrelationId={CorrelationId}","CorrelationId":"story-5-5-correlation","Path":"/api/v1/trusted-effects","StatusCode":401,"Reason":"assertion-malformed","Scheme":"DaprInternal","{OriginalFormat}":"Internal credential denied: SecurityEvent=InternalAuthenticationDenied, Scheme={Scheme}, Reason={Reason}, StatusCode={StatusCode}, Path={Path}, CorrelationId={CorrelationId}"}}
{"EventId":0,"LogLevel":"Information","Category":"Microsoft.Hosting.Lifetime","Message":"Application is shutting down...","State":{"{OriginalFormat}":"Application is shutting down..."}}
    Hexalith.EventStore.Server.Tests.Actors.MultiTenantPublicationTests.ProcessCommand_MultipleTenants_Sequential_CorrectTopicsPerTenant [FAIL]
      Shouldly.ShouldAssertException : topics.Count
          should be
      3
          but was
      0
      Stack Trace:
        tests/Hexalith.EventStore.Server.Tests/Actors/MultiTenantPublicationTests.cs(142,0): at Hexalith.EventStore.Server.Tests.Actors.MultiTenantPublicationTests.ProcessCommand_MultipleTenants_Sequential_CorrectTopicsPerTenant()
           at System.Runtime.ExceptionServices.ExceptionDispatchInfo.Throw()
           at System.Runtime.CompilerServices.TaskAwaiter.ThrowForNonSuccess(Task task)
           at System.Runtime.CompilerServices.TaskAwaiter.HandleNonSuccessAndDebuggerNotification(Task task, ConfigureAwaitOptions options)
        --- End of stack trace from previous location ---
           at System.Runtime.ExceptionServices.ExceptionDispatchInfo.Throw()
           at System.Runtime.CompilerServices.TaskAwaiter.ThrowForNonSuccess(Task task)
           at System.Runtime.CompilerServices.TaskAwaiter.HandleNonSuccessAndDebuggerNotification(Task task, ConfigureAwaitOptions options)
    Hexalith.EventStore.Server.Tests.Actors.MultiTenantPublicationTests.ProcessCommand_TenantB_PublishesToTenantBTopic [FAIL]
      Shouldly.ShouldAssertException : publisher.GetPublishedTopics()
          should be
      ["globex.orders.events"]
          but was (case sensitive comparison)
      [] (<>z__ReadOnlyList`1[System.String])
          difference
      [*]
      Stack Trace:
        tests/Hexalith.EventStore.Server.Tests/Actors/MultiTenantPublicationTests.cs(103,0): at Hexalith.EventStore.Server.Tests.Actors.MultiTenantPublicationTests.ProcessCommand_TenantB_PublishesToTenantBTopic()
           at System.Runtime.ExceptionServices.ExceptionDispatchInfo.Throw()
           at System.Runtime.CompilerServices.TaskAwaiter.ThrowForNonSuccess(Task task)
           at System.Runtime.CompilerServices.TaskAwaiter.HandleNonSuccessAndDebuggerNotification(Task task, ConfigureAwaitOptions options)
        --- End of stack trace from previous location ---
           at System.Runtime.ExceptionServices.ExceptionDispatchInfo.Throw()
           at System.Runtime.CompilerServices.TaskAwaiter.ThrowForNonSuccess(Task task)
           at System.Runtime.CompilerServices.TaskAwaiter.HandleNonSuccessAndDebuggerNotification(Task task, ConfigureAwaitOptions options)
    Hexalith.EventStore.Server.Tests.Actors.MultiTenantPublicationTests.ProcessCommand_TenantA_PublishesToTenantATopic [FAIL]
      Shouldly.ShouldAssertException : publisher.GetPublishedTopics()
          should be
      ["acme.orders.events"]
          but was (case sensitive comparison)
      [] (<>z__ReadOnlyList`1[System.String])
          difference
      [*]
      Stack Trace:
        tests/Hexalith.EventStore.Server.Tests/Actors/MultiTenantPublicationTests.cs(87,0): at Hexalith.EventStore.Server.Tests.Actors.MultiTenantPublicationTests.ProcessCommand_TenantA_PublishesToTenantATopic()
           at System.Runtime.ExceptionServices.ExceptionDispatchInfo.Throw()
           at System.Runtime.CompilerServices.TaskAwaiter.ThrowForNonSuccess(Task task)
           at System.Runtime.CompilerServices.TaskAwaiter.HandleNonSuccessAndDebuggerNotification(Task task, ConfigureAwaitOptions options)
        --- End of stack trace from previous location ---
           at System.Runtime.ExceptionServices.ExceptionDispatchInfo.Throw()
           at System.Runtime.CompilerServices.TaskAwaiter.ThrowForNonSuccess(Task task)
           at System.Runtime.CompilerServices.TaskAwaiter.HandleNonSuccessAndDebuggerNotification(Task task, ConfigureAwaitOptions options)
    Hexalith.EventStore.Server.Tests.Actors.MultiTenantPublicationTests.ProcessCommand_TenantDomainMatrix_AllTopicsDistinct [FAIL]
      Shouldly.ShouldAssertException : topics.Count
          should be
      4
          but was
      0
      Stack Trace:
        tests/Hexalith.EventStore.Server.Tests/Actors/MultiTenantPublicationTests.cs(230,0): at Hexalith.EventStore.Server.Tests.Actors.MultiTenantPublicationTests.ProcessCommand_TenantDomainMatrix_AllTopicsDistinct()
           at System.Runtime.ExceptionServices.ExceptionDispatchInfo.Throw()
           at System.Runtime.CompilerServices.TaskAwaiter.ThrowForNonSuccess(Task task)
           at System.Runtime.CompilerServices.TaskAwaiter.HandleNonSuccessAndDebuggerNotification(Task task, ConfigureAwaitOptions options)
        --- End of stack trace from previous location ---
           at System.Runtime.ExceptionServices.ExceptionDispatchInfo.Throw()
           at System.Runtime.CompilerServices.TaskAwaiter.ThrowForNonSuccess(Task task)
           at System.Runtime.CompilerServices.TaskAwaiter.HandleNonSuccessAndDebuggerNotification(Task task, ConfigureAwaitOptions options)
    Hexalith.EventStore.Server.Tests.Actors.MultiTenantPublicationTests.ProcessCommand_MultipleDomains_Sequential_CorrectTopicsPerDomain [FAIL]
      Shouldly.ShouldAssertException : topics.Count
          should be
      3
          but was
      0
      Stack Trace:
        tests/Hexalith.EventStore.Server.Tests/Actors/MultiTenantPublicationTests.cs(183,0): at Hexalith.EventStore.Server.Tests.Actors.MultiTenantPublicationTests.ProcessCommand_MultipleDomains_Sequential_CorrectTopicsPerDomain()
           at System.Runtime.ExceptionServices.ExceptionDispatchInfo.Throw()
           at System.Runtime.CompilerServices.TaskAwaiter.ThrowForNonSuccess(Task task)
           at System.Runtime.CompilerServices.TaskAwaiter.HandleNonSuccessAndDebuggerNotification(Task task, ConfigureAwaitOptions options)
        --- End of stack trace from previous location ---
           at System.Runtime.ExceptionServices.ExceptionDispatchInfo.Throw()
           at System.Runtime.CompilerServices.TaskAwaiter.ThrowForNonSuccess(Task task)
           at System.Runtime.CompilerServices.TaskAwaiter.HandleNonSuccessAndDebuggerNotification(Task task, ConfigureAwaitOptions options)
    Hexalith.EventStore.Server.Tests.Actors.DeadLetterRoutingTests.ProcessCommand_EventPersistenceFails_CorrectEventCount [FAIL]
      Hexalith.EventStore.Server.Actors.ActorStateRemediationException : Actor state remediation failed. PrimaryFailureStage=EventsStored; PrimaryExceptionType=FileNotFoundException; RemediationOperation=SaveRejection; RemediationExceptionType=IOException; DiscardExceptionType=None; FailedBatchDiscarded=True; DurableStateObservation=CleanupNotCommitted.
      Stack Trace:
        src/Hexalith.EventStore.Server/Actors/AggregateActor.cs(4941,0): at Hexalith.EventStore.Server.Actors.AggregateActor.HandleInfrastructureFailureAsync(CommandEnvelope command, String causationId, CommandStatus failureStage, Exception exception, ActorStateMachine stateMachine, String pipelineKeyPrefix, Activity processActivity, Int64 startTicks, Nullable`1 eventCount, CancellationToken cancellationToken, Boolean logicalReadFailure)
        src/Hexalith.EventStore.Server/Actors/AggregateActor.cs(1595,0): at Hexalith.EventStore.Server.Actors.AggregateActor.ProcessCommandCoreAsync(CommandEnvelope command, IdempotencyExecutionContext executionContext, CancellationToken cancellationToken, TrustedEffectAdmission effectAdmission)
        src/Hexalith.EventStore.Server/Actors/AggregateActor.cs(1804,0): at Hexalith.EventStore.Server.Actors.AggregateActor.ProcessCommandCoreAsync(CommandEnvelope command, IdempotencyExecutionContext executionContext, CancellationToken cancellationToken, TrustedEffectAdmission effectAdmission)
        tests/Hexalith.EventStore.Server.Tests/Actors/DeadLetterRoutingTests.cs(292,0): at Hexalith.EventStore.Server.Tests.Actors.DeadLetterRoutingTests.ProcessCommand_EventPersistenceFails_CorrectEventCount()
        --- End of stack trace from previous location ---
    Hexalith.EventStore.Server.Tests.Actors.DeadLetterRoutingTests.ProcessCommand_EventPersistenceFails_DeadLetterPublished [FAIL]
      Hexalith.EventStore.Server.Actors.ActorStateRemediationException : Actor state remediation failed. PrimaryFailureStage=EventsStored; PrimaryExceptionType=FileNotFoundException; RemediationOperation=SaveRejection; RemediationExceptionType=IOException; DiscardExceptionType=None; FailedBatchDiscarded=True; DurableStateObservation=CleanupNotCommitted.
      Stack Trace:
        src/Hexalith.EventStore.Server/Actors/AggregateActor.cs(4941,0): at Hexalith.EventStore.Server.Actors.AggregateActor.HandleInfrastructureFailureAsync(CommandEnvelope command, String causationId, CommandStatus failureStage, Exception exception, ActorStateMachine stateMachine, String pipelineKeyPrefix, Activity processActivity, Int64 startTicks, Nullable`1 eventCount, CancellationToken cancellationToken, Boolean logicalReadFailure)
        src/Hexalith.EventStore.Server/Actors/AggregateActor.cs(1595,0): at Hexalith.EventStore.Server.Actors.AggregateActor.ProcessCommandCoreAsync(CommandEnvelope command, IdempotencyExecutionContext executionContext, CancellationToken cancellationToken, TrustedEffectAdmission effectAdmission)
        src/Hexalith.EventStore.Server/Actors/AggregateActor.cs(1804,0): at Hexalith.EventStore.Server.Actors.AggregateActor.ProcessCommandCoreAsync(CommandEnvelope command, IdempotencyExecutionContext executionContext, CancellationToken cancellationToken, TrustedEffectAdmission effectAdmission)
        tests/Hexalith.EventStore.Server.Tests/Actors/DeadLetterRoutingTests.cs(264,0): at Hexalith.EventStore.Server.Tests.Actors.DeadLetterRoutingTests.ProcessCommand_EventPersistenceFails_DeadLetterPublished()
        --- End of stack trace from previous location ---
    Hexalith.EventStore.Server.Tests.Actors.DeadLetterRoutingTests.ProcessCommand_DomainRejection_NoDeadLetter [FAIL]
      NSubstitute.Exceptions.ReceivedCallsException : Expected to receive no calls matching:
      	PublishDeadLetterAsync(any AggregateIdentity, any DeadLetterMessage, any CancellationToken)
      Actually received 1 matching call:
      	PublishDeadLetterAsync(test-tenant:test-domain:agg-001, DeadLetterMessage { Command = CommandEnvelope { MessageId = 87e36794-15ea-40fd-a90c-892f844928cd, TenantId = test-tenant, Domain = test-domain, AggregateId = agg-001, CommandType = CreateOrder, CorrelationId = 21a20cb1-8077-4bd4-847d-a9e542932c42, CausationId = , UserId = system, Payload = [REDACTED], Extensions = [none] }, FailureStage = EventsStored, ExceptionType = FileNotFoundException, ErrorMessage = Protected data diagnostic details were redacted. ReasonCode=protected-data-diagnostic-redacted; Stage=EventsStored., CorrelationId = 21a20cb1-8077-4bd4-847d-a9e542932c42, CausationId = , TenantId = test-tenant, Domain = test-domain, AggregateId = agg-001, CommandType = CreateOrder, FailedAt = 10/08/2026 13:11:56 +00:00, EventCountAtFailure = 1, ReplayEligible = True, ReasonCode = , StartSequence = , EndSequence = , DrainAttempts =  }, System.Threading.CancellationToken)
      
      Stack Trace:
           at NSubstitute.Core.ReceivedCallsExceptionThrower.Throw(ICallSpecification callSpecification, IEnumerable`1 matchingCalls, IEnumerable`1 nonMatchingCalls, Quantity requiredQuantity)
           at NSubstitute.Routing.Handlers.CheckReceivedCallsHandler.Handle(ICall call)
           at NSubstitute.Proxies.CastleDynamicProxy.CastleForwardingInterceptor.Intercept(IInvocation invocation)
           at Castle.DynamicProxy.AbstractInvocation.Proceed()
           at Castle.Proxies.ObjectProxy_11.PublishDeadLetterAsync(AggregateIdentity identity, DeadLetterMessage message, CancellationToken cancellationToken)
        tests/Hexalith.EventStore.Server.Tests/Actors/DeadLetterRoutingTests.cs(313,0): at Hexalith.EventStore.Server.Tests.Actors.DeadLetterRoutingTests.ProcessCommand_DomainRejection_NoDeadLetter()
        --- End of stack trace from previous location ---
    Hexalith.EventStore.Server.Tests.Events.AtLeastOnceDeliveryTests.AggregateActor_PublishFailed_EventsNotLostInStateStore [FAIL]
      Shouldly.ShouldAssertException : result.Accepted
          should be
      True
          but was
      False
      Stack Trace:
        tests/Hexalith.EventStore.Server.Tests/Events/AtLeastOnceDeliveryTests.cs(177,0): at Hexalith.EventStore.Server.Tests.Events.AtLeastOnceDeliveryTests.AggregateActor_PublishFailed_EventsNotLostInStateStore()
           at System.Runtime.ExceptionServices.ExceptionDispatchInfo.Throw()
           at System.Runtime.CompilerServices.TaskAwaiter.ThrowForNonSuccess(Task task)
           at System.Runtime.CompilerServices.TaskAwaiter.HandleNonSuccessAndDebuggerNotification(Task task, ConfigureAwaitOptions options)
        --- End of stack trace from previous location ---
           at System.Runtime.ExceptionServices.ExceptionDispatchInfo.Throw()
           at System.Runtime.CompilerServices.TaskAwaiter.ThrowForNonSuccess(Task task)
           at System.Runtime.CompilerServices.TaskAwaiter.HandleNonSuccessAndDebuggerNotification(Task task, ConfigureAwaitOptions options)
    Hexalith.EventStore.Server.Tests.Events.AtLeastOnceDeliveryTests.AggregateActor_PublishFailed_StatusTransitionsToPublishFailed [FAIL]
      Shouldly.ShouldAssertException : result.Accepted
          should be
      True
          but was
      False
      Stack Trace:
        tests/Hexalith.EventStore.Server.Tests/Events/AtLeastOnceDeliveryTests.cs(210,0): at Hexalith.EventStore.Server.Tests.Events.AtLeastOnceDeliveryTests.AggregateActor_PublishFailed_StatusTransitionsToPublishFailed()
           at System.Runtime.ExceptionServices.ExceptionDispatchInfo.Throw()
           at System.Runtime.CompilerServices.TaskAwaiter.ThrowForNonSuccess(Task task)
           at System.Runtime.CompilerServices.TaskAwaiter.HandleNonSuccessAndDebuggerNotification(Task task, ConfigureAwaitOptions options)
        --- End of stack trace from previous location ---
           at System.Runtime.ExceptionServices.ExceptionDispatchInfo.Throw()
           at System.Runtime.CompilerServices.TaskAwaiter.ThrowForNonSuccess(Task task)
           at System.Runtime.CompilerServices.TaskAwaiter.HandleNonSuccessAndDebuggerNotification(Task task, ConfigureAwaitOptions options)
    Hexalith.EventStore.Server.Tests.Events.AtLeastOnceDeliveryTests.CircuitBreaker_Open_PublisherReceivesImmediateFailure [FAIL]
      Shouldly.ShouldAssertException : result.Accepted
          should be
      True
          but was
      False
      Stack Trace:
        tests/Hexalith.EventStore.Server.Tests/Events/AtLeastOnceDeliveryTests.cs(247,0): at Hexalith.EventStore.Server.Tests.Events.AtLeastOnceDeliveryTests.CircuitBreaker_Open_PublisherReceivesImmediateFailure()
           at System.Runtime.ExceptionServices.ExceptionDispatchInfo.Throw()
           at System.Runtime.CompilerServices.TaskAwaiter.ThrowForNonSuccess(Task task)
           at System.Runtime.CompilerServices.TaskAwaiter.HandleNonSuccessAndDebuggerNotification(Task task, ConfigureAwaitOptions options)
        --- End of stack trace from previous location ---
           at System.Runtime.ExceptionServices.ExceptionDispatchInfo.Throw()
           at System.Runtime.CompilerServices.TaskAwaiter.ThrowForNonSuccess(Task task)
           at System.Runtime.CompilerServices.TaskAwaiter.HandleNonSuccessAndDebuggerNotification(Task task, ConfigureAwaitOptions options)
    Hexalith.EventStore.Server.Tests.Actors.StateMachineIntegrationTests.ProcessCommand_Success_CheckpointsProcessingThenEventsStoredThenCleanup [FAIL]
      Shouldly.ShouldAssertException : result.Accepted
          should be
      True
          but was
      False
      Stack Trace:
        tests/Hexalith.EventStore.Server.Tests/Actors/StateMachineIntegrationTests.cs(129,0): at Hexalith.EventStore.Server.Tests.Actors.StateMachineIntegrationTests.ProcessCommand_Success_CheckpointsProcessingThenEventsStoredThenCleanup()
           at System.Runtime.ExceptionServices.ExceptionDispatchInfo.Throw()
           at System.Runtime.CompilerServices.TaskAwaiter.ThrowForNonSuccess(Task task)
           at System.Runtime.CompilerServices.TaskAwaiter.HandleNonSuccessAndDebuggerNotification(Task task, ConfigureAwaitOptions options)
        --- End of stack trace from previous location ---
           at System.Runtime.ExceptionServices.ExceptionDispatchInfo.Throw()
           at System.Runtime.CompilerServices.TaskAwaiter.ThrowForNonSuccess(Task task)
           at System.Runtime.CompilerServices.TaskAwaiter.HandleNonSuccessAndDebuggerNotification(Task task, ConfigureAwaitOptions options)
    Hexalith.EventStore.Server.Tests.Actors.StateMachineIntegrationTests.ProcessCommand_Rejection_TransitionsProcessingEventsStoredCompleted [FAIL]
      Shouldly.ShouldAssertException : result.ErrorMessage
          should contain (case insensitive comparison)
      "Domain rejection"
          but was actually
      "Protected data diagnostic details were redacted. ReasonCode=protected-data-diagnostic-redacted; Stag..."
      Stack Trace:
        tests/Hexalith.EventStore.Server.Tests/Actors/StateMachineIntegrationTests.cs(227,0): at Hexalith.EventStore.Server.Tests.Actors.StateMachineIntegrationTests.ProcessCommand_Rejection_TransitionsProcessingEventsStoredCompleted()
           at System.Runtime.ExceptionServices.ExceptionDispatchInfo.Throw()
           at System.Runtime.CompilerServices.TaskAwaiter.ThrowForNonSuccess(Task task)
           at System.Runtime.CompilerServices.TaskAwaiter.HandleNonSuccessAndDebuggerNotification(Task task, ConfigureAwaitOptions options)
        --- End of stack trace from previous location ---
           at System.Runtime.ExceptionServices.ExceptionDispatchInfo.Throw()
           at System.Runtime.CompilerServices.TaskAwaiter.ThrowForNonSuccess(Task task)
           at System.Runtime.CompilerServices.TaskAwaiter.HandleNonSuccessAndDebuggerNotification(Task task, ConfigureAwaitOptions options)
    Hexalith.EventStore.Server.Tests.Actors.StateMachineIntegrationTests.Completed_status_proves_only_an_eventful_commands_committed_end(noOp: False) [FAIL]
      System.InvalidOperationException : Sequence contains no elements
      Stack Trace:
           at System.Linq.ThrowHelper.ThrowNoElementsException()
           at System.Linq.Enumerable.Single[TSource](IEnumerable`1 source)
        tests/Hexalith.EventStore.Server.Tests/Actors/StateMachineIntegrationTests.cs(105,0): at Hexalith.EventStore.Server.Tests.Actors.StateMachineIntegrationTests.Completed_status_proves_only_an_eventful_commands_committed_end(Boolean noOp)
        --- End of stack trace from previous location ---
    Hexalith.EventStore.Server.Tests.Actors.StateMachineIntegrationTests.ProcessCommand_CrashAtProcessing_Resume_ReprocessesFromScratch [FAIL]
      Shouldly.ShouldAssertException : result.Accepted
          should be
      True
          but was
      False
      Stack Trace:
        tests/Hexalith.EventStore.Server.Tests/Actors/StateMachineIntegrationTests.cs(725,0): at Hexalith.EventStore.Server.Tests.Actors.StateMachineIntegrationTests.ProcessCommand_CrashAtProcessing_Resume_ReprocessesFromScratch()
           at System.Runtime.ExceptionServices.ExceptionDispatchInfo.Throw()
           at System.Runtime.CompilerServices.TaskAwaiter.ThrowForNonSuccess(Task task)
           at System.Runtime.CompilerServices.TaskAwaiter.HandleNonSuccessAndDebuggerNotification(Task task, ConfigureAwaitOptions options)
        --- End of stack trace from previous location ---
           at System.Runtime.ExceptionServices.ExceptionDispatchInfo.Throw()
           at System.Runtime.CompilerServices.TaskAwaiter.ThrowForNonSuccess(Task task)
           at System.Runtime.CompilerServices.TaskAwaiter.HandleNonSuccessAndDebuggerNotification(Task task, ConfigureAwaitOptions options)
    Hexalith.EventStore.Server.Tests.Actors.StateMachineIntegrationTests.ProcessCommand_PublishFailed_WithResultPayload_ScrubsCheckpointAndTerminalResult [FAIL]
      Shouldly.ShouldAssertException : result.Accepted
          should be
      True
          but was
      False
      Stack Trace:
        tests/Hexalith.EventStore.Server.Tests/Actors/StateMachineIntegrationTests.cs(690,0): at Hexalith.EventStore.Server.Tests.Actors.StateMachineIntegrationTests.ProcessCommand_PublishFailed_WithResultPayload_ScrubsCheckpointAndTerminalResult()
           at System.Runtime.ExceptionServices.ExceptionDispatchInfo.Throw()
           at System.Runtime.CompilerServices.TaskAwaiter.ThrowForNonSuccess(Task task)
           at System.Runtime.CompilerServices.TaskAwaiter.HandleNonSuccessAndDebuggerNotification(Task task, ConfigureAwaitOptions options)
        --- End of stack trace from previous location ---
           at System.Runtime.ExceptionServices.ExceptionDispatchInfo.Throw()
           at System.Runtime.CompilerServices.TaskAwaiter.ThrowForNonSuccess(Task task)
           at System.Runtime.CompilerServices.TaskAwaiter.HandleNonSuccessAndDebuggerNotification(Task task, ConfigureAwaitOptions options)
    Hexalith.EventStore.Server.Tests.Actors.StateMachineIntegrationTests.ProcessCommand_Success_WithResultPayload_PreservesTerminalPayloadButScrubsCheckpoints [FAIL]
      Shouldly.ShouldAssertException : result.Accepted
          should be
      True
          but was
      False
      Stack Trace:
        tests/Hexalith.EventStore.Server.Tests/Actors/StateMachineIntegrationTests.cs(173,0): at Hexalith.EventStore.Server.Tests.Actors.StateMachineIntegrationTests.ProcessCommand_Success_WithResultPayload_PreservesTerminalPayloadButScrubsCheckpoints()
           at System.Runtime.ExceptionServices.ExceptionDispatchInfo.Throw()
           at System.Runtime.CompilerServices.TaskAwaiter.ThrowForNonSuccess(Task task)
           at System.Runtime.CompilerServices.TaskAwaiter.HandleNonSuccessAndDebuggerNotification(Task task, ConfigureAwaitOptions options)
        --- End of stack trace from previous location ---
           at System.Runtime.ExceptionServices.ExceptionDispatchInfo.Throw()
           at System.Runtime.CompilerServices.TaskAwaiter.ThrowForNonSuccess(Task task)
           at System.Runtime.CompilerServices.TaskAwaiter.HandleNonSuccessAndDebuggerNotification(Task task, ConfigureAwaitOptions options)
    Hexalith.EventStore.Server.Tests.Actors.StateMachineIntegrationTests.ProcessCommand_StatusWriteFailure_DoesNotBlockPipeline [FAIL]
      Shouldly.ShouldAssertException : result.Accepted
          should be
      True
          but was
      False
      Stack Trace:
        tests/Hexalith.EventStore.Server.Tests/Actors/StateMachineIntegrationTests.cs(933,0): at Hexalith.EventStore.Server.Tests.Actors.StateMachineIntegrationTests.ProcessCommand_StatusWriteFailure_DoesNotBlockPipeline()
           at System.Runtime.ExceptionServices.ExceptionDispatchInfo.Throw()
           at System.Runtime.CompilerServices.TaskAwaiter.ThrowForNonSuccess(Task task)
           at System.Runtime.CompilerServices.TaskAwaiter.HandleNonSuccessAndDebuggerNotification(Task task, ConfigureAwaitOptions options)
        --- End of stack trace from previous location ---
           at System.Runtime.ExceptionServices.ExceptionDispatchInfo.Throw()
           at System.Runtime.CompilerServices.TaskAwaiter.ThrowForNonSuccess(Task task)
           at System.Runtime.CompilerServices.TaskAwaiter.HandleNonSuccessAndDebuggerNotification(Task task, ConfigureAwaitOptions options)
    Hexalith.EventStore.Server.Tests.Actors.TrustedEffectJointOffboardingTests.LegalHoldAndAuthorizedOffboardingShareSourceTargetErasure [FAIL]
      System.InvalidOperationException : Trusted effect target outcome has no durable receipt.
      Stack Trace:
        src/Hexalith.EventStore.Server/Actors/AggregateActor.cs(262,0): at Hexalith.EventStore.Server.Actors.AggregateActor.ProcessTrustedEffectAsync(TrustedEffectSubmission submission, TrustedEffectContext context, String gatewayProof)
        tests/Hexalith.EventStore.Server.Tests/Actors/TrustedEffectJointOffboardingTests.cs(79,0): at Hexalith.EventStore.Server.Tests.Actors.TrustedEffectJointOffboardingTests.LegalHoldAndAuthorizedOffboardingShareSourceTargetErasure()
        --- End of stack trace from previous location ---
{"EventId":1121,"LogLevel":"Information","Category":"Hexalith.EventStore.Server.Projections.ProjectionDiscoveryHostedService","Message":"Projection discovery: domain \u0027counter\u0027 -\u003E immediate mode (fire-and-forget after persistence)","State":{"Message":"Domain=counter,{OriginalFormat}=Projection discovery: domain \u0027{Domain}\u0027 -\u003E immediate mode (fire-and-forget after persistence)","Domain":"counter","{OriginalFormat}":"Projection discovery: domain \u0027{Domain}\u0027 -\u003E immediate mode (fire-and-forget after persistence)"}}
{"EventId":1121,"LogLevel":"Information","Category":"Hexalith.EventStore.Server.Projections.ProjectionDiscoveryHostedService","Message":"Projection discovery: domain \u0027global-administrators\u0027 -\u003E immediate mode (fire-and-forget after persistence)","State":{"Message":"Domain=global-administrators,{OriginalFormat}=Projection discovery: domain \u0027{Domain}\u0027 -\u003E immediate mode (fire-and-forget after persistence)","Domain":"global-administrators","{OriginalFormat}":"Projection discovery: domain \u0027{Domain}\u0027 -\u003E immediate mode (fire-and-forget after persistence)"}}
{"EventId":1121,"LogLevel":"Information","Category":"Hexalith.EventStore.Server.Projections.ProjectionDiscoveryHostedService","Message":"Projection discovery: domain \u0027greeting\u0027 -\u003E immediate mode (fire-and-forget after persistence)","State":{"Message":"Domain=greeting,{OriginalFormat}=Projection discovery: domain \u0027{Domain}\u0027 -\u003E immediate mode (fire-and-forget after persistence)","Domain":"greeting","{OriginalFormat}":"Projection discovery: domain \u0027{Domain}\u0027 -\u003E immediate mode (fire-and-forget after persistence)"}}
{"EventId":1121,"LogLevel":"Information","Category":"Hexalith.EventStore.Server.Projections.ProjectionDiscoveryHostedService","Message":"Projection discovery: domain \u0027tenants\u0027 -\u003E immediate mode (fire-and-forget after persistence)","State":{"Message":"Domain=tenants,{OriginalFormat}=Projection discovery: domain \u0027{Domain}\u0027 -\u003E immediate mode (fire-and-forget after persistence)","Domain":"tenants","{OriginalFormat}":"Projection discovery: domain \u0027{Domain}\u0027 -\u003E immediate mode (fire-and-forget after persistence)"}}
{"EventId":1124,"LogLevel":"Information","Category":"Hexalith.EventStore.Server.Projections.ProjectionDiscoveryHostedService","Message":"Projection discovery complete: 4 domains discovered. Default refresh interval: 0ms (0=immediate).","State":{"Message":"DefaultRefreshIntervalMs=0,DomainCount=4,{OriginalFormat}=Projection discovery complete: {DomainCount} domains discovered. Default refresh interval: {DefaultRefreshIntervalMs}ms (0=immediate).","DefaultRefreshIntervalMs":0,"DomainCount":4,"{OriginalFormat}":"Projection discovery complete: {DomainCount} domains discovered. Default refresh interval: {DefaultRefreshIntervalMs}ms (0=immediate)."}}
{"EventId":1200,"LogLevel":"Information","Category":"Hexalith.EventStore.Server.Projections.ActiveRebuildIndexCleanupService","Message":"Active-rebuild-index cleanup service started: CadenceSeconds=60, Stage=ActiveRebuildIndexCleanupServiceStarted","State":{"Message":"CadenceSeconds=60,{OriginalFormat}=Active-rebuild-index cleanup service started: CadenceSeconds={CadenceSeconds}, Stage=ActiveRebuildIndexCleanupServiceStarted","CadenceSeconds":60,"{OriginalFormat}":"Active-rebuild-index cleanup service started: CadenceSeconds={CadenceSeconds}, Stage=ActiveRebuildIndexCleanupServiceStarted"}}
{"EventId":0,"LogLevel":"Warning","Category":"Hexalith.EventStore.Configuration.DaprRateLimitConfigSync","Message":"DAPR config store unavailable for rate limit sync. Falling back to appsettings.json values.","Exception":"Dapr.DaprException: GetConfiguration operation failed: the Dapr endpoint indicated a failure. See InnerException for details.\n ---\u003E Grpc.Core.RpcException: Status(StatusCode=\u0022Unavailable\u0022, Detail=\u0022Error connecting to subchannel.\u0022, DebugException=\u0022System.Net.Sockets.SocketException: Connection refused\u0022)\n ---\u003E System.Net.Sockets.SocketException (111): Connection refused\n   at System.Net.Sockets.Socket.AwaitableSocketAsyncEventArgs.ThrowException(SocketError error, CancellationToken cancellationToken)\n   at System.Net.Sockets.Socket.AwaitableSocketAsyncEventArgs.System.Threading.Tasks.Sources.IValueTaskSource.GetResult(Int16 token)\n   at Grpc.Net.Client.Balancer.Internal.SocketConnectivitySubchannelTransport.TryConnectAsync(ConnectContext context, Int32 attempt)\n   --- End of inner exception stack trace ---\n   at Grpc.Net.Client.Balancer.Internal.ConnectionManager.PickAsync(PickContext context, Boolean waitForReady, CancellationToken cancellationToken)\n   at Grpc.Net.Client.Balancer.Internal.BalancerHttpHandler.SendAsync(HttpRequestMessage request, CancellationToken cancellationToken)\n   at Grpc.Net.Client.Internal.GrpcCall\u00602.RunCall(HttpRequestMessage request, Nullable\u00601 timeout)\n   at Dapr.Client.DaprClientGrpc.GetConfiguration(String storeName, IReadOnlyList\u00601 keys, IReadOnlyDictionary\u00602 metadata, CancellationToken cancellationToken)\n   --- End of inner exception stack trace ---\n   at Dapr.Client.DaprClientGrpc.GetConfiguration(String storeName, IReadOnlyList\u00601 keys, IReadOnlyDictionary\u00602 metadata, CancellationToken cancellationToken)\n   at Hexalith.EventStore.Configuration.DaprRateLimitConfigSync.FetchConfigurationAsync(DaprClient daprClient, String[] keys, CancellationToken cancellationToken) in /home/administrator/projects/hexalith/eventstore/src/Hexalith.EventStore/Configuration/DaprRateLimitConfigSync.cs:line 70\n   at Hexalith.EventStore.Configuration.DaprRateLimitConfigSync.LoadTenantIdsAsync(DaprClient daprClient, CancellationToken cancellationToken) in /home/administrator/projects/hexalith/eventstore/src/Hexalith.EventStore/Configuration/DaprRateLimitConfigSync.cs:line 80\n   at Hexalith.EventStore.Configuration.DaprRateLimitConfigSync.SyncTenantOverridesAsync(DaprClient daprClient, CancellationToken cancellationToken) in /home/administrator/projects/hexalith/eventstore/src/Hexalith.EventStore/Configuration/DaprRateLimitConfigSync.cs:line 158","State":{"{OriginalFormat}":"DAPR config store unavailable for rate limit sync. Falling back to appsettings.json values."}}
{"EventId":0,"LogLevel":"Information","Category":"Microsoft.Hosting.Lifetime","Message":"Application started. Press Ctrl\u002BC to shut down.","State":{"{OriginalFormat}":"Application started. Press Ctrl\u002BC to shut down."}}
{"EventId":0,"LogLevel":"Information","Category":"Microsoft.Hosting.Lifetime","Message":"Hosting environment: Development","State":{"EnvName":"Development","{OriginalFormat}":"Hosting environment: {EnvName}"}}
{"EventId":0,"LogLevel":"Information","Category":"Microsoft.Hosting.Lifetime","Message":"Content root path: /home/administrator/projects/hexalith/eventstore/src/Hexalith.EventStore","State":{"ContentRoot":"/home/administrator/projects/hexalith/eventstore/src/Hexalith.EventStore","{OriginalFormat}":"Content root path: {ContentRoot}"}}
{"EventId":9,"LogLevel":"Warning","Category":"Microsoft.AspNetCore.Routing.EndpointRoutingMiddleware","Message":"A request body size limit could not be applied. This server does not support the IHttpMaxRequestBodySizeFeature.","State":{"{OriginalFormat}":"A request body size limit could not be applied. This server does not support the IHttpMaxRequestBodySizeFeature."}}
{"EventId":1,"LogLevel":"Warning","Category":"Microsoft.AspNetCore.Mvc.Filters.RequestSizeLimitFilter","Message":"A request body size limit could not be applied. This server does not support the IHttpRequestBodySizeFeature.","State":{"{OriginalFormat}":"A request body size limit could not be applied. This server does not support the IHttpRequestBodySizeFeature."}}
{"EventId":1212,"LogLevel":"Warning","Category":"Hexalith.EventStore.Authorization.ActorRbacValidator","Message":"Actor RBAC validation denied: SecurityEvent=RbacAccessDenied, UserId=test-user, TenantId=tenant-a, Domain=counter, MessageType=IncrementCounter, MessageCategory=command, Reason=RBAC denied, Stage=ActorRbacValidationDenied","State":{"Message":"Reason=RBAC denied,MessageCategory=command,MessageType=IncrementCounter,Domain=counter,TenantId=tenant-a,UserId=test-user,SecurityEvent=RbacAccessDenied,{OriginalFormat}=Actor RBAC validation denied: SecurityEvent={SecurityEvent}, UserId={UserId}, TenantId={TenantId}, Domain={Domain}, MessageType={MessageType}, MessageCategory={MessageCategory}, Reason={Reason}, Stage=ActorRbacValidationDenied","Reason":"RBAC denied","MessageCategory":"command","MessageType":"IncrementCounter","Domain":"counter","TenantId":"tenant-a","UserId":"test-user","SecurityEvent":"RbacAccessDenied","{OriginalFormat}":"Actor RBAC validation denied: SecurityEvent={SecurityEvent}, UserId={UserId}, TenantId={TenantId}, Domain={Domain}, MessageType={MessageType}, MessageCategory={MessageCategory}, Reason={Reason}, Stage=ActorRbacValidationDenied"}}
{"EventId":1021,"LogLevel":"Warning","Category":"Hexalith.EventStore.Pipeline.AuthorizationBehavior","Message":"Authorization failed: SecurityEvent=AuthorizationDenied, CorrelationId=01M4DT8NJX9NYCJ4V5DHBBX1D4, CausationId=01M4DT8NJX9NYCJ4V5DHBBX1D4, TenantClaims=tenant-a, Tenant=tenant-a, Domain=counter, MessageType=IncrementCounter, Reason=Not authorized for tenant \u0027tenant-a\u0027. RBAC denied, SourceIp=(null), FailureLayer=MediatR.AuthorizationBehavior, Stage=AuthorizationFailed","State":{"Message":"SecurityEvent=AuthorizationDenied,FailureLayer=MediatR.AuthorizationBehavior,SourceIp=,Reason=Not authorized for tenant \u0027tenant-a\u0027. RBAC denied,MessageType=IncrementCounter,Domain=counter,Tenant=tenant-a,TenantClaims=tenant-a,CausationId=01M4DT8NJX9NYCJ4V5DHBBX1D4,CorrelationId=01M4DT8NJX9NYCJ4V5DHBBX1D4,{OriginalFormat}=Authorization failed: SecurityEvent={SecurityEvent}, CorrelationId={CorrelationId}, CausationId={CausationId}, TenantClaims={TenantClaims}, Tenant={Tenant}, Domain={Domain}, MessageType={MessageType}, Reason={Reason}, SourceIp={SourceIp}, FailureLayer={FailureLayer}, Stage=AuthorizationFailed","SecurityEvent":"AuthorizationDenied","FailureLayer":"MediatR.AuthorizationBehavior","SourceIp":null,"Reason":"Not authorized for tenant \u0027tenant-a\u0027. RBAC denied","MessageType":"IncrementCounter","Domain":"counter","Tenant":"tenant-a","TenantClaims":"tenant-a","CausationId":"01M4DT8NJX9NYCJ4V5DHBBX1D4","CorrelationId":"01M4DT8NJX9NYCJ4V5DHBBX1D4","{OriginalFormat}":"Authorization failed: SecurityEvent={SecurityEvent}, CorrelationId={CorrelationId}, CausationId={CausationId}, TenantClaims={TenantClaims}, Tenant={Tenant}, Domain={Domain}, MessageType={MessageType}, Reason={Reason}, SourceIp={SourceIp}, FailureLayer={FailureLayer}, Stage=AuthorizationFailed"}}
{"EventId":0,"LogLevel":"Warning","Category":"Hexalith.EventStore.ErrorHandling.AuthorizationExceptionHandler","Message":"Security event: SecurityEvent=AuthorizationDenied, CorrelationId=01M4DT8NJX9NYCJ4V5DHBBX1D4, Tenant=tenant-a, Domain=counter, MessageType=IncrementCounter, Reason=Not authorized for tenant \u0027tenant-a\u0027. RBAC denied","State":{"SecurityEvent":"AuthorizationDenied","CorrelationId":"01M4DT8NJX9NYCJ4V5DHBBX1D4","TenantId":"tenant-a","Domain":"counter","MessageType":"IncrementCounter","Reason":"Not authorized for tenant \u0027tenant-a\u0027. RBAC denied","{OriginalFormat}":"Security event: SecurityEvent={SecurityEvent}, CorrelationId={CorrelationId}, Tenant={TenantId}, Domain={Domain}, MessageType={MessageType}, Reason={Reason}"}}
{"EventId":9,"LogLevel":"Warning","Category":"Microsoft.AspNetCore.Routing.EndpointRoutingMiddleware","Message":"A request body size limit could not be applied. This server does not support the IHttpMaxRequestBodySizeFeature.","State":{"{OriginalFormat}":"A request body size limit could not be applied. This server does not support the IHttpMaxRequestBodySizeFeature."}}
{"EventId":1,"LogLevel":"Warning","Category":"Microsoft.AspNetCore.Mvc.Filters.RequestSizeLimitFilter","Message":"A request body size limit could not be applied. This server does not support the IHttpRequestBodySizeFeature.","State":{"{OriginalFormat}":"A request body size limit could not be applied. This server does not support the IHttpRequestBodySizeFeature."}}
{"EventId":9,"LogLevel":"Warning","Category":"Microsoft.AspNetCore.Routing.EndpointRoutingMiddleware","Message":"A request body size limit could not be applied. This server does not support the IHttpMaxRequestBodySizeFeature.","State":{"{OriginalFormat}":"A request body size limit could not be applied. This server does not support the IHttpMaxRequestBodySizeFeature."}}
{"EventId":1,"LogLevel":"Warning","Category":"Microsoft.AspNetCore.Mvc.Filters.RequestSizeLimitFilter","Message":"A request body size limit could not be applied. This server does not support the IHttpRequestBodySizeFeature.","State":{"{OriginalFormat}":"A request body size limit could not be applied. This server does not support the IHttpRequestBodySizeFeature."}}
{"EventId":1000,"LogLevel":"Information","Category":"Hexalith.EventStore.Pipeline.LoggingBehavior","Message":"MediatR pipeline entry: CorrelationId=01M4DT8NM23BH8KN0012WQPGR0, CausationId=01M4DT8NM23BH8KN0012WQPGR0, CommandType=IncrementCounter, Tenant=tenant-a, Domain=counter, AggregateId=actor-auth-4cebea95622149978ab470070978c016, SourceIp=(null), Endpoint=/api/v1/commands, UserId=test-user, ReceivedAtUtc=10/08/2026 13:11:57 \u002B00:00, Stage=PipelineEntry","State":{"Message":"ReceivedAtUtc=10/08/2026 13:11:57 \u002B00:00,UserId=test-user,Endpoint=/api/v1/commands,SourceIp=,AggregateId=actor-auth-4cebea95622149978ab470070978c016,Domain=counter,Tenant=tenant-a,CommandType=IncrementCounter,CausationId=01M4DT8NM23BH8KN0012WQPGR0,CorrelationId=01M4DT8NM23BH8KN0012WQPGR0,{OriginalFormat}=MediatR pipeline entry: CorrelationId={CorrelationId}, CausationId={CausationId}, CommandType={CommandType}, Tenant={Tenant}, Domain={Domain}, AggregateId={AggregateId}, SourceIp={SourceIp}, Endpoint={Endpoint}, UserId={UserId}, ReceivedAtUtc={ReceivedAtUtc}, Stage=PipelineEntry","ReceivedAtUtc":"10/08/2026 13:11:57 \u002B00:00","UserId":"test-user","Endpoint":"/api/v1/commands","SourceIp":null,"AggregateId":"actor-auth-4cebea95622149978ab470070978c016","Domain":"counter","Tenant":"tenant-a","CommandType":"IncrementCounter","CausationId":"01M4DT8NM23BH8KN0012WQPGR0","CorrelationId":"01M4DT8NM23BH8KN0012WQPGR0","{OriginalFormat}":"MediatR pipeline entry: CorrelationId={CorrelationId}, CausationId={CausationId}, CommandType={CommandType}, Tenant={Tenant}, Domain={Domain}, AggregateId={AggregateId}, SourceIp={SourceIp}, Endpoint={Endpoint}, UserId={UserId}, ReceivedAtUtc={ReceivedAtUtc}, Stage=PipelineEntry"}}
{"EventId":1100,"LogLevel":"Information","Category":"Hexalith.EventStore.Server.Pipeline.SubmitCommandHandler","Message":"Command received: CorrelationId=3fd21078-9b37-424d-8f3f-2aaea2abe909, CausationId=3fd21078-9b37-424d-8f3f-2aaea2abe909, CommandType=IncrementCounter, TenantId=tenant-a, Domain=counter, AggregateId=actor-auth-4cebea95622149978ab470070978c016, Stage=CommandReceived","State":{"Message":"AggregateId=actor-auth-4cebea95622149978ab470070978c016,Domain=counter,TenantId=tenant-a,CommandType=IncrementCounter,CausationId=3fd21078-9b37-424d-8f3f-2aaea2abe909,CorrelationId=3fd21078-9b37-424d-8f3f-2aaea2abe909,{OriginalFormat}=Command received: CorrelationId={CorrelationId}, CausationId={CausationId}, CommandType={CommandType}, TenantId={TenantId}, Domain={Domain}, AggregateId={AggregateId}, Stage=CommandReceived","AggregateId":"actor-auth-4cebea95622149978ab470070978c016","Domain":"counter","TenantId":"tenant-a","CommandType":"IncrementCounter","CausationId":"3fd21078-9b37-424d-8f3f-2aaea2abe909","CorrelationId":"3fd21078-9b37-424d-8f3f-2aaea2abe909","{OriginalFormat}":"Command received: CorrelationId={CorrelationId}, CausationId={CausationId}, CommandType={CommandType}, TenantId={TenantId}, Domain={Domain}, AggregateId={AggregateId}, Stage=CommandReceived"}}
{"EventId":0,"LogLevel":"Warning","Category":"Hexalith.EventStore.Server.Commands.DaprCommandStatusStore","Message":"Failed to read command status for 3fd21078-9b37-424d-8f3f-2aaea2abe909. Returning null.","Exception":"Dapr.DaprException: State operation failed: the Dapr endpoint indicated a failure. See InnerException for details.\n ---\u003E Grpc.Core.RpcException: Status(StatusCode=\u0022Unavailable\u0022, Detail=\u0022Error connecting to subchannel.\u0022, DebugException=\u0022System.Net.Sockets.SocketException: Connection refused\u0022)\n ---\u003E System.Net.Sockets.SocketException (111): Connection refused\n   at System.Net.Sockets.Socket.AwaitableSocketAsyncEventArgs.ThrowException(SocketError error, CancellationToken cancellationToken)\n   at System.Net.Sockets.Socket.AwaitableSocketAsyncEventArgs.System.Threading.Tasks.Sources.IValueTaskSource.GetResult(Int16 token)\n   at Grpc.Net.Client.Balancer.Internal.SocketConnectivitySubchannelTransport.TryConnectAsync(ConnectContext context, Int32 attempt)\n   --- End of inner exception stack trace ---\n   at Grpc.Net.Client.Balancer.Internal.ConnectionManager.PickAsync(PickContext context, Boolean waitForReady, CancellationToken cancellationToken)\n   at Grpc.Net.Client.Balancer.Internal.BalancerHttpHandler.SendAsync(HttpRequestMessage request, CancellationToken cancellationToken)\n   at Grpc.Net.Client.Internal.GrpcCall\u00602.RunCall(HttpRequestMessage request, Nullable\u00601 timeout)\n   at Dapr.Client.DaprClientGrpc.GetStateAsync[TValue](String storeName, String key, Nullable\u00601 consistencyMode, IReadOnlyDictionary\u00602 metadata, CancellationToken cancellationToken)\n   --- End of inner exception stack trace ---\n   at Dapr.Client.DaprClientGrpc.GetStateAsync[TValue](String storeName, String key, Nullable\u00601 consistencyMode, IReadOnlyDictionary\u00602 metadata, CancellationToken cancellationToken)\n   at Hexalith.EventStore.Server.Commands.DaprCommandStatusStore.ReadStatusAsync(String tenantId, String messageId, CancellationToken cancellationToken) in /home/administrator/projects/hexalith/eventstore/src/Hexalith.EventStore.Server/Commands/DaprCommandStatusStore.cs:line 66","State":{"MessageId":"3fd21078-9b37-424d-8f3f-2aaea2abe909","{OriginalFormat}":"Failed to read command status for {MessageId}. Returning null."}}
{"EventId":1101,"LogLevel":"Warning","Category":"Hexalith.EventStore.Server.Pipeline.SubmitCommandHandler","Message":"Failed to write command status: CorrelationId=3fd21078-9b37-424d-8f3f-2aaea2abe909, TenantId=tenant-a. Status tracking may be incomplete. Command processing continues. Stage=StatusWriteFailed","Exception":"Dapr.DaprException: State operation failed: the Dapr endpoint indicated a failure. See InnerException for details.\n ---\u003E Grpc.Core.RpcException: Status(StatusCode=\u0022Unavailable\u0022, Detail=\u0022Error connecting to subchannel.\u0022, DebugException=\u0022System.Net.Sockets.SocketException: Connection refused\u0022)\n ---\u003E System.Net.Sockets.SocketException (111): Connection refused\n   at System.Net.Sockets.Socket.AwaitableSocketAsyncEventArgs.ThrowException(SocketError error, CancellationToken cancellationToken)\n   at System.Net.Sockets.Socket.AwaitableSocketAsyncEventArgs.System.Threading.Tasks.Sources.IValueTaskSource.GetResult(Int16 token)\n   at Grpc.Net.Client.Balancer.Internal.SocketConnectivitySubchannelTransport.TryConnectAsync(ConnectContext context, Int32 attempt)\n   --- End of inner exception stack trace ---\n   at Grpc.Net.Client.Balancer.Internal.ConnectionManager.PickAsync(PickContext context, Boolean waitForReady, CancellationToken cancellationToken)\n   at Grpc.Net.Client.Balancer.Internal.BalancerHttpHandler.SendAsync(HttpRequestMessage request, CancellationToken cancellationToken)\n   at Grpc.Net.Client.Internal.GrpcCall\u00602.RunCall(HttpRequestMessage request, Nullable\u00601 timeout)\n   at Dapr.Client.DaprClientGrpc.MakeSaveStateCallAsync[TValue](String storeName, String key, TValue value, String etag, StateOptions stateOptions, IReadOnlyDictionary\u00602 metadata, CancellationToken cancellationToken)\n   --- End of inner exception stack trace ---\n   at Dapr.Client.DaprClientGrpc.MakeSaveStateCallAsync[TValue](String storeName, String key, TValue value, String etag, StateOptions stateOptions, IReadOnlyDictionary\u00602 metadata, CancellationToken cancellationToken)\n   at Dapr.Client.DaprClientGrpc.SaveStateAsync[TValue](String storeName, String key, TValue value, StateOptions stateOptions, IReadOnlyDictionary\u00602 metadata, CancellationToken cancellationToken)\n   at Hexalith.EventStore.Server.Commands.DaprCommandStatusStore.WriteStatusAsync(String tenantId, String messageId, CommandStatusRecord status, CancellationToken cancellationToken) in /home/administrator/projects/hexalith/eventstore/src/Hexalith.EventStore.Server/Commands/DaprCommandStatusStore.cs:line 40\n   at Hexalith.EventStore.Server.Pipeline.SubmitCommandHandler.Handle(SubmitCommand request, CancellationToken cancellationToken) in /home/administrator/projects/hexalith/eventstore/src/Hexalith.EventStore.Server/Pipeline/SubmitCommandHandler.cs:line 395","State":{"Message":"TenantId=tenant-a,CorrelationId=3fd21078-9b37-424d-8f3f-2aaea2abe909,{OriginalFormat}=Failed to write command status: CorrelationId={CorrelationId}, TenantId={TenantId}. Status tracking may be incomplete. Command processing continues. Stage=StatusWriteFailed","TenantId":"tenant-a","CorrelationId":"3fd21078-9b37-424d-8f3f-2aaea2abe909","{OriginalFormat}":"Failed to write command status: CorrelationId={CorrelationId}, TenantId={TenantId}. Status tracking may be incomplete. Command processing continues. Stage=StatusWriteFailed"}}
{"EventId":0,"LogLevel":"Warning","Category":"Hexalith.EventStore.Server.Commands.DaprCommandArchiveStore","Message":"Failed to read archived command for 3fd21078-9b37-424d-8f3f-2aaea2abe909, TenantId=tenant-a. Returning null.","Exception":"Dapr.DaprException: State operation failed: the Dapr endpoint indicated a failure. See InnerException for details.\n ---\u003E Grpc.Core.RpcException: Status(StatusCode=\u0022Unavailable\u0022, Detail=\u0022Error connecting to subchannel.\u0022, DebugException=\u0022System.Net.Sockets.SocketException: Connection refused\u0022)\n ---\u003E System.Net.Sockets.SocketException (111): Connection refused\n   at System.Net.Sockets.Socket.AwaitableSocketAsyncEventArgs.ThrowException(SocketError error, CancellationToken cancellationToken)\n   at System.Net.Sockets.Socket.AwaitableSocketAsyncEventArgs.System.Threading.Tasks.Sources.IValueTaskSource.GetResult(Int16 token)\n   at Grpc.Net.Client.Balancer.Internal.SocketConnectivitySubchannelTransport.TryConnectAsync(ConnectContext context, Int32 attempt)\n   --- End of inner exception stack trace ---\n   at Grpc.Net.Client.Balancer.Internal.ConnectionManager.PickAsync(PickContext context, Boolean waitForReady, CancellationToken cancellationToken)\n   at Grpc.Net.Client.Balancer.Internal.BalancerHttpHandler.SendAsync(HttpRequestMessage request, CancellationToken cancellationToken)\n   at Grpc.Net.Client.Internal.GrpcCall\u00602.RunCall(HttpRequestMessage request, Nullable\u00601 timeout)\n   at Dapr.Client.DaprClientGrpc.GetStateAsync[TValue](String storeName, String key, Nullable\u00601 consistencyMode, IReadOnlyDictionary\u00602 metadata, CancellationToken cancellationToken)\n   --- End of inner exception stack trace ---\n   at Dapr.Client.DaprClientGrpc.GetStateAsync[TValue](String storeName, String key, Nullable\u00601 consistencyMode, IReadOnlyDictionary\u00602 metadata, CancellationToken cancellationToken)\n   at Hexalith.EventStore.Server.Commands.DaprCommandArchiveStore.ReadCommandAsync(String tenantId, String messageId, CancellationToken cancellationToken) in /home/administrator/projects/hexalith/eventstore/src/Hexalith.EventStore.Server/Commands/DaprCommandArchiveStore.cs:line 65","State":{"MessageId":"3fd21078-9b37-424d-8f3f-2aaea2abe909","TenantId":"tenant-a","{OriginalFormat}":"Failed to read archived command for {MessageId}, TenantId={TenantId}. Returning null."}}
{"EventId":1102,"LogLevel":"Warning","Category":"Hexalith.EventStore.Server.Pipeline.SubmitCommandHandler","Message":"Failed to archive command: CorrelationId=3fd21078-9b37-424d-8f3f-2aaea2abe909, TenantId=tenant-a. Replay may be unavailable. Command processing continues. Stage=ArchiveWriteFailed","Exception":"Dapr.DaprException: State operation failed: the Dapr endpoint indicated a failure. See InnerException for details.\n ---\u003E Grpc.Core.RpcException: Status(StatusCode=\u0022Unavailable\u0022, Detail=\u0022Error connecting to subchannel.\u0022, DebugException=\u0022System.Net.Sockets.SocketException: Connection refused\u0022)\n ---\u003E System.Net.Sockets.SocketException (111): Connection refused\n   at System.Net.Sockets.Socket.AwaitableSocketAsyncEventArgs.ThrowException(SocketError error, CancellationToken cancellationToken)\n   at System.Net.Sockets.Socket.AwaitableSocketAsyncEventArgs.System.Threading.Tasks.Sources.IValueTaskSource.GetResult(Int16 token)\n   at Grpc.Net.Client.Balancer.Internal.SocketConnectivitySubchannelTransport.TryConnectAsync(ConnectContext context, Int32 attempt)\n   --- End of inner exception stack trace ---\n   at Grpc.Net.Client.Balancer.Internal.ConnectionManager.PickAsync(PickContext context, Boolean waitForReady, CancellationToken cancellationToken)\n   at Grpc.Net.Client.Balancer.Internal.BalancerHttpHandler.SendAsync(HttpRequestMessage request, CancellationToken cancellationToken)\n   at Grpc.Net.Client.Internal.GrpcCall\u00602.RunCall(HttpRequestMessage request, Nullable\u00601 timeout)\n   at Dapr.Client.DaprClientGrpc.MakeSaveStateCallAsync[TValue](String storeName, String key, TValue value, String etag, StateOptions stateOptions, IReadOnlyDictionary\u00602 metadata, CancellationToken cancellationToken)\n   --- End of inner exception stack trace ---\n   at Dapr.Client.DaprClientGrpc.MakeSaveStateCallAsync[TValue](String storeName, String key, TValue value, String etag, StateOptions stateOptions, IReadOnlyDictionary\u00602 metadata, CancellationToken cancellationToken)\n   at Dapr.Client.DaprClientGrpc.SaveStateAsync[TValue](String storeName, String key, TValue value, StateOptions stateOptions, IReadOnlyDictionary\u00602 metadata, CancellationToken cancellationToken)\n   at Hexalith.EventStore.Server.Commands.DaprCommandArchiveStore.WriteCommandAsync(String tenantId, String messageId, ArchivedCommand command, CancellationToken cancellationToken) in /home/administrator/projects/hexalith/eventstore/src/Hexalith.EventStore.Server/Commands/DaprCommandArchiveStore.cs:line 40\n   at Hexalith.EventStore.Server.Pipeline.SubmitCommandHandler.Handle(SubmitCommand request, CancellationToken cancellationToken) in /home/administrator/projects/hexalith/eventstore/src/Hexalith.EventStore.Server/Pipeline/SubmitCommandHandler.cs:line 429","State":{"Message":"TenantId=tenant-a,CorrelationId=3fd21078-9b37-424d-8f3f-2aaea2abe909,{OriginalFormat}=Failed to archive command: CorrelationId={CorrelationId}, TenantId={TenantId}. Replay may be unavailable. Command processing continues. Stage=ArchiveWriteFailed","TenantId":"tenant-a","CorrelationId":"3fd21078-9b37-424d-8f3f-2aaea2abe909","{OriginalFormat}":"Failed to archive command: CorrelationId={CorrelationId}, TenantId={TenantId}. Replay may be unavailable. Command processing continues. Stage=ArchiveWriteFailed"}}
{"EventId":1110,"LogLevel":"Warning","Category":"Hexalith.EventStore.Server.Pipeline.SubmitCommandHandler","Message":"Correlation index write failed: MessageId=3fd21078-9b37-424d-8f3f-2aaea2abe909, CorrelationId=3fd21078-9b37-424d-8f3f-2aaea2abe909, TenantId=tenant-a. Message-primary lookup remains authoritative. Stage=CorrelationIndexWriteFailed","Exception":"Dapr.DaprException: State operation failed: the Dapr endpoint indicated a failure. See InnerException for details.\n ---\u003E Grpc.Core.RpcException: Status(StatusCode=\u0022Unavailable\u0022, Detail=\u0022Error connecting to subchannel.\u0022, DebugException=\u0022System.Net.Sockets.SocketException: Connection refused\u0022)\n ---\u003E System.Net.Sockets.SocketException (111): Connection refused\n   at System.Net.Sockets.Socket.AwaitableSocketAsyncEventArgs.ThrowException(SocketError error, CancellationToken cancellationToken)\n   at System.Net.Sockets.Socket.AwaitableSocketAsyncEventArgs.System.Threading.Tasks.Sources.IValueTaskSource.GetResult(Int16 token)\n   at Grpc.Net.Client.Balancer.Internal.SocketConnectivitySubchannelTransport.TryConnectAsync(ConnectContext context, Int32 attempt)\n   --- End of inner exception stack trace ---\n   at Grpc.Net.Client.Balancer.Internal.ConnectionManager.PickAsync(PickContext context, Boolean waitForReady, CancellationToken cancellationToken)\n   at Grpc.Net.Client.Balancer.Internal.BalancerHttpHandler.SendAsync(HttpRequestMessage request, CancellationToken cancellationToken)\n   at Grpc.Net.Client.Internal.GrpcCall\u00602.RunCall(HttpRequestMessage request, Nullable\u00601 timeout)\n   at Dapr.Client.DaprClientGrpc.GetStateAndETagAsync[TValue](String storeName, String key, Nullable\u00601 consistencyMode, IReadOnlyDictionary\u00602 metadata, CancellationToken cancellationToken)\n   --- End of inner exception stack trace ---\n   at Dapr.Client.DaprClientGrpc.GetStateAndETagAsync[TValue](String storeName, String key, Nullable\u00601 consistencyMode, IReadOnlyDictionary\u00602 metadata, CancellationToken cancellationToken)\n   at Hexalith.EventStore.Server.Commands.DaprCommandCorrelationIndex.AddAsync(String tenantId, String correlationId, String messageId, CancellationToken cancellationToken) in /home/administrator/projects/hexalith/eventstore/src/Hexalith.EventStore.Server/Commands/DaprCommandCorrelationIndex.cs:line 45\n   at Hexalith.EventStore.Server.Pipeline.SubmitCommandHandler.Handle(SubmitCommand request, CancellationToken cancellationToken) in /home/administrator/projects/hexalith/eventstore/src/Hexalith.EventStore.Server/Pipeline/SubmitCommandHandler.cs:line 453","State":{"Message":"TenantId=tenant-a,CorrelationId=3fd21078-9b37-424d-8f3f-2aaea2abe909,MessageId=3fd21078-9b37-424d-8f3f-2aaea2abe909,{OriginalFormat}=Correlation index write failed: MessageId={MessageId}, CorrelationId={CorrelationId}, TenantId={TenantId}. Message-primary lookup remains authoritative. Stage=CorrelationIndexWriteFailed","TenantId":"tenant-a","CorrelationId":"3fd21078-9b37-424d-8f3f-2aaea2abe909","MessageId":"3fd21078-9b37-424d-8f3f-2aaea2abe909","{OriginalFormat}":"Correlation index write failed: MessageId={MessageId}, CorrelationId={CorrelationId}, TenantId={TenantId}. Message-primary lookup remains authoritative. Stage=CorrelationIndexWriteFailed"}}
{"EventId":0,"LogLevel":"Error","Category":"Hexalith.EventStore.Commands.DaprCommandActivityTracker","Message":"Failed to track command activity: CorrelationId=3fd21078-9b37-424d-8f3f-2aaea2abe909, ExceptionType=DaprException","Exception":"Dapr.DaprException: State operation failed: the Dapr endpoint indicated a failure. See InnerException for details.\n ---\u003E Grpc.Core.RpcException: Status(StatusCode=\u0022Unavailable\u0022, Detail=\u0022Error connecting to subchannel.\u0022, DebugException=\u0022System.Net.Sockets.SocketException: Connection refused\u0022)\n ---\u003E System.Net.Sockets.SocketException (111): Connection refused\n   at System.Net.Sockets.Socket.AwaitableSocketAsyncEventArgs.ThrowException(SocketError error, CancellationToken cancellationToken)\n   at System.Net.Sockets.Socket.AwaitableSocketAsyncEventArgs.System.Threading.Tasks.Sources.IValueTaskSource.GetResult(Int16 token)\n   at Grpc.Net.Client.Balancer.Internal.SocketConnectivitySubchannelTransport.TryConnectAsync(ConnectContext context, Int32 attempt)\n   --- End of inner exception stack trace ---\n   at Grpc.Net.Client.Balancer.Internal.ConnectionManager.PickAsync(PickContext context, Boolean waitForReady, CancellationToken cancellationToken)\n   at Grpc.Net.Client.Balancer.Internal.BalancerHttpHandler.SendAsync(HttpRequestMessage request, CancellationToken cancellationToken)\n   at Grpc.Net.Client.Internal.GrpcCall\u00602.RunCall(HttpRequestMessage request, Nullable\u00601 timeout)\n   at Dapr.Client.DaprClientGrpc.GetStateAndETagAsync[TValue](String storeName, String key, Nullable\u00601 consistencyMode, IReadOnlyDictionary\u00602 metadata, CancellationToken cancellationToken)\n   --- End of inner exception stack trace ---\n   at Dapr.Client.DaprClientGrpc.GetStateAndETagAsync[TValue](String storeName, String key, Nullable\u00601 consistencyMode, IReadOnlyDictionary\u00602 metadata, CancellationToken cancellationToken)\n   at Hexalith.EventStore.Commands.DaprCommandActivityTracker.TryUpsertActivityIndexAsync(CommandSummary summary, CancellationToken ct) in /home/administrator/projects/hexalith/eventstore/src/Hexalith.EventStore/Commands/DaprCommandActivityTracker.cs:line 162\n   at Hexalith.EventStore.Commands.DaprCommandActivityTracker.TrackAsync(String tenantId, String domain, String aggregateId, String correlationId, String commandType, CommandStatus status, DateTimeOffset timestamp, Nullable\u00601 eventCount, String failureReason, CancellationToken ct) in /home/administrator/projects/hexalith/eventstore/src/Hexalith.EventStore/Commands/DaprCommandActivityTracker.cs:line 48","State":{"CorrelationId":"3fd21078-9b37-424d-8f3f-2aaea2abe909","ExceptionType":"DaprException","{OriginalFormat}":"Failed to track command activity: CorrelationId={CorrelationId}, ExceptionType={ExceptionType}"}}
{"EventId":1001,"LogLevel":"Information","Category":"Hexalith.EventStore.Pipeline.LoggingBehavior","Message":"MediatR pipeline exit: CorrelationId=01M4DT8NM23BH8KN0012WQPGR0, CausationId=01M4DT8NM23BH8KN0012WQPGR0, CommandType=IncrementCounter, Tenant=tenant-a, Domain=counter, AggregateId=actor-auth-4cebea95622149978ab470070978c016, DurationMs=20.9831, Stage=PipelineExit","State":{"Message":"DurationMs=20.9831,AggregateId=actor-auth-4cebea95622149978ab470070978c016,Domain=counter,Tenant=tenant-a,CommandType=IncrementCounter,CausationId=01M4DT8NM23BH8KN0012WQPGR0,CorrelationId=01M4DT8NM23BH8KN0012WQPGR0,{OriginalFormat}=MediatR pipeline exit: CorrelationId={CorrelationId}, CausationId={CausationId}, CommandType={CommandType}, Tenant={Tenant}, Domain={Domain}, AggregateId={AggregateId}, DurationMs={DurationMs}, Stage=PipelineExit","DurationMs":20.9831,"AggregateId":"actor-auth-4cebea95622149978ab470070978c016","Domain":"counter","Tenant":"tenant-a","CommandType":"IncrementCounter","CausationId":"01M4DT8NM23BH8KN0012WQPGR0","CorrelationId":"01M4DT8NM23BH8KN0012WQPGR0","{OriginalFormat}":"MediatR pipeline exit: CorrelationId={CorrelationId}, CausationId={CausationId}, CommandType={CommandType}, Tenant={Tenant}, Domain={Domain}, AggregateId={AggregateId}, DurationMs={DurationMs}, Stage=PipelineExit"}}
{"EventId":9,"LogLevel":"Warning","Category":"Microsoft.AspNetCore.Routing.EndpointRoutingMiddleware","Message":"A request body size limit could not be applied. This server does not support the IHttpMaxRequestBodySizeFeature.","State":{"{OriginalFormat}":"A request body size limit could not be applied. This server does not support the IHttpMaxRequestBodySizeFeature."}}
{"EventId":1,"LogLevel":"Warning","Category":"Microsoft.AspNetCore.Mvc.Filters.RequestSizeLimitFilter","Message":"A request body size limit could not be applied. This server does not support the IHttpRequestBodySizeFeature.","State":{"{OriginalFormat}":"A request body size limit could not be applied. This server does not support the IHttpRequestBodySizeFeature."}}
{"EventId":1202,"LogLevel":"Warning","Category":"Hexalith.EventStore.Authorization.ActorTenantValidator","Message":"Actor tenant validation denied: SecurityEvent=TenantAccessDenied, UserId=test-user, TenantId=tenant-a, Reason=Tenant denied, Stage=ActorTenantValidationDenied","State":{"Message":"Reason=Tenant denied,TenantId=tenant-a,UserId=test-user,SecurityEvent=TenantAccessDenied,{OriginalFormat}=Actor tenant validation denied: SecurityEvent={SecurityEvent}, UserId={UserId}, TenantId={TenantId}, Reason={Reason}, Stage=ActorTenantValidationDenied","Reason":"Tenant denied","TenantId":"tenant-a","UserId":"test-user","SecurityEvent":"TenantAccessDenied","{OriginalFormat}":"Actor tenant validation denied: SecurityEvent={SecurityEvent}, UserId={UserId}, TenantId={TenantId}, Reason={Reason}, Stage=ActorTenantValidationDenied"}}
{"EventId":1021,"LogLevel":"Warning","Category":"Hexalith.EventStore.Pipeline.AuthorizationBehavior","Message":"Authorization failed: SecurityEvent=AuthorizationDenied, CorrelationId=01M4DT8NN2R6359WBS789ZDADS, CausationId=01M4DT8NN2R6359WBS789ZDADS, TenantClaims=N/A, Tenant=tenant-a, Domain=counter, MessageType=IncrementCounter, Reason=Not authorized for tenant \u0027tenant-a\u0027. Tenant denied, SourceIp=(null), FailureLayer=MediatR.AuthorizationBehavior, Stage=AuthorizationFailed","State":{"Message":"SecurityEvent=AuthorizationDenied,FailureLayer=MediatR.AuthorizationBehavior,SourceIp=,Reason=Not authorized for tenant \u0027tenant-a\u0027. Tenant denied,MessageType=IncrementCounter,Domain=counter,Tenant=tenant-a,TenantClaims=N/A,CausationId=01M4DT8NN2R6359WBS789ZDADS,CorrelationId=01M4DT8NN2R6359WBS789ZDADS,{OriginalFormat}=Authorization failed: SecurityEvent={SecurityEvent}, CorrelationId={CorrelationId}, CausationId={CausationId}, TenantClaims={TenantClaims}, Tenant={Tenant}, Domain={Domain}, MessageType={MessageType}, Reason={Reason}, SourceIp={SourceIp}, FailureLayer={FailureLayer}, Stage=AuthorizationFailed","SecurityEvent":"AuthorizationDenied","FailureLayer":"MediatR.AuthorizationBehavior","SourceIp":null,"Reason":"Not authorized for tenant \u0027tenant-a\u0027. Tenant denied","MessageType":"IncrementCounter","Domain":"counter","Tenant":"tenant-a","TenantClaims":"N/A","CausationId":"01M4DT8NN2R6359WBS789ZDADS","CorrelationId":"01M4DT8NN2R6359WBS789ZDADS","{OriginalFormat}":"Authorization failed: SecurityEvent={SecurityEvent}, CorrelationId={CorrelationId}, CausationId={CausationId}, TenantClaims={TenantClaims}, Tenant={Tenant}, Domain={Domain}, MessageType={MessageType}, Reason={Reason}, SourceIp={SourceIp}, FailureLayer={FailureLayer}, Stage=AuthorizationFailed"}}
{"EventId":0,"LogLevel":"Warning","Category":"Hexalith.EventStore.ErrorHandling.AuthorizationExceptionHandler","Message":"Security event: SecurityEvent=AuthorizationDenied, CorrelationId=01M4DT8NN2R6359WBS789ZDADS, Tenant=tenant-a, Domain=counter, MessageType=IncrementCounter, Reason=Not authorized for tenant \u0027tenant-a\u0027. Tenant denied","State":{"SecurityEvent":"AuthorizationDenied","CorrelationId":"01M4DT8NN2R6359WBS789ZDADS","TenantId":"tenant-a","Domain":"counter","MessageType":"IncrementCounter","Reason":"Not authorized for tenant \u0027tenant-a\u0027. Tenant denied","{OriginalFormat}":"Security event: SecurityEvent={SecurityEvent}, CorrelationId={CorrelationId}, Tenant={TenantId}, Domain={Domain}, MessageType={MessageType}, Reason={Reason}"}}
{"EventId":9,"LogLevel":"Warning","Category":"Microsoft.AspNetCore.Routing.EndpointRoutingMiddleware","Message":"A request body size limit could not be applied. This server does not support the IHttpMaxRequestBodySizeFeature.","State":{"{OriginalFormat}":"A request body size limit could not be applied. This server does not support the IHttpMaxRequestBodySizeFeature."}}
{"EventId":1,"LogLevel":"Warning","Category":"Microsoft.AspNetCore.Mvc.Filters.RequestSizeLimitFilter","Message":"A request body size limit could not be applied. This server does not support the IHttpRequestBodySizeFeature.","State":{"{OriginalFormat}":"A request body size limit could not be applied. This server does not support the IHttpRequestBodySizeFeature."}}
{"EventId":1000,"LogLevel":"Information","Category":"Hexalith.EventStore.Pipeline.LoggingBehavior","Message":"MediatR pipeline entry: CorrelationId=01M4DT8NNF00KANNBS9QJY2ZTC, CausationId=01M4DT8NNF00KANNBS9QJY2ZTC, CommandType=IncrementCounter, Tenant=tenant-a, Domain=counter, AggregateId=actor-auth-2944ff2074f9458e8edc2a4176c78b32, SourceIp=(null), Endpoint=/api/v1/commands, UserId=test-user, ReceivedAtUtc=10/08/2026 13:11:57 \u002B00:00, Stage=PipelineEntry","State":{"Message":"ReceivedAtUtc=10/08/2026 13:11:57 \u002B00:00,UserId=test-user,Endpoint=/api/v1/commands,SourceIp=,AggregateId=actor-auth-2944ff2074f9458e8edc2a4176c78b32,Domain=counter,Tenant=tenant-a,CommandType=IncrementCounter,CausationId=01M4DT8NNF00KANNBS9QJY2ZTC,CorrelationId=01M4DT8NNF00KANNBS9QJY2ZTC,{OriginalFormat}=MediatR pipeline entry: CorrelationId={CorrelationId}, CausationId={CausationId}, CommandType={CommandType}, Tenant={Tenant}, Domain={Domain}, AggregateId={AggregateId}, SourceIp={SourceIp}, Endpoint={Endpoint}, UserId={UserId}, ReceivedAtUtc={ReceivedAtUtc}, Stage=PipelineEntry","ReceivedAtUtc":"10/08/2026 13:11:57 \u002B00:00","UserId":"test-user","Endpoint":"/api/v1/commands","SourceIp":null,"AggregateId":"actor-auth-2944ff2074f9458e8edc2a4176c78b32","Domain":"counter","Tenant":"tenant-a","CommandType":"IncrementCounter","CausationId":"01M4DT8NNF00KANNBS9QJY2ZTC","CorrelationId":"01M4DT8NNF00KANNBS9QJY2ZTC","{OriginalFormat}":"MediatR pipeline entry: CorrelationId={CorrelationId}, CausationId={CausationId}, CommandType={CommandType}, Tenant={Tenant}, Domain={Domain}, AggregateId={AggregateId}, SourceIp={SourceIp}, Endpoint={Endpoint}, UserId={UserId}, ReceivedAtUtc={ReceivedAtUtc}, Stage=PipelineEntry"}}
{"EventId":1100,"LogLevel":"Information","Category":"Hexalith.EventStore.Server.Pipeline.SubmitCommandHandler","Message":"Command received: CorrelationId=bff50324-6053-4406-be9e-b0e28ec36bdd, CausationId=bff50324-6053-4406-be9e-b0e28ec36bdd, CommandType=IncrementCounter, TenantId=tenant-a, Domain=counter, AggregateId=actor-auth-2944ff2074f9458e8edc2a4176c78b32, Stage=CommandReceived","State":{"Message":"AggregateId=actor-auth-2944ff2074f9458e8edc2a4176c78b32,Domain=counter,TenantId=tenant-a,CommandType=IncrementCounter,CausationId=bff50324-6053-4406-be9e-b0e28ec36bdd,CorrelationId=bff50324-6053-4406-be9e-b0e28ec36bdd,{OriginalFormat}=Command received: CorrelationId={CorrelationId}, CausationId={CausationId}, CommandType={CommandType}, TenantId={TenantId}, Domain={Domain}, AggregateId={AggregateId}, Stage=CommandReceived","AggregateId":"actor-auth-2944ff2074f9458e8edc2a4176c78b32","Domain":"counter","TenantId":"tenant-a","CommandType":"IncrementCounter","CausationId":"bff50324-6053-4406-be9e-b0e28ec36bdd","CorrelationId":"bff50324-6053-4406-be9e-b0e28ec36bdd","{OriginalFormat}":"Command received: CorrelationId={CorrelationId}, CausationId={CausationId}, CommandType={CommandType}, TenantId={TenantId}, Domain={Domain}, AggregateId={AggregateId}, Stage=CommandReceived"}}
{"EventId":0,"LogLevel":"Warning","Category":"Hexalith.EventStore.Server.Commands.DaprCommandStatusStore","Message":"Failed to read command status for bff50324-6053-4406-be9e-b0e28ec36bdd. Returning null.","Exception":"Dapr.DaprException: State operation failed: the Dapr endpoint indicated a failure. See InnerException for details.\n ---\u003E Grpc.Core.RpcException: Status(StatusCode=\u0022Unavailable\u0022, Detail=\u0022Error connecting to subchannel.\u0022, DebugException=\u0022System.Net.Sockets.SocketException: Connection refused\u0022)\n ---\u003E System.Net.Sockets.SocketException (111): Connection refused\n   at System.Net.Sockets.Socket.AwaitableSocketAsyncEventArgs.ThrowException(SocketError error, CancellationToken cancellationToken)\n   at System.Net.Sockets.Socket.AwaitableSocketAsyncEventArgs.System.Threading.Tasks.Sources.IValueTaskSource.GetResult(Int16 token)\n   at Grpc.Net.Client.Balancer.Internal.SocketConnectivitySubchannelTransport.TryConnectAsync(ConnectContext context, Int32 attempt)\n   --- End of inner exception stack trace ---\n   at Grpc.Net.Client.Balancer.Internal.ConnectionManager.PickAsync(PickContext context, Boolean waitForReady, CancellationToken cancellationToken)\n   at Grpc.Net.Client.Balancer.Internal.BalancerHttpHandler.SendAsync(HttpRequestMessage request, CancellationToken cancellationToken)\n   at Grpc.Net.Client.Internal.GrpcCall\u00602.RunCall(HttpRequestMessage request, Nullable\u00601 timeout)\n   at Dapr.Client.DaprClientGrpc.GetStateAsync[TValue](String storeName, String key, Nullable\u00601 consistencyMode, IReadOnlyDictionary\u00602 metadata, CancellationToken cancellationToken)\n   --- End of inner exception stack trace ---\n   at Dapr.Client.DaprClientGrpc.GetStateAsync[TValue](String storeName, String key, Nullable\u00601 consistencyMode, IReadOnlyDictionary\u00602 metadata, CancellationToken cancellationToken)\n   at Hexalith.EventStore.Server.Commands.DaprCommandStatusStore.ReadStatusAsync(String tenantId, String messageId, CancellationToken cancellationToken) in /home/administrator/projects/hexalith/eventstore/src/Hexalith.EventStore.Server/Commands/DaprCommandStatusStore.cs:line 66","State":{"MessageId":"bff50324-6053-4406-be9e-b0e28ec36bdd","{OriginalFormat}":"Failed to read command status for {MessageId}. Returning null."}}
{"EventId":1101,"LogLevel":"Warning","Category":"Hexalith.EventStore.Server.Pipeline.SubmitCommandHandler","Message":"Failed to write command status: CorrelationId=bff50324-6053-4406-be9e-b0e28ec36bdd, TenantId=tenant-a. Status tracking may be incomplete. Command processing continues. Stage=StatusWriteFailed","Exception":"Dapr.DaprException: State operation failed: the Dapr endpoint indicated a failure. See InnerException for details.\n ---\u003E Grpc.Core.RpcException: Status(StatusCode=\u0022Unavailable\u0022, Detail=\u0022Error connecting to subchannel.\u0022, DebugException=\u0022System.Net.Sockets.SocketException: Connection refused\u0022)\n ---\u003E System.Net.Sockets.SocketException (111): Connection refused\n   at System.Net.Sockets.Socket.AwaitableSocketAsyncEventArgs.ThrowException(SocketError error, CancellationToken cancellationToken)\n   at System.Net.Sockets.Socket.AwaitableSocketAsyncEventArgs.System.Threading.Tasks.Sources.IValueTaskSource.GetResult(Int16 token)\n   at Grpc.Net.Client.Balancer.Internal.SocketConnectivitySubchannelTransport.TryConnectAsync(ConnectContext context, Int32 attempt)\n   --- End of inner exception stack trace ---\n   at Grpc.Net.Client.Balancer.Internal.ConnectionManager.PickAsync(PickContext context, Boolean waitForReady, CancellationToken cancellationToken)\n   at Grpc.Net.Client.Balancer.Internal.BalancerHttpHandler.SendAsync(HttpRequestMessage request, CancellationToken cancellationToken)\n   at Grpc.Net.Client.Internal.GrpcCall\u00602.RunCall(HttpRequestMessage request, Nullable\u00601 timeout)\n   at Dapr.Client.DaprClientGrpc.MakeSaveStateCallAsync[TValue](String storeName, String key, TValue value, String etag, StateOptions stateOptions, IReadOnlyDictionary\u00602 metadata, CancellationToken cancellationToken)\n   --- End of inner exception stack trace ---\n   at Dapr.Client.DaprClientGrpc.MakeSaveStateCallAsync[TValue](String storeName, String key, TValue value, String etag, StateOptions stateOptions, IReadOnlyDictionary\u00602 metadata, CancellationToken cancellationToken)\n   at Dapr.Client.DaprClientGrpc.SaveStateAsync[TValue](String storeName, String key, TValue value, StateOptions stateOptions, IReadOnlyDictionary\u00602 metadata, CancellationToken cancellationToken)\n   at Hexalith.EventStore.Server.Commands.DaprCommandStatusStore.WriteStatusAsync(String tenantId, String messageId, CommandStatusRecord status, CancellationToken cancellationToken) in /home/administrator/projects/hexalith/eventstore/src/Hexalith.EventStore.Server/Commands/DaprCommandStatusStore.cs:line 40\n   at Hexalith.EventStore.Server.Pipeline.SubmitCommandHandler.Handle(SubmitCommand request, CancellationToken cancellationToken) in /home/administrator/projects/hexalith/eventstore/src/Hexalith.EventStore.Server/Pipeline/SubmitCommandHandler.cs:line 395","State":{"Message":"TenantId=tenant-a,CorrelationId=bff50324-6053-4406-be9e-b0e28ec36bdd,{OriginalFormat}=Failed to write command status: CorrelationId={CorrelationId}, TenantId={TenantId}. Status tracking may be incomplete. Command processing continues. Stage=StatusWriteFailed","TenantId":"tenant-a","CorrelationId":"bff50324-6053-4406-be9e-b0e28ec36bdd","{OriginalFormat}":"Failed to write command status: CorrelationId={CorrelationId}, TenantId={TenantId}. Status tracking may be incomplete. Command processing continues. Stage=StatusWriteFailed"}}
{"EventId":0,"LogLevel":"Warning","Category":"Hexalith.EventStore.Server.Commands.DaprCommandArchiveStore","Message":"Failed to read archived command for bff50324-6053-4406-be9e-b0e28ec36bdd, TenantId=tenant-a. Returning null.","Exception":"Dapr.DaprException: State operation failed: the Dapr endpoint indicated a failure. See InnerException for details.\n ---\u003E Grpc.Core.RpcException: Status(StatusCode=\u0022Unavailable\u0022, Detail=\u0022Error connecting to subchannel.\u0022, DebugException=\u0022System.Net.Sockets.SocketException: Connection refused\u0022)\n ---\u003E System.Net.Sockets.SocketException (111): Connection refused\n   at System.Net.Sockets.Socket.AwaitableSocketAsyncEventArgs.ThrowException(SocketError error, CancellationToken cancellationToken)\n   at System.Net.Sockets.Socket.AwaitableSocketAsyncEventArgs.System.Threading.Tasks.Sources.IValueTaskSource.GetResult(Int16 token)\n   at Grpc.Net.Client.Balancer.Internal.SocketConnectivitySubchannelTransport.TryConnectAsync(ConnectContext context, Int32 attempt)\n   --- End of inner exception stack trace ---\n   at Grpc.Net.Client.Balancer.Internal.ConnectionManager.PickAsync(PickContext context, Boolean waitForReady, CancellationToken cancellationToken)\n   at Grpc.Net.Client.Balancer.Internal.BalancerHttpHandler.SendAsync(HttpRequestMessage request, CancellationToken cancellationToken)\n   at Grpc.Net.Client.Internal.GrpcCall\u00602.RunCall(HttpRequestMessage request, Nullable\u00601 timeout)\n   at Dapr.Client.DaprClientGrpc.GetStateAsync[TValue](String storeName, String key, Nullable\u00601 consistencyMode, IReadOnlyDictionary\u00602 metadata, CancellationToken cancellationToken)\n   --- End of inner exception stack trace ---\n   at Dapr.Client.DaprClientGrpc.GetStateAsync[TValue](String storeName, String key, Nullable\u00601 consistencyMode, IReadOnlyDictionary\u00602 metadata, CancellationToken cancellationToken)\n   at Hexalith.EventStore.Server.Commands.DaprCommandArchiveStore.ReadCommandAsync(String tenantId, String messageId, CancellationToken cancellationToken) in /home/administrator/projects/hexalith/eventstore/src/Hexalith.EventStore.Server/Commands/DaprCommandArchiveStore.cs:line 65","State":{"MessageId":"bff50324-6053-4406-be9e-b0e28ec36bdd","TenantId":"tenant-a","{OriginalFormat}":"Failed to read archived command for {MessageId}, TenantId={TenantId}. Returning null."}}
{"EventId":1102,"LogLevel":"Warning","Category":"Hexalith.EventStore.Server.Pipeline.SubmitCommandHandler","Message":"Failed to archive command: CorrelationId=bff50324-6053-4406-be9e-b0e28ec36bdd, TenantId=tenant-a. Replay may be unavailable. Command processing continues. Stage=ArchiveWriteFailed","Exception":"Dapr.DaprException: State operation failed: the Dapr endpoint indicated a failure. See InnerException for details.\n ---\u003E Grpc.Core.RpcException: Status(StatusCode=\u0022Unavailable\u0022, Detail=\u0022Error connecting to subchannel.\u0022, DebugException=\u0022System.Net.Sockets.SocketException: Connection refused\u0022)\n ---\u003E System.Net.Sockets.SocketException (111): Connection refused\n   at System.Net.Sockets.Socket.AwaitableSocketAsyncEventArgs.ThrowException(SocketError error, CancellationToken cancellationToken)\n   at System.Net.Sockets.Socket.AwaitableSocketAsyncEventArgs.System.Threading.Tasks.Sources.IValueTaskSource.GetResult(Int16 token)\n   at Grpc.Net.Client.Balancer.Internal.SocketConnectivitySubchannelTransport.TryConnectAsync(ConnectContext context, Int32 attempt)\n   --- End of inner exception stack trace ---\n   at Grpc.Net.Client.Balancer.Internal.ConnectionManager.PickAsync(PickContext context, Boolean waitForReady, CancellationToken cancellationToken)\n   at Grpc.Net.Client.Balancer.Internal.BalancerHttpHandler.SendAsync(HttpRequestMessage request, CancellationToken cancellationToken)\n   at Grpc.Net.Client.Internal.GrpcCall\u00602.RunCall(HttpRequestMessage request, Nullable\u00601 timeout)\n   at Dapr.Client.DaprClientGrpc.MakeSaveStateCallAsync[TValue](String storeName, String key, TValue value, String etag, StateOptions stateOptions, IReadOnlyDictionary\u00602 metadata, CancellationToken cancellationToken)\n   --- End of inner exception stack trace ---\n   at Dapr.Client.DaprClientGrpc.MakeSaveStateCallAsync[TValue](String storeName, String key, TValue value, String etag, StateOptions stateOptions, IReadOnlyDictionary\u00602 metadata, CancellationToken cancellationToken)\n   at Dapr.Client.DaprClientGrpc.SaveStateAsync[TValue](String storeName, String key, TValue value, StateOptions stateOptions, IReadOnlyDictionary\u00602 metadata, CancellationToken cancellationToken)\n   at Hexalith.EventStore.Server.Commands.DaprCommandArchiveStore.WriteCommandAsync(String tenantId, String messageId, ArchivedCommand command, CancellationToken cancellationToken) in /home/administrator/projects/hexalith/eventstore/src/Hexalith.EventStore.Server/Commands/DaprCommandArchiveStore.cs:line 40\n   at Hexalith.EventStore.Server.Pipeline.SubmitCommandHandler.Handle(SubmitCommand request, CancellationToken cancellationToken) in /home/administrator/projects/hexalith/eventstore/src/Hexalith.EventStore.Server/Pipeline/SubmitCommandHandler.cs:line 429","State":{"Message":"TenantId=tenant-a,CorrelationId=bff50324-6053-4406-be9e-b0e28ec36bdd,{OriginalFormat}=Failed to archive command: CorrelationId={CorrelationId}, TenantId={TenantId}. Replay may be unavailable. Command processing continues. Stage=ArchiveWriteFailed","TenantId":"tenant-a","CorrelationId":"bff50324-6053-4406-be9e-b0e28ec36bdd","{OriginalFormat}":"Failed to archive command: CorrelationId={CorrelationId}, TenantId={TenantId}. Replay may be unavailable. Command processing continues. Stage=ArchiveWriteFailed"}}
{"EventId":1110,"LogLevel":"Warning","Category":"Hexalith.EventStore.Server.Pipeline.SubmitCommandHandler","Message":"Correlation index write failed: MessageId=bff50324-6053-4406-be9e-b0e28ec36bdd, CorrelationId=bff50324-6053-4406-be9e-b0e28ec36bdd, TenantId=tenant-a. Message-primary lookup remains authoritative. Stage=CorrelationIndexWriteFailed","Exception":"Dapr.DaprException: State operation failed: the Dapr endpoint indicated a failure. See InnerException for details.\n ---\u003E Grpc.Core.RpcException: Status(StatusCode=\u0022Unavailable\u0022, Detail=\u0022Error connecting to subchannel.\u0022, DebugException=\u0022System.Net.Sockets.SocketException: Connection refused\u0022)\n ---\u003E System.Net.Sockets.SocketException (111): Connection refused\n   at System.Net.Sockets.Socket.AwaitableSocketAsyncEventArgs.ThrowException(SocketError error, CancellationToken cancellationToken)\n   at System.Net.Sockets.Socket.AwaitableSocketAsyncEventArgs.System.Threading.Tasks.Sources.IValueTaskSource.GetResult(Int16 token)\n   at Grpc.Net.Client.Balancer.Internal.SocketConnectivitySubchannelTransport.TryConnectAsync(ConnectContext context, Int32 attempt)\n   --- End of inner exception stack trace ---\n   at Grpc.Net.Client.Balancer.Internal.ConnectionManager.PickAsync(PickContext context, Boolean waitForReady, CancellationToken cancellationToken)\n   at Grpc.Net.Client.Balancer.Internal.BalancerHttpHandler.SendAsync(HttpRequestMessage request, CancellationToken cancellationToken)\n   at Grpc.Net.Client.Internal.GrpcCall\u00602.RunCall(HttpRequestMessage request, Nullable\u00601 timeout)\n   at Dapr.Client.DaprClientGrpc.GetStateAndETagAsync[TValue](String storeName, String key, Nullable\u00601 consistencyMode, IReadOnlyDictionary\u00602 metadata, CancellationToken cancellationToken)\n   --- End of inner exception stack trace ---\n   at Dapr.Client.DaprClientGrpc.GetStateAndETagAsync[TValue](String storeName, String key, Nullable\u00601 consistencyMode, IReadOnlyDictionary\u00602 metadata, CancellationToken cancellationToken)\n   at Hexalith.EventStore.Server.Commands.DaprCommandCorrelationIndex.AddAsync(String tenantId, String correlationId, String messageId, CancellationToken cancellationToken) in /home/administrator/projects/hexalith/eventstore/src/Hexalith.EventStore.Server/Commands/DaprCommandCorrelationIndex.cs:line 45\n   at Hexalith.EventStore.Server.Pipeline.SubmitCommandHandler.Handle(SubmitCommand request, CancellationToken cancellationToken) in /home/administrator/projects/hexalith/eventstore/src/Hexalith.EventStore.Server/Pipeline/SubmitCommandHandler.cs:line 453","State":{"Message":"TenantId=tenant-a,CorrelationId=bff50324-6053-4406-be9e-b0e28ec36bdd,MessageId=bff50324-6053-4406-be9e-b0e28ec36bdd,{OriginalFormat}=Correlation index write failed: MessageId={MessageId}, CorrelationId={CorrelationId}, TenantId={TenantId}. Message-primary lookup remains authoritative. Stage=CorrelationIndexWriteFailed","TenantId":"tenant-a","CorrelationId":"bff50324-6053-4406-be9e-b0e28ec36bdd","MessageId":"bff50324-6053-4406-be9e-b0e28ec36bdd","{OriginalFormat}":"Correlation index write failed: MessageId={MessageId}, CorrelationId={CorrelationId}, TenantId={TenantId}. Message-primary lookup remains authoritative. Stage=CorrelationIndexWriteFailed"}}
{"EventId":0,"LogLevel":"Error","Category":"Hexalith.EventStore.Commands.DaprCommandActivityTracker","Message":"Failed to track command activity: CorrelationId=bff50324-6053-4406-be9e-b0e28ec36bdd, ExceptionType=DaprException","Exception":"Dapr.DaprException: State operation failed: the Dapr endpoint indicated a failure. See InnerException for details.\n ---\u003E Grpc.Core.RpcException: Status(StatusCode=\u0022Unavailable\u0022, Detail=\u0022Error connecting to subchannel.\u0022, DebugException=\u0022System.Net.Sockets.SocketException: Connection refused\u0022)\n ---\u003E System.Net.Sockets.SocketException (111): Connection refused\n   at System.Net.Sockets.Socket.AwaitableSocketAsyncEventArgs.ThrowException(SocketError error, CancellationToken cancellationToken)\n   at System.Net.Sockets.Socket.AwaitableSocketAsyncEventArgs.System.Threading.Tasks.Sources.IValueTaskSource.GetResult(Int16 token)\n   at Grpc.Net.Client.Balancer.Internal.SocketConnectivitySubchannelTransport.TryConnectAsync(ConnectContext context, Int32 attempt)\n   --- End of inner exception stack trace ---\n   at Grpc.Net.Client.Balancer.Internal.ConnectionManager.PickAsync(PickContext context, Boolean waitForReady, CancellationToken cancellationToken)\n   at Grpc.Net.Client.Balancer.Internal.BalancerHttpHandler.SendAsync(HttpRequestMessage request, CancellationToken cancellationToken)\n   at Grpc.Net.Client.Internal.GrpcCall\u00602.RunCall(HttpRequestMessage request, Nullable\u00601 timeout)\n   at Dapr.Client.DaprClientGrpc.GetStateAndETagAsync[TValue](String storeName, String key, Nullable\u00601 consistencyMode, IReadOnlyDictionary\u00602 metadata, CancellationToken cancellationToken)\n   --- End of inner exception stack trace ---\n   at Dapr.Client.DaprClientGrpc.GetStateAndETagAsync[TValue](String storeName, String key, Nullable\u00601 consistencyMode, IReadOnlyDictionary\u00602 metadata, CancellationToken cancellationToken)\n   at Hexalith.EventStore.Commands.DaprCommandActivityTracker.TryUpsertActivityIndexAsync(CommandSummary summary, CancellationToken ct) in /home/administrator/projects/hexalith/eventstore/src/Hexalith.EventStore/Commands/DaprCommandActivityTracker.cs:line 162\n   at Hexalith.EventStore.Commands.DaprCommandActivityTracker.TrackAsync(String tenantId, String domain, String aggregateId, String correlationId, String commandType, CommandStatus status, DateTimeOffset timestamp, Nullable\u00601 eventCount, String failureReason, CancellationToken ct) in /home/administrator/projects/hexalith/eventstore/src/Hexalith.EventStore/Commands/DaprCommandActivityTracker.cs:line 48","State":{"CorrelationId":"bff50324-6053-4406-be9e-b0e28ec36bdd","ExceptionType":"DaprException","{OriginalFormat}":"Failed to track command activity: CorrelationId={CorrelationId}, ExceptionType={ExceptionType}"}}
{"EventId":1001,"LogLevel":"Information","Category":"Hexalith.EventStore.Pipeline.LoggingBehavior","Message":"MediatR pipeline exit: CorrelationId=01M4DT8NNF00KANNBS9QJY2ZTC, CausationId=01M4DT8NNF00KANNBS9QJY2ZTC, CommandType=IncrementCounter, Tenant=tenant-a, Domain=counter, AggregateId=actor-auth-2944ff2074f9458e8edc2a4176c78b32, DurationMs=4.0033, Stage=PipelineExit","State":{"Message":"DurationMs=4.0033,AggregateId=actor-auth-2944ff2074f9458e8edc2a4176c78b32,Domain=counter,Tenant=tenant-a,CommandType=IncrementCounter,CausationId=01M4DT8NNF00KANNBS9QJY2ZTC,CorrelationId=01M4DT8NNF00KANNBS9QJY2ZTC,{OriginalFormat}=MediatR pipeline exit: CorrelationId={CorrelationId}, CausationId={CausationId}, CommandType={CommandType}, Tenant={Tenant}, Domain={Domain}, AggregateId={AggregateId}, DurationMs={DurationMs}, Stage=PipelineExit","DurationMs":4.0033,"AggregateId":"actor-auth-2944ff2074f9458e8edc2a4176c78b32","Domain":"counter","Tenant":"tenant-a","CommandType":"IncrementCounter","CausationId":"01M4DT8NNF00KANNBS9QJY2ZTC","CorrelationId":"01M4DT8NNF00KANNBS9QJY2ZTC","{OriginalFormat}":"MediatR pipeline exit: CorrelationId={CorrelationId}, CausationId={CausationId}, CommandType={CommandType}, Tenant={Tenant}, Domain={Domain}, AggregateId={AggregateId}, DurationMs={DurationMs}, Stage=PipelineExit"}}
{"EventId":0,"LogLevel":"Information","Category":"Microsoft.Hosting.Lifetime","Message":"Application is shutting down...","State":{"{OriginalFormat}":"Application is shutting down..."}}
    Hexalith.EventStore.Server.Tests.Security.PayloadProtectionHookTests.EventPersister_ForwardsCancellationTokenToProtectionHook [FAIL]
      System.IO.FileNotFoundException : Could not load file or assembly 'Hexalith.Commons.UniqueIds, Version=3.117.1.0, Culture=neutral, PublicKeyToken=null'. The system cannot find the file specified.
      
      Stack Trace:
           at Hexalith.EventStore.Server.Events.EventPersister.PersistEventsAsync(AggregateIdentity identity, String aggregateType, CommandEnvelope command, DomainResult domainResult, String domainServiceVersion, CancellationToken cancellationToken)
           at Hexalith.EventStore.Server.Events.EventPersister.PersistEventsAsync(AggregateIdentity identity, String aggregateType, CommandEnvelope command, DomainResult domainResult, String domainServiceVersion, CancellationToken cancellationToken)
        tests/Hexalith.EventStore.Server.Tests/Security/PayloadProtectionHookTests.cs(236,0): at Hexalith.EventStore.Server.Tests.Security.PayloadProtectionHookTests.EventPersister_ForwardsCancellationTokenToProtectionHook()
        --- End of stack trace from previous location ---
    Hexalith.EventStore.Server.Tests.Security.PayloadProtectionHookTests.EventPersister_CustomProvider_StampsProvidedMetadataIntoExtensions [FAIL]
      System.IO.FileNotFoundException : Could not load file or assembly 'Hexalith.Commons.UniqueIds, Version=3.117.1.0, Culture=neutral, PublicKeyToken=null'. The system cannot find the file specified.
      
      Stack Trace:
           at Hexalith.EventStore.Server.Events.EventPersister.PersistEventsAsync(AggregateIdentity identity, String aggregateType, CommandEnvelope command, DomainResult domainResult, String domainServiceVersion, CancellationToken cancellationToken)
           at Hexalith.EventStore.Server.Events.EventPersister.PersistEventsAsync(AggregateIdentity identity, String aggregateType, CommandEnvelope command, DomainResult domainResult, String domainServiceVersion, CancellationToken cancellationToken)
        tests/Hexalith.EventStore.Server.Tests/Security/PayloadProtectionHookTests.cs(208,0): at Hexalith.EventStore.Server.Tests.Security.PayloadProtectionHookTests.EventPersister_CustomProvider_StampsProvidedMetadataIntoExtensions()
        --- End of stack trace from previous location ---
    Hexalith.EventStore.Server.Tests.Security.PayloadProtectionHookTests.EventPersister_NoOpProvider_StampsUnprotectedMetadataIntoExtensions [FAIL]
      System.IO.FileNotFoundException : Could not load file or assembly 'Hexalith.Commons.UniqueIds, Version=3.117.1.0, Culture=neutral, PublicKeyToken=null'. The system cannot find the file specified.
      
      Stack Trace:
           at Hexalith.EventStore.Server.Events.EventPersister.PersistEventsAsync(AggregateIdentity identity, String aggregateType, CommandEnvelope command, DomainResult domainResult, String domainServiceVersion, CancellationToken cancellationToken)
           at Hexalith.EventStore.Server.Events.EventPersister.PersistEventsAsync(AggregateIdentity identity, String aggregateType, CommandEnvelope command, DomainResult domainResult, String domainServiceVersion, CancellationToken cancellationToken)
        tests/Hexalith.EventStore.Server.Tests/Security/PayloadProtectionHookTests.cs(175,0): at Hexalith.EventStore.Server.Tests.Security.PayloadProtectionHookTests.EventPersister_NoOpProvider_StampsUnprotectedMetadataIntoExtensions()
        --- End of stack trace from previous location ---
    Hexalith.EventStore.Server.Tests.Events.PersistThenPublishResilienceTests.ProcessCommand_PublishFailed_DrainReminderWithBoundaryInitialDelay(delaySeconds: 0) [FAIL]
      Shouldly.ShouldAssertException : result.Accepted
          should be
      True
          but was
      False
      Stack Trace:
        tests/Hexalith.EventStore.Server.Tests/Events/PersistThenPublishResilienceTests.cs(343,0): at Hexalith.EventStore.Server.Tests.Events.PersistThenPublishResilienceTests.ProcessCommand_PublishFailed_DrainReminderWithBoundaryInitialDelay(Int32 delaySeconds)
           at System.Runtime.ExceptionServices.ExceptionDispatchInfo.Throw()
           at System.Runtime.CompilerServices.TaskAwaiter.ThrowForNonSuccess(Task task)
           at System.Runtime.CompilerServices.TaskAwaiter.HandleNonSuccessAndDebuggerNotification(Task task, ConfigureAwaitOptions options)
        --- End of stack trace from previous location ---
           at System.Runtime.ExceptionServices.ExceptionDispatchInfo.Throw()
           at System.Runtime.CompilerServices.TaskAwaiter.ThrowForNonSuccess(Task task)
           at System.Runtime.CompilerServices.TaskAwaiter.HandleNonSuccessAndDebuggerNotification(Task task, ConfigureAwaitOptions options)
    Hexalith.EventStore.Server.Tests.Events.PersistThenPublishResilienceTests.ProcessCommand_PublishFailed_DrainReminderWithBoundaryInitialDelay(delaySeconds: -1) [FAIL]
      Shouldly.ShouldAssertException : result.Accepted
          should be
      True
          but was
      False
      Stack Trace:
        tests/Hexalith.EventStore.Server.Tests/Events/PersistThenPublishResilienceTests.cs(343,0): at Hexalith.EventStore.Server.Tests.Events.PersistThenPublishResilienceTests.ProcessCommand_PublishFailed_DrainReminderWithBoundaryInitialDelay(Int32 delaySeconds)
           at System.Runtime.ExceptionServices.ExceptionDispatchInfo.Throw()
           at System.Runtime.CompilerServices.TaskAwaiter.ThrowForNonSuccess(Task task)
           at System.Runtime.CompilerServices.TaskAwaiter.HandleNonSuccessAndDebuggerNotification(Task task, ConfigureAwaitOptions options)
        --- End of stack trace from previous location ---
           at System.Runtime.ExceptionServices.ExceptionDispatchInfo.Throw()
           at System.Runtime.CompilerServices.TaskAwaiter.ThrowForNonSuccess(Task task)
           at System.Runtime.CompilerServices.TaskAwaiter.HandleNonSuccessAndDebuggerNotification(Task task, ConfigureAwaitOptions options)
    Hexalith.EventStore.Server.Tests.Events.PersistThenPublishResilienceTests.ProcessCommand_PublishSuccess_NoUnpublishedRecord [FAIL]
      Shouldly.ShouldAssertException : result.Accepted
          should be
      True
          but was
      False
      Stack Trace:
        tests/Hexalith.EventStore.Server.Tests/Events/PersistThenPublishResilienceTests.cs(429,0): at Hexalith.EventStore.Server.Tests.Events.PersistThenPublishResilienceTests.ProcessCommand_PublishSuccess_NoUnpublishedRecord()
           at System.Runtime.ExceptionServices.ExceptionDispatchInfo.Throw()
           at System.Runtime.CompilerServices.TaskAwaiter.ThrowForNonSuccess(Task task)
           at System.Runtime.CompilerServices.TaskAwaiter.HandleNonSuccessAndDebuggerNotification(Task task, ConfigureAwaitOptions options)
        --- End of stack trace from previous location ---
           at System.Runtime.ExceptionServices.ExceptionDispatchInfo.Throw()
           at System.Runtime.CompilerServices.TaskAwaiter.ThrowForNonSuccess(Task task)
           at System.Runtime.CompilerServices.TaskAwaiter.HandleNonSuccessAndDebuggerNotification(Task task, ConfigureAwaitOptions options)
    Hexalith.EventStore.Server.Tests.Events.PersistThenPublishResilienceTests.ProcessCommand_PublishFailed_DrainReminderWithBoundaryPeriod(periodSeconds: 0) [FAIL]
      Shouldly.ShouldAssertException : result.Accepted
          should be
      True
          but was
      False
      Stack Trace:
        tests/Hexalith.EventStore.Server.Tests/Events/PersistThenPublishResilienceTests.cs(377,0): at Hexalith.EventStore.Server.Tests.Events.PersistThenPublishResilienceTests.ProcessCommand_PublishFailed_DrainReminderWithBoundaryPeriod(Int32 periodSeconds)
           at System.Runtime.ExceptionServices.ExceptionDispatchInfo.Throw()
           at System.Runtime.CompilerServices.TaskAwaiter.ThrowForNonSuccess(Task task)
           at System.Runtime.CompilerServices.TaskAwaiter.HandleNonSuccessAndDebuggerNotification(Task task, ConfigureAwaitOptions options)
        --- End of stack trace from previous location ---
           at System.Runtime.ExceptionServices.ExceptionDispatchInfo.Throw()
           at System.Runtime.CompilerServices.TaskAwaiter.ThrowForNonSuccess(Task task)
           at System.Runtime.CompilerServices.TaskAwaiter.HandleNonSuccessAndDebuggerNotification(Task task, ConfigureAwaitOptions options)
    Hexalith.EventStore.Server.Tests.Events.PersistThenPublishResilienceTests.ProcessCommand_PublishFailed_DrainReminderWithBoundaryPeriod(periodSeconds: -1) [FAIL]
      Shouldly.ShouldAssertException : result.Accepted
          should be
      True
          but was
      False
      Stack Trace:
        tests/Hexalith.EventStore.Server.Tests/Events/PersistThenPublishResilienceTests.cs(377,0): at Hexalith.EventStore.Server.Tests.Events.PersistThenPublishResilienceTests.ProcessCommand_PublishFailed_DrainReminderWithBoundaryPeriod(Int32 periodSeconds)
           at System.Runtime.ExceptionServices.ExceptionDispatchInfo.Throw()
           at System.Runtime.CompilerServices.TaskAwaiter.ThrowForNonSuccess(Task task)
           at System.Runtime.CompilerServices.TaskAwaiter.HandleNonSuccessAndDebuggerNotification(Task task, ConfigureAwaitOptions options)
        --- End of stack trace from previous location ---
           at System.Runtime.ExceptionServices.ExceptionDispatchInfo.Throw()
           at System.Runtime.CompilerServices.TaskAwaiter.ThrowForNonSuccess(Task task)
           at System.Runtime.CompilerServices.TaskAwaiter.HandleNonSuccessAndDebuggerNotification(Task task, ConfigureAwaitOptions options)
    Hexalith.EventStore.Server.Tests.Events.PersistThenPublishResilienceTests.ProcessCommand_PublishFailed_RecordContainsCorrectSequenceRange [FAIL]
      NSubstitute.Exceptions.ReceivedCallsException : Expected to receive a call matching:
      	SetStateAsync<UnpublishedEventsRecord>(s => s.StartsWith("drain:"), r => ((r.StartSequence == 1) AndAlso (r.EndSequence == 1)), any CancellationToken)
      Actually received no matching calls.
      
      Stack Trace:
           at NSubstitute.Core.ReceivedCallsExceptionThrower.Throw(ICallSpecification callSpecification, IEnumerable`1 matchingCalls, IEnumerable`1 nonMatchingCalls, Quantity requiredQuantity)
           at NSubstitute.Routing.Handlers.CheckReceivedCallsHandler.Handle(ICall call)
           at NSubstitute.Proxies.CastleDynamicProxy.CastleForwardingInterceptor.Intercept(IInvocation invocation)
           at Castle.DynamicProxy.AbstractInvocation.Proceed()
           at Castle.Proxies.ObjectProxy_6.SetStateAsync[T](String stateName, T value, CancellationToken cancellationToken)
        tests/Hexalith.EventStore.Server.Tests/Events/PersistThenPublishResilienceTests.cs(167,0): at Hexalith.EventStore.Server.Tests.Events.PersistThenPublishResilienceTests.ProcessCommand_PublishFailed_RecordContainsCorrectSequenceRange()
        --- End of stack trace from previous location ---
    Hexalith.EventStore.Server.Tests.Events.PersistThenPublishResilienceTests.ProcessCommand_PublishFailed_DrainReminderClampsToMaxPeriod [FAIL]
      Shouldly.ShouldAssertException : result.Accepted
          should be
      True
          but was
      False
      Stack Trace:
        tests/Hexalith.EventStore.Server.Tests/Events/PersistThenPublishResilienceTests.cs(309,0): at Hexalith.EventStore.Server.Tests.Events.PersistThenPublishResilienceTests.ProcessCommand_PublishFailed_DrainReminderClampsToMaxPeriod()
           at System.Runtime.ExceptionServices.ExceptionDispatchInfo.Throw()
           at System.Runtime.CompilerServices.TaskAwaiter.ThrowForNonSuccess(Task task)
           at System.Runtime.CompilerServices.TaskAwaiter.HandleNonSuccessAndDebuggerNotification(Task task, ConfigureAwaitOptions options)
        --- End of stack trace from previous location ---
           at System.Runtime.ExceptionServices.ExceptionDispatchInfo.Throw()
           at System.Runtime.CompilerServices.TaskAwaiter.ThrowForNonSuccess(Task task)
           at System.Runtime.CompilerServices.TaskAwaiter.HandleNonSuccessAndDebuggerNotification(Task task, ConfigureAwaitOptions options)
    Hexalith.EventStore.Server.Tests.Events.PersistThenPublishResilienceTests.ProcessCommand_PartialPublishFailed_RecordContainsFullPersistedSequenceRange [FAIL]
      Shouldly.ShouldAssertException : result.Accepted
          should be
      True
          but was
      False
      Stack Trace:
        tests/Hexalith.EventStore.Server.Tests/Events/PersistThenPublishResilienceTests.cs(194,0): at Hexalith.EventStore.Server.Tests.Events.PersistThenPublishResilienceTests.ProcessCommand_PartialPublishFailed_RecordContainsFullPersistedSequenceRange()
           at System.Runtime.ExceptionServices.ExceptionDispatchInfo.Throw()
           at System.Runtime.CompilerServices.TaskAwaiter.ThrowForNonSuccess(Task task)
           at System.Runtime.CompilerServices.TaskAwaiter.HandleNonSuccessAndDebuggerNotification(Task task, ConfigureAwaitOptions options)
        --- End of stack trace from previous location ---
           at System.Runtime.ExceptionServices.ExceptionDispatchInfo.Throw()
           at System.Runtime.CompilerServices.TaskAwaiter.ThrowForNonSuccess(Task task)
           at System.Runtime.CompilerServices.TaskAwaiter.HandleNonSuccessAndDebuggerNotification(Task task, ConfigureAwaitOptions options)
    Hexalith.EventStore.Server.Tests.Events.PersistThenPublishResilienceTests.ProcessCommand_PublishFailed_UnpublishedRecordStored [FAIL]
      Shouldly.ShouldAssertException : result.Accepted
          should be
      True
          but was
      False
      Stack Trace:
        tests/Hexalith.EventStore.Server.Tests/Events/PersistThenPublishResilienceTests.cs(115,0): at Hexalith.EventStore.Server.Tests.Events.PersistThenPublishResilienceTests.ProcessCommand_PublishFailed_UnpublishedRecordStored()
           at System.Runtime.ExceptionServices.ExceptionDispatchInfo.Throw()
           at System.Runtime.CompilerServices.TaskAwaiter.ThrowForNonSuccess(Task task)
           at System.Runtime.CompilerServices.TaskAwaiter.HandleNonSuccessAndDebuggerNotification(Task task, ConfigureAwaitOptions options)
        --- End of stack trace from previous location ---
           at System.Runtime.ExceptionServices.ExceptionDispatchInfo.Throw()
           at System.Runtime.CompilerServices.TaskAwaiter.ThrowForNonSuccess(Task task)
           at System.Runtime.CompilerServices.TaskAwaiter.HandleNonSuccessAndDebuggerNotification(Task task, ConfigureAwaitOptions options)
    Hexalith.EventStore.Server.Tests.Events.PersistThenPublishResilienceTests.ProcessCommand_PublishFailed_DrainReminderRegistered [FAIL]
      Shouldly.ShouldAssertException : result.Accepted
          should be
      True
          but was
      False
      Stack Trace:
        tests/Hexalith.EventStore.Server.Tests/Events/PersistThenPublishResilienceTests.cs(228,0): at Hexalith.EventStore.Server.Tests.Events.PersistThenPublishResilienceTests.ProcessCommand_PublishFailed_DrainReminderRegistered()
           at System.Runtime.ExceptionServices.ExceptionDispatchInfo.Throw()
           at System.Runtime.CompilerServices.TaskAwaiter.ThrowForNonSuccess(Task task)
           at System.Runtime.CompilerServices.TaskAwaiter.HandleNonSuccessAndDebuggerNotification(Task task, ConfigureAwaitOptions options)
        --- End of stack trace from previous location ---
           at System.Runtime.ExceptionServices.ExceptionDispatchInfo.Throw()
           at System.Runtime.CompilerServices.TaskAwaiter.ThrowForNonSuccess(Task task)
           at System.Runtime.CompilerServices.TaskAwaiter.HandleNonSuccessAndDebuggerNotification(Task task, ConfigureAwaitOptions options)
    Hexalith.EventStore.Server.Tests.Events.PersistThenPublishResilienceTests.ProcessCommand_PublishFailed_EventsStillInStateStore [FAIL]
      NSubstitute.Exceptions.ReceivedCallsException : Expected to receive a call matching:
      	SetStateAsync<EventEnvelope>(s => s.Contains(":events:"), any EventEnvelope, any CancellationToken)
      Actually received no matching calls.
      
      Stack Trace:
           at NSubstitute.Core.ReceivedCallsExceptionThrower.Throw(ICallSpecification callSpecification, IEnumerable`1 matchingCalls, IEnumerable`1 nonMatchingCalls, Quantity requiredQuantity)
           at NSubstitute.Routing.Handlers.CheckReceivedCallsHandler.Handle(ICall call)
           at NSubstitute.Proxies.CastleDynamicProxy.CastleForwardingInterceptor.Intercept(IInvocation invocation)
           at Castle.DynamicProxy.AbstractInvocation.Proceed()
           at Castle.Proxies.ObjectProxy_6.SetStateAsync[T](String stateName, T value, CancellationToken cancellationToken)
        tests/Hexalith.EventStore.Server.Tests/Events/PersistThenPublishResilienceTests.cs(403,0): at Hexalith.EventStore.Server.Tests.Events.PersistThenPublishResilienceTests.ProcessCommand_PublishFailed_EventsStillInStateStore()
        --- End of stack trace from previous location ---
    Hexalith.EventStore.Server.Tests.Events.PersistThenPublishResilienceTests.ProcessCommand_PublishFailed_DrainReminderUsesConfiguredTiming [FAIL]
      Shouldly.ShouldAssertException : result.Accepted
          should be
      True
          but was
      False
      Stack Trace:
        tests/Hexalith.EventStore.Server.Tests/Events/PersistThenPublishResilienceTests.cs(259,0): at Hexalith.EventStore.Server.Tests.Events.PersistThenPublishResilienceTests.ProcessCommand_PublishFailed_DrainReminderUsesConfiguredTiming()
           at System.Runtime.ExceptionServices.ExceptionDispatchInfo.Throw()
           at System.Runtime.CompilerServices.TaskAwaiter.ThrowForNonSuccess(Task task)
           at System.Runtime.CompilerServices.TaskAwaiter.HandleNonSuccessAndDebuggerNotification(Task task, ConfigureAwaitOptions options)
        --- End of stack trace from previous location ---
           at System.Runtime.ExceptionServices.ExceptionDispatchInfo.Throw()
           at System.Runtime.CompilerServices.TaskAwaiter.ThrowForNonSuccess(Task task)
           at System.Runtime.CompilerServices.TaskAwaiter.HandleNonSuccessAndDebuggerNotification(Task task, ConfigureAwaitOptions options)
{"EventId":1121,"LogLevel":"Information","Category":"Hexalith.EventStore.Server.Projections.ProjectionDiscoveryHostedService","Message":"Projection discovery: domain \u0027counter\u0027 -\u003E immediate mode (fire-and-forget after persistence)","State":{"Message":"Domain=counter,{OriginalFormat}=Projection discovery: domain \u0027{Domain}\u0027 -\u003E immediate mode (fire-and-forget after persistence)","Domain":"counter","{OriginalFormat}":"Projection discovery: domain \u0027{Domain}\u0027 -\u003E immediate mode (fire-and-forget after persistence)"}}
{"EventId":1121,"LogLevel":"Information","Category":"Hexalith.EventStore.Server.Projections.ProjectionDiscoveryHostedService","Message":"Projection discovery: domain \u0027global-administrators\u0027 -\u003E immediate mode (fire-and-forget after persistence)","State":{"Message":"Domain=global-administrators,{OriginalFormat}=Projection discovery: domain \u0027{Domain}\u0027 -\u003E immediate mode (fire-and-forget after persistence)","Domain":"global-administrators","{OriginalFormat}":"Projection discovery: domain \u0027{Domain}\u0027 -\u003E immediate mode (fire-and-forget after persistence)"}}
{"EventId":1121,"LogLevel":"Information","Category":"Hexalith.EventStore.Server.Projections.ProjectionDiscoveryHostedService","Message":"Projection discovery: domain \u0027greeting\u0027 -\u003E immediate mode (fire-and-forget after persistence)","State":{"Message":"Domain=greeting,{OriginalFormat}=Projection discovery: domain \u0027{Domain}\u0027 -\u003E immediate mode (fire-and-forget after persistence)","Domain":"greeting","{OriginalFormat}":"Projection discovery: domain \u0027{Domain}\u0027 -\u003E immediate mode (fire-and-forget after persistence)"}}
{"EventId":1121,"LogLevel":"Information","Category":"Hexalith.EventStore.Server.Projections.ProjectionDiscoveryHostedService","Message":"Projection discovery: domain \u0027tenants\u0027 -\u003E immediate mode (fire-and-forget after persistence)","State":{"Message":"Domain=tenants,{OriginalFormat}=Projection discovery: domain \u0027{Domain}\u0027 -\u003E immediate mode (fire-and-forget after persistence)","Domain":"tenants","{OriginalFormat}":"Projection discovery: domain \u0027{Domain}\u0027 -\u003E immediate mode (fire-and-forget after persistence)"}}
{"EventId":1124,"LogLevel":"Information","Category":"Hexalith.EventStore.Server.Projections.ProjectionDiscoveryHostedService","Message":"Projection discovery complete: 4 domains discovered. Default refresh interval: 0ms (0=immediate).","State":{"Message":"DefaultRefreshIntervalMs=0,DomainCount=4,{OriginalFormat}=Projection discovery complete: {DomainCount} domains discovered. Default refresh interval: {DefaultRefreshIntervalMs}ms (0=immediate).","DefaultRefreshIntervalMs":0,"DomainCount":4,"{OriginalFormat}":"Projection discovery complete: {DomainCount} domains discovered. Default refresh interval: {DefaultRefreshIntervalMs}ms (0=immediate)."}}
{"EventId":1200,"LogLevel":"Information","Category":"Hexalith.EventStore.Server.Projections.ActiveRebuildIndexCleanupService","Message":"Active-rebuild-index cleanup service started: CadenceSeconds=60, Stage=ActiveRebuildIndexCleanupServiceStarted","State":{"Message":"CadenceSeconds=60,{OriginalFormat}=Active-rebuild-index cleanup service started: CadenceSeconds={CadenceSeconds}, Stage=ActiveRebuildIndexCleanupServiceStarted","CadenceSeconds":60,"{OriginalFormat}":"Active-rebuild-index cleanup service started: CadenceSeconds={CadenceSeconds}, Stage=ActiveRebuildIndexCleanupServiceStarted"}}
{"EventId":0,"LogLevel":"Warning","Category":"Hexalith.EventStore.Configuration.DaprRateLimitConfigSync","Message":"DAPR config store unavailable for rate limit sync. Falling back to appsettings.json values.","Exception":"Dapr.DaprException: GetConfiguration operation failed: the Dapr endpoint indicated a failure. See InnerException for details.\n ---\u003E Grpc.Core.RpcException: Status(StatusCode=\u0022Unavailable\u0022, Detail=\u0022Error connecting to subchannel.\u0022, DebugException=\u0022System.Net.Sockets.SocketException: Connection refused\u0022)\n ---\u003E System.Net.Sockets.SocketException (111): Connection refused\n   at System.Net.Sockets.Socket.AwaitableSocketAsyncEventArgs.ThrowException(SocketError error, CancellationToken cancellationToken)\n   at System.Net.Sockets.Socket.AwaitableSocketAsyncEventArgs.System.Threading.Tasks.Sources.IValueTaskSource.GetResult(Int16 token)\n   at Grpc.Net.Client.Balancer.Internal.SocketConnectivitySubchannelTransport.TryConnectAsync(ConnectContext context, Int32 attempt)\n   --- End of inner exception stack trace ---\n   at Grpc.Net.Client.Balancer.Internal.ConnectionManager.PickAsync(PickContext context, Boolean waitForReady, CancellationToken cancellationToken)\n   at Grpc.Net.Client.Balancer.Internal.BalancerHttpHandler.SendAsync(HttpRequestMessage request, CancellationToken cancellationToken)\n   at Grpc.Net.Client.Internal.GrpcCall\u00602.RunCall(HttpRequestMessage request, Nullable\u00601 timeout)\n   at Dapr.Client.DaprClientGrpc.GetConfiguration(String storeName, IReadOnlyList\u00601 keys, IReadOnlyDictionary\u00602 metadata, CancellationToken cancellationToken)\n   --- End of inner exception stack trace ---\n   at Dapr.Client.DaprClientGrpc.GetConfiguration(String storeName, IReadOnlyList\u00601 keys, IReadOnlyDictionary\u00602 metadata, CancellationToken cancellationToken)\n   at Hexalith.EventStore.Configuration.DaprRateLimitConfigSync.FetchConfigurationAsync(DaprClient daprClient, String[] keys, CancellationToken cancellationToken) in /home/administrator/projects/hexalith/eventstore/src/Hexalith.EventStore/Configuration/DaprRateLimitConfigSync.cs:line 70\n   at Hexalith.EventStore.Configuration.DaprRateLimitConfigSync.LoadTenantIdsAsync(DaprClient daprClient, CancellationToken cancellationToken) in /home/administrator/projects/hexalith/eventstore/src/Hexalith.EventStore/Configuration/DaprRateLimitConfigSync.cs:line 80\n   at Hexalith.EventStore.Configuration.DaprRateLimitConfigSync.SyncTenantOverridesAsync(DaprClient daprClient, CancellationToken cancellationToken) in /home/administrator/projects/hexalith/eventstore/src/Hexalith.EventStore/Configuration/DaprRateLimitConfigSync.cs:line 158","State":{"{OriginalFormat}":"DAPR config store unavailable for rate limit sync. Falling back to appsettings.json values."}}
{"EventId":0,"LogLevel":"Information","Category":"Microsoft.Hosting.Lifetime","Message":"Application started. Press Ctrl\u002BC to shut down.","State":{"{OriginalFormat}":"Application started. Press Ctrl\u002BC to shut down."}}
{"EventId":0,"LogLevel":"Information","Category":"Microsoft.Hosting.Lifetime","Message":"Hosting environment: Development","State":{"EnvName":"Development","{OriginalFormat}":"Hosting environment: {EnvName}"}}
{"EventId":0,"LogLevel":"Information","Category":"Microsoft.Hosting.Lifetime","Message":"Content root path: /home/administrator/projects/hexalith/eventstore/src/Hexalith.EventStore","State":{"ContentRoot":"/home/administrator/projects/hexalith/eventstore/src/Hexalith.EventStore","{OriginalFormat}":"Content root path: {ContentRoot}"}}
{"EventId":1121,"LogLevel":"Information","Category":"Hexalith.EventStore.Server.Projections.ProjectionDiscoveryHostedService","Message":"Projection discovery: domain \u0027counter\u0027 -\u003E immediate mode (fire-and-forget after persistence)","State":{"Message":"Domain=counter,{OriginalFormat}=Projection discovery: domain \u0027{Domain}\u0027 -\u003E immediate mode (fire-and-forget after persistence)","Domain":"counter","{OriginalFormat}":"Projection discovery: domain \u0027{Domain}\u0027 -\u003E immediate mode (fire-and-forget after persistence)"}}
{"EventId":1121,"LogLevel":"Information","Category":"Hexalith.EventStore.Server.Projections.ProjectionDiscoveryHostedService","Message":"Projection discovery: domain \u0027global-administrators\u0027 -\u003E immediate mode (fire-and-forget after persistence)","State":{"Message":"Domain=global-administrators,{OriginalFormat}=Projection discovery: domain \u0027{Domain}\u0027 -\u003E immediate mode (fire-and-forget after persistence)","Domain":"global-administrators","{OriginalFormat}":"Projection discovery: domain \u0027{Domain}\u0027 -\u003E immediate mode (fire-and-forget after persistence)"}}
{"EventId":1121,"LogLevel":"Information","Category":"Hexalith.EventStore.Server.Projections.ProjectionDiscoveryHostedService","Message":"Projection discovery: domain \u0027greeting\u0027 -\u003E immediate mode (fire-and-forget after persistence)","State":{"Message":"Domain=greeting,{OriginalFormat}=Projection discovery: domain \u0027{Domain}\u0027 -\u003E immediate mode (fire-and-forget after persistence)","Domain":"greeting","{OriginalFormat}":"Projection discovery: domain \u0027{Domain}\u0027 -\u003E immediate mode (fire-and-forget after persistence)"}}
{"EventId":1121,"LogLevel":"Information","Category":"Hexalith.EventStore.Server.Projections.ProjectionDiscoveryHostedService","Message":"Projection discovery: domain \u0027tenants\u0027 -\u003E immediate mode (fire-and-forget after persistence)","State":{"Message":"Domain=tenants,{OriginalFormat}=Projection discovery: domain \u0027{Domain}\u0027 -\u003E immediate mode (fire-and-forget after persistence)","Domain":"tenants","{OriginalFormat}":"Projection discovery: domain \u0027{Domain}\u0027 -\u003E immediate mode (fire-and-forget after persistence)"}}
{"EventId":1124,"LogLevel":"Information","Category":"Hexalith.EventStore.Server.Projections.ProjectionDiscoveryHostedService","Message":"Projection discovery complete: 4 domains discovered. Default refresh interval: 0ms (0=immediate).","State":{"Message":"DefaultRefreshIntervalMs=0,DomainCount=4,{OriginalFormat}=Projection discovery complete: {DomainCount} domains discovered. Default refresh interval: {DefaultRefreshIntervalMs}ms (0=immediate).","DefaultRefreshIntervalMs":0,"DomainCount":4,"{OriginalFormat}":"Projection discovery complete: {DomainCount} domains discovered. Default refresh interval: {DefaultRefreshIntervalMs}ms (0=immediate)."}}
{"EventId":1200,"LogLevel":"Information","Category":"Hexalith.EventStore.Server.Projections.ActiveRebuildIndexCleanupService","Message":"Active-rebuild-index cleanup service started: CadenceSeconds=60, Stage=ActiveRebuildIndexCleanupServiceStarted","State":{"Message":"CadenceSeconds=60,{OriginalFormat}=Active-rebuild-index cleanup service started: CadenceSeconds={CadenceSeconds}, Stage=ActiveRebuildIndexCleanupServiceStarted","CadenceSeconds":60,"{OriginalFormat}":"Active-rebuild-index cleanup service started: CadenceSeconds={CadenceSeconds}, Stage=ActiveRebuildIndexCleanupServiceStarted"}}
{"EventId":0,"LogLevel":"Warning","Category":"Hexalith.EventStore.Configuration.DaprRateLimitConfigSync","Message":"DAPR config store unavailable for rate limit sync. Falling back to appsettings.json values.","Exception":"Dapr.DaprException: GetConfiguration operation failed: the Dapr endpoint indicated a failure. See InnerException for details.\n ---\u003E Grpc.Core.RpcException: Status(StatusCode=\u0022Unavailable\u0022, Detail=\u0022Error connecting to subchannel.\u0022, DebugException=\u0022System.Net.Sockets.SocketException: Connection refused\u0022)\n ---\u003E System.Net.Sockets.SocketException (111): Connection refused\n   at System.Net.Sockets.Socket.AwaitableSocketAsyncEventArgs.ThrowException(SocketError error, CancellationToken cancellationToken)\n   at System.Net.Sockets.Socket.AwaitableSocketAsyncEventArgs.System.Threading.Tasks.Sources.IValueTaskSource.GetResult(Int16 token)\n   at Grpc.Net.Client.Balancer.Internal.SocketConnectivitySubchannelTransport.TryConnectAsync(ConnectContext context, Int32 attempt)\n   --- End of inner exception stack trace ---\n   at Grpc.Net.Client.Balancer.Internal.ConnectionManager.PickAsync(PickContext context, Boolean waitForReady, CancellationToken cancellationToken)\n   at Grpc.Net.Client.Balancer.Internal.BalancerHttpHandler.SendAsync(HttpRequestMessage request, CancellationToken cancellationToken)\n   at Grpc.Net.Client.Internal.GrpcCall\u00602.RunCall(HttpRequestMessage request, Nullable\u00601 timeout)\n   at Dapr.Client.DaprClientGrpc.GetConfiguration(String storeName, IReadOnlyList\u00601 keys, IReadOnlyDictionary\u00602 metadata, CancellationToken cancellationToken)\n   --- End of inner exception stack trace ---\n   at Dapr.Client.DaprClientGrpc.GetConfiguration(String storeName, IReadOnlyList\u00601 keys, IReadOnlyDictionary\u00602 metadata, CancellationToken cancellationToken)\n   at Hexalith.EventStore.Configuration.DaprRateLimitConfigSync.FetchConfigurationAsync(DaprClient daprClient, String[] keys, CancellationToken cancellationToken) in /home/administrator/projects/hexalith/eventstore/src/Hexalith.EventStore/Configuration/DaprRateLimitConfigSync.cs:line 70\n   at Hexalith.EventStore.Configuration.DaprRateLimitConfigSync.LoadTenantIdsAsync(DaprClient daprClient, CancellationToken cancellationToken) in /home/administrator/projects/hexalith/eventstore/src/Hexalith.EventStore/Configuration/DaprRateLimitConfigSync.cs:line 80\n   at Hexalith.EventStore.Configuration.DaprRateLimitConfigSync.SyncTenantOverridesAsync(DaprClient daprClient, CancellationToken cancellationToken) in /home/administrator/projects/hexalith/eventstore/src/Hexalith.EventStore/Configuration/DaprRateLimitConfigSync.cs:line 158","State":{"{OriginalFormat}":"DAPR config store unavailable for rate limit sync. Falling back to appsettings.json values."}}
{"EventId":0,"LogLevel":"Information","Category":"Microsoft.Hosting.Lifetime","Message":"Application started. Press Ctrl\u002BC to shut down.","State":{"{OriginalFormat}":"Application started. Press Ctrl\u002BC to shut down."}}
{"EventId":0,"LogLevel":"Information","Category":"Microsoft.Hosting.Lifetime","Message":"Hosting environment: Development","State":{"EnvName":"Development","{OriginalFormat}":"Hosting environment: {EnvName}"}}
{"EventId":0,"LogLevel":"Information","Category":"Microsoft.Hosting.Lifetime","Message":"Content root path: /home/administrator/projects/hexalith/eventstore/src/Hexalith.EventStore","State":{"ContentRoot":"/home/administrator/projects/hexalith/eventstore/src/Hexalith.EventStore","{OriginalFormat}":"Content root path: {ContentRoot}"}}
{"EventId":1121,"LogLevel":"Information","Category":"Hexalith.EventStore.Server.Projections.ProjectionDiscoveryHostedService","Message":"Projection discovery: domain \u0027counter\u0027 -\u003E immediate mode (fire-and-forget after persistence)","State":{"Message":"Domain=counter,{OriginalFormat}=Projection discovery: domain \u0027{Domain}\u0027 -\u003E immediate mode (fire-and-forget after persistence)","Domain":"counter","{OriginalFormat}":"Projection discovery: domain \u0027{Domain}\u0027 -\u003E immediate mode (fire-and-forget after persistence)"}}
{"EventId":1121,"LogLevel":"Information","Category":"Hexalith.EventStore.Server.Projections.ProjectionDiscoveryHostedService","Message":"Projection discovery: domain \u0027global-administrators\u0027 -\u003E immediate mode (fire-and-forget after persistence)","State":{"Message":"Domain=global-administrators,{OriginalFormat}=Projection discovery: domain \u0027{Domain}\u0027 -\u003E immediate mode (fire-and-forget after persistence)","Domain":"global-administrators","{OriginalFormat}":"Projection discovery: domain \u0027{Domain}\u0027 -\u003E immediate mode (fire-and-forget after persistence)"}}
{"EventId":1121,"LogLevel":"Information","Category":"Hexalith.EventStore.Server.Projections.ProjectionDiscoveryHostedService","Message":"Projection discovery: domain \u0027greeting\u0027 -\u003E immediate mode (fire-and-forget after persistence)","State":{"Message":"Domain=greeting,{OriginalFormat}=Projection discovery: domain \u0027{Domain}\u0027 -\u003E immediate mode (fire-and-forget after persistence)","Domain":"greeting","{OriginalFormat}":"Projection discovery: domain \u0027{Domain}\u0027 -\u003E immediate mode (fire-and-forget after persistence)"}}
{"EventId":1121,"LogLevel":"Information","Category":"Hexalith.EventStore.Server.Projections.ProjectionDiscoveryHostedService","Message":"Projection discovery: domain \u0027tenants\u0027 -\u003E immediate mode (fire-and-forget after persistence)","State":{"Message":"Domain=tenants,{OriginalFormat}=Projection discovery: domain \u0027{Domain}\u0027 -\u003E immediate mode (fire-and-forget after persistence)","Domain":"tenants","{OriginalFormat}":"Projection discovery: domain \u0027{Domain}\u0027 -\u003E immediate mode (fire-and-forget after persistence)"}}
{"EventId":1124,"LogLevel":"Information","Category":"Hexalith.EventStore.Server.Projections.ProjectionDiscoveryHostedService","Message":"Projection discovery complete: 4 domains discovered. Default refresh interval: 0ms (0=immediate).","State":{"Message":"DefaultRefreshIntervalMs=0,DomainCount=4,{OriginalFormat}=Projection discovery complete: {DomainCount} domains discovered. Default refresh interval: {DefaultRefreshIntervalMs}ms (0=immediate).","DefaultRefreshIntervalMs":0,"DomainCount":4,"{OriginalFormat}":"Projection discovery complete: {DomainCount} domains discovered. Default refresh interval: {DefaultRefreshIntervalMs}ms (0=immediate)."}}
{"EventId":1200,"LogLevel":"Information","Category":"Hexalith.EventStore.Server.Projections.ActiveRebuildIndexCleanupService","Message":"Active-rebuild-index cleanup service started: CadenceSeconds=60, Stage=ActiveRebuildIndexCleanupServiceStarted","State":{"Message":"CadenceSeconds=60,{OriginalFormat}=Active-rebuild-index cleanup service started: CadenceSeconds={CadenceSeconds}, Stage=ActiveRebuildIndexCleanupServiceStarted","CadenceSeconds":60,"{OriginalFormat}":"Active-rebuild-index cleanup service started: CadenceSeconds={CadenceSeconds}, Stage=ActiveRebuildIndexCleanupServiceStarted"}}
{"EventId":0,"LogLevel":"Warning","Category":"Hexalith.EventStore.Configuration.DaprRateLimitConfigSync","Message":"DAPR config store unavailable for rate limit sync. Falling back to appsettings.json values.","Exception":"Dapr.DaprException: GetConfiguration operation failed: the Dapr endpoint indicated a failure. See InnerException for details.\n ---\u003E Grpc.Core.RpcException: Status(StatusCode=\u0022Unavailable\u0022, Detail=\u0022Error connecting to subchannel.\u0022, DebugException=\u0022System.Net.Sockets.SocketException: Connection refused\u0022)\n ---\u003E System.Net.Sockets.SocketException (111): Connection refused\n   at System.Net.Sockets.Socket.AwaitableSocketAsyncEventArgs.ThrowException(SocketError error, CancellationToken cancellationToken)\n   at System.Net.Sockets.Socket.AwaitableSocketAsyncEventArgs.System.Threading.Tasks.Sources.IValueTaskSource.GetResult(Int16 token)\n   at Grpc.Net.Client.Balancer.Internal.SocketConnectivitySubchannelTransport.TryConnectAsync(ConnectContext context, Int32 attempt)\n   --- End of inner exception stack trace ---\n   at Grpc.Net.Client.Balancer.Internal.ConnectionManager.PickAsync(PickContext context, Boolean waitForReady, CancellationToken cancellationToken)\n   at Grpc.Net.Client.Balancer.Internal.BalancerHttpHandler.SendAsync(HttpRequestMessage request, CancellationToken cancellationToken)\n   at Grpc.Net.Client.Internal.GrpcCall\u00602.RunCall(HttpRequestMessage request, Nullable\u00601 timeout)\n   at Dapr.Client.DaprClientGrpc.GetConfiguration(String storeName, IReadOnlyList\u00601 keys, IReadOnlyDictionary\u00602 metadata, CancellationToken cancellationToken)\n   --- End of inner exception stack trace ---\n   at Dapr.Client.DaprClientGrpc.GetConfiguration(String storeName, IReadOnlyList\u00601 keys, IReadOnlyDictionary\u00602 metadata, CancellationToken cancellationToken)\n   at Hexalith.EventStore.Configuration.DaprRateLimitConfigSync.FetchConfigurationAsync(DaprClient daprClient, String[] keys, CancellationToken cancellationToken) in /home/administrator/projects/hexalith/eventstore/src/Hexalith.EventStore/Configuration/DaprRateLimitConfigSync.cs:line 70\n   at Hexalith.EventStore.Configuration.DaprRateLimitConfigSync.LoadTenantIdsAsync(DaprClient daprClient, CancellationToken cancellationToken) in /home/administrator/projects/hexalith/eventstore/src/Hexalith.EventStore/Configuration/DaprRateLimitConfigSync.cs:line 80\n   at Hexalith.EventStore.Configuration.DaprRateLimitConfigSync.SyncTenantOverridesAsync(DaprClient daprClient, CancellationToken cancellationToken) in /home/administrator/projects/hexalith/eventstore/src/Hexalith.EventStore/Configuration/DaprRateLimitConfigSync.cs:line 158","State":{"{OriginalFormat}":"DAPR config store unavailable for rate limit sync. Falling back to appsettings.json values."}}
{"EventId":0,"LogLevel":"Information","Category":"Microsoft.Hosting.Lifetime","Message":"Application started. Press Ctrl\u002BC to shut down.","State":{"{OriginalFormat}":"Application started. Press Ctrl\u002BC to shut down."}}
{"EventId":0,"LogLevel":"Information","Category":"Microsoft.Hosting.Lifetime","Message":"Hosting environment: Development","State":{"EnvName":"Development","{OriginalFormat}":"Hosting environment: {EnvName}"}}
{"EventId":0,"LogLevel":"Information","Category":"Microsoft.Hosting.Lifetime","Message":"Content root path: /home/administrator/projects/hexalith/eventstore/src/Hexalith.EventStore","State":{"ContentRoot":"/home/administrator/projects/hexalith/eventstore/src/Hexalith.EventStore","{OriginalFormat}":"Content root path: {ContentRoot}"}}
{"EventId":1121,"LogLevel":"Information","Category":"Hexalith.EventStore.Server.Projections.ProjectionDiscoveryHostedService","Message":"Projection discovery: domain \u0027counter\u0027 -\u003E immediate mode (fire-and-forget after persistence)","State":{"Message":"Domain=counter,{OriginalFormat}=Projection discovery: domain \u0027{Domain}\u0027 -\u003E immediate mode (fire-and-forget after persistence)","Domain":"counter","{OriginalFormat}":"Projection discovery: domain \u0027{Domain}\u0027 -\u003E immediate mode (fire-and-forget after persistence)"}}
{"EventId":1121,"LogLevel":"Information","Category":"Hexalith.EventStore.Server.Projections.ProjectionDiscoveryHostedService","Message":"Projection discovery: domain \u0027global-administrators\u0027 -\u003E immediate mode (fire-and-forget after persistence)","State":{"Message":"Domain=global-administrators,{OriginalFormat}=Projection discovery: domain \u0027{Domain}\u0027 -\u003E immediate mode (fire-and-forget after persistence)","Domain":"global-administrators","{OriginalFormat}":"Projection discovery: domain \u0027{Domain}\u0027 -\u003E immediate mode (fire-and-forget after persistence)"}}
{"EventId":1121,"LogLevel":"Information","Category":"Hexalith.EventStore.Server.Projections.ProjectionDiscoveryHostedService","Message":"Projection discovery: domain \u0027greeting\u0027 -\u003E immediate mode (fire-and-forget after persistence)","State":{"Message":"Domain=greeting,{OriginalFormat}=Projection discovery: domain \u0027{Domain}\u0027 -\u003E immediate mode (fire-and-forget after persistence)","Domain":"greeting","{OriginalFormat}":"Projection discovery: domain \u0027{Domain}\u0027 -\u003E immediate mode (fire-and-forget after persistence)"}}
{"EventId":1121,"LogLevel":"Information","Category":"Hexalith.EventStore.Server.Projections.ProjectionDiscoveryHostedService","Message":"Projection discovery: domain \u0027tenants\u0027 -\u003E immediate mode (fire-and-forget after persistence)","State":{"Message":"Domain=tenants,{OriginalFormat}=Projection discovery: domain \u0027{Domain}\u0027 -\u003E immediate mode (fire-and-forget after persistence)","Domain":"tenants","{OriginalFormat}":"Projection discovery: domain \u0027{Domain}\u0027 -\u003E immediate mode (fire-and-forget after persistence)"}}
{"EventId":1124,"LogLevel":"Information","Category":"Hexalith.EventStore.Server.Projections.ProjectionDiscoveryHostedService","Message":"Projection discovery complete: 4 domains discovered. Default refresh interval: 0ms (0=immediate).","State":{"Message":"DefaultRefreshIntervalMs=0,DomainCount=4,{OriginalFormat}=Projection discovery complete: {DomainCount} domains discovered. Default refresh interval: {DefaultRefreshIntervalMs}ms (0=immediate).","DefaultRefreshIntervalMs":0,"DomainCount":4,"{OriginalFormat}":"Projection discovery complete: {DomainCount} domains discovered. Default refresh interval: {DefaultRefreshIntervalMs}ms (0=immediate)."}}
{"EventId":1200,"LogLevel":"Information","Category":"Hexalith.EventStore.Server.Projections.ActiveRebuildIndexCleanupService","Message":"Active-rebuild-index cleanup service started: CadenceSeconds=60, Stage=ActiveRebuildIndexCleanupServiceStarted","State":{"Message":"CadenceSeconds=60,{OriginalFormat}=Active-rebuild-index cleanup service started: CadenceSeconds={CadenceSeconds}, Stage=ActiveRebuildIndexCleanupServiceStarted","CadenceSeconds":60,"{OriginalFormat}":"Active-rebuild-index cleanup service started: CadenceSeconds={CadenceSeconds}, Stage=ActiveRebuildIndexCleanupServiceStarted"}}
{"EventId":0,"LogLevel":"Warning","Category":"Hexalith.EventStore.Configuration.DaprRateLimitConfigSync","Message":"DAPR config store unavailable for rate limit sync. Falling back to appsettings.json values.","Exception":"Dapr.DaprException: GetConfiguration operation failed: the Dapr endpoint indicated a failure. See InnerException for details.\n ---\u003E Grpc.Core.RpcException: Status(StatusCode=\u0022Unavailable\u0022, Detail=\u0022Error connecting to subchannel.\u0022, DebugException=\u0022System.Net.Sockets.SocketException: Connection refused\u0022)\n ---\u003E System.Net.Sockets.SocketException (111): Connection refused\n   at System.Net.Sockets.Socket.AwaitableSocketAsyncEventArgs.ThrowException(SocketError error, CancellationToken cancellationToken)\n   at System.Net.Sockets.Socket.AwaitableSocketAsyncEventArgs.System.Threading.Tasks.Sources.IValueTaskSource.GetResult(Int16 token)\n   at Grpc.Net.Client.Balancer.Internal.SocketConnectivitySubchannelTransport.TryConnectAsync(ConnectContext context, Int32 attempt)\n   --- End of inner exception stack trace ---\n   at Grpc.Net.Client.Balancer.Internal.ConnectionManager.PickAsync(PickContext context, Boolean waitForReady, CancellationToken cancellationToken)\n   at Grpc.Net.Client.Balancer.Internal.BalancerHttpHandler.SendAsync(HttpRequestMessage request, CancellationToken cancellationToken)\n   at Grpc.Net.Client.Internal.GrpcCall\u00602.RunCall(HttpRequestMessage request, Nullable\u00601 timeout)\n   at Dapr.Client.DaprClientGrpc.GetConfiguration(String storeName, IReadOnlyList\u00601 keys, IReadOnlyDictionary\u00602 metadata, CancellationToken cancellationToken)\n   --- End of inner exception stack trace ---\n   at Dapr.Client.DaprClientGrpc.GetConfiguration(String storeName, IReadOnlyList\u00601 keys, IReadOnlyDictionary\u00602 metadata, CancellationToken cancellationToken)\n   at Hexalith.EventStore.Configuration.DaprRateLimitConfigSync.FetchConfigurationAsync(DaprClient daprClient, String[] keys, CancellationToken cancellationToken) in /home/administrator/projects/hexalith/eventstore/src/Hexalith.EventStore/Configuration/DaprRateLimitConfigSync.cs:line 70\n   at Hexalith.EventStore.Configuration.DaprRateLimitConfigSync.LoadTenantIdsAsync(DaprClient daprClient, CancellationToken cancellationToken) in /home/administrator/projects/hexalith/eventstore/src/Hexalith.EventStore/Configuration/DaprRateLimitConfigSync.cs:line 80\n   at Hexalith.EventStore.Configuration.DaprRateLimitConfigSync.SyncTenantOverridesAsync(DaprClient daprClient, CancellationToken cancellationToken) in /home/administrator/projects/hexalith/eventstore/src/Hexalith.EventStore/Configuration/DaprRateLimitConfigSync.cs:line 158","State":{"{OriginalFormat}":"DAPR config store unavailable for rate limit sync. Falling back to appsettings.json values."}}
{"EventId":0,"LogLevel":"Information","Category":"Microsoft.Hosting.Lifetime","Message":"Application started. Press Ctrl\u002BC to shut down.","State":{"{OriginalFormat}":"Application started. Press Ctrl\u002BC to shut down."}}
{"EventId":0,"LogLevel":"Information","Category":"Microsoft.Hosting.Lifetime","Message":"Hosting environment: Development","State":{"EnvName":"Development","{OriginalFormat}":"Hosting environment: {EnvName}"}}
{"EventId":0,"LogLevel":"Information","Category":"Microsoft.Hosting.Lifetime","Message":"Content root path: /home/administrator/projects/hexalith/eventstore/src/Hexalith.EventStore","State":{"ContentRoot":"/home/administrator/projects/hexalith/eventstore/src/Hexalith.EventStore","{OriginalFormat}":"Content root path: {ContentRoot}"}}
{"EventId":0,"LogLevel":"Warning","Category":"Hexalith.EventStore.Configuration.DaprRateLimitConfigSync","Message":"DAPR config store unavailable for rate limit sync. Falling back to appsettings.json values.","Exception":"Dapr.DaprException: GetConfiguration operation failed: the Dapr endpoint indicated a failure. See InnerException for details.\n ---\u003E Grpc.Core.RpcException: Status(StatusCode=\u0022Unavailable\u0022, Detail=\u0022Error connecting to subchannel.\u0022, DebugException=\u0022System.Net.Sockets.SocketException: Connection refused\u0022)\n ---\u003E System.Net.Sockets.SocketException (111): Connection refused\n   at System.Net.Sockets.Socket.AwaitableSocketAsyncEventArgs.ThrowException(SocketError error, CancellationToken cancellationToken)\n   at System.Net.Sockets.Socket.AwaitableSocketAsyncEventArgs.System.Threading.Tasks.Sources.IValueTaskSource.GetResult(Int16 token)\n   at Grpc.Net.Client.Balancer.Internal.SocketConnectivitySubchannelTransport.TryConnectAsync(ConnectContext context, Int32 attempt)\n   --- End of inner exception stack trace ---\n   at Grpc.Net.Client.Balancer.Internal.ConnectionManager.PickAsync(PickContext context, Boolean waitForReady, CancellationToken cancellationToken)\n   at Grpc.Net.Client.Balancer.Internal.BalancerHttpHandler.SendAsync(HttpRequestMessage request, CancellationToken cancellationToken)\n   at Grpc.Net.Client.Internal.GrpcCall\u00602.RunCall(HttpRequestMessage request, Nullable\u00601 timeout)\n   at Dapr.Client.DaprClientGrpc.GetConfiguration(String storeName, IReadOnlyList\u00601 keys, IReadOnlyDictionary\u00602 metadata, CancellationToken cancellationToken)\n   --- End of inner exception stack trace ---\n   at Dapr.Client.DaprClientGrpc.GetConfiguration(String storeName, IReadOnlyList\u00601 keys, IReadOnlyDictionary\u00602 metadata, CancellationToken cancellationToken)\n   at Hexalith.EventStore.Configuration.DaprRateLimitConfigSync.FetchConfigurationAsync(DaprClient daprClient, String[] keys, CancellationToken cancellationToken) in /home/administrator/projects/hexalith/eventstore/src/Hexalith.EventStore/Configuration/DaprRateLimitConfigSync.cs:line 70\n   at Hexalith.EventStore.Configuration.DaprRateLimitConfigSync.LoadTenantIdsAsync(DaprClient daprClient, CancellationToken cancellationToken) in /home/administrator/projects/hexalith/eventstore/src/Hexalith.EventStore/Configuration/DaprRateLimitConfigSync.cs:line 80\n   at Hexalith.EventStore.Configuration.DaprRateLimitConfigSync.SyncTenantOverridesAsync(DaprClient daprClient, CancellationToken cancellationToken) in /home/administrator/projects/hexalith/eventstore/src/Hexalith.EventStore/Configuration/DaprRateLimitConfigSync.cs:line 158","State":{"{OriginalFormat}":"DAPR config store unavailable for rate limit sync. Falling back to appsettings.json values."}}
{"EventId":1121,"LogLevel":"Information","Category":"Hexalith.EventStore.Server.Projections.ProjectionDiscoveryHostedService","Message":"Projection discovery: domain \u0027counter\u0027 -\u003E immediate mode (fire-and-forget after persistence)","State":{"Message":"Domain=counter,{OriginalFormat}=Projection discovery: domain \u0027{Domain}\u0027 -\u003E immediate mode (fire-and-forget after persistence)","Domain":"counter","{OriginalFormat}":"Projection discovery: domain \u0027{Domain}\u0027 -\u003E immediate mode (fire-and-forget after persistence)"}}
{"EventId":1121,"LogLevel":"Information","Category":"Hexalith.EventStore.Server.Projections.ProjectionDiscoveryHostedService","Message":"Projection discovery: domain \u0027global-administrators\u0027 -\u003E immediate mode (fire-and-forget after persistence)","State":{"Message":"Domain=global-administrators,{OriginalFormat}=Projection discovery: domain \u0027{Domain}\u0027 -\u003E immediate mode (fire-and-forget after persistence)","Domain":"global-administrators","{OriginalFormat}":"Projection discovery: domain \u0027{Domain}\u0027 -\u003E immediate mode (fire-and-forget after persistence)"}}
{"EventId":1121,"LogLevel":"Information","Category":"Hexalith.EventStore.Server.Projections.ProjectionDiscoveryHostedService","Message":"Projection discovery: domain \u0027greeting\u0027 -\u003E immediate mode (fire-and-forget after persistence)","State":{"Message":"Domain=greeting,{OriginalFormat}=Projection discovery: domain \u0027{Domain}\u0027 -\u003E immediate mode (fire-and-forget after persistence)","Domain":"greeting","{OriginalFormat}":"Projection discovery: domain \u0027{Domain}\u0027 -\u003E immediate mode (fire-and-forget after persistence)"}}
{"EventId":1121,"LogLevel":"Information","Category":"Hexalith.EventStore.Server.Projections.ProjectionDiscoveryHostedService","Message":"Projection discovery: domain \u0027tenants\u0027 -\u003E immediate mode (fire-and-forget after persistence)","State":{"Message":"Domain=tenants,{OriginalFormat}=Projection discovery: domain \u0027{Domain}\u0027 -\u003E immediate mode (fire-and-forget after persistence)","Domain":"tenants","{OriginalFormat}":"Projection discovery: domain \u0027{Domain}\u0027 -\u003E immediate mode (fire-and-forget after persistence)"}}
{"EventId":1124,"LogLevel":"Information","Category":"Hexalith.EventStore.Server.Projections.ProjectionDiscoveryHostedService","Message":"Projection discovery complete: 4 domains discovered. Default refresh interval: 0ms (0=immediate).","State":{"Message":"DefaultRefreshIntervalMs=0,DomainCount=4,{OriginalFormat}=Projection discovery complete: {DomainCount} domains discovered. Default refresh interval: {DefaultRefreshIntervalMs}ms (0=immediate).","DefaultRefreshIntervalMs":0,"DomainCount":4,"{OriginalFormat}":"Projection discovery complete: {DomainCount} domains discovered. Default refresh interval: {DefaultRefreshIntervalMs}ms (0=immediate)."}}
{"EventId":1200,"LogLevel":"Information","Category":"Hexalith.EventStore.Server.Projections.ActiveRebuildIndexCleanupService","Message":"Active-rebuild-index cleanup service started: CadenceSeconds=60, Stage=ActiveRebuildIndexCleanupServiceStarted","State":{"Message":"CadenceSeconds=60,{OriginalFormat}=Active-rebuild-index cleanup service started: CadenceSeconds={CadenceSeconds}, Stage=ActiveRebuildIndexCleanupServiceStarted","CadenceSeconds":60,"{OriginalFormat}":"Active-rebuild-index cleanup service started: CadenceSeconds={CadenceSeconds}, Stage=ActiveRebuildIndexCleanupServiceStarted"}}
{"EventId":0,"LogLevel":"Information","Category":"Microsoft.Hosting.Lifetime","Message":"Application started. Press Ctrl\u002BC to shut down.","State":{"{OriginalFormat}":"Application started. Press Ctrl\u002BC to shut down."}}
{"EventId":0,"LogLevel":"Information","Category":"Microsoft.Hosting.Lifetime","Message":"Hosting environment: Development","State":{"EnvName":"Development","{OriginalFormat}":"Hosting environment: {EnvName}"}}
{"EventId":0,"LogLevel":"Information","Category":"Microsoft.Hosting.Lifetime","Message":"Content root path: /home/administrator/projects/hexalith/eventstore/src/Hexalith.EventStore","State":{"ContentRoot":"/home/administrator/projects/hexalith/eventstore/src/Hexalith.EventStore","{OriginalFormat}":"Content root path: {ContentRoot}"}}
{"EventId":1121,"LogLevel":"Information","Category":"Hexalith.EventStore.Server.Projections.ProjectionDiscoveryHostedService","Message":"Projection discovery: domain \u0027counter\u0027 -\u003E immediate mode (fire-and-forget after persistence)","State":{"Message":"Domain=counter,{OriginalFormat}=Projection discovery: domain \u0027{Domain}\u0027 -\u003E immediate mode (fire-and-forget after persistence)","Domain":"counter","{OriginalFormat}":"Projection discovery: domain \u0027{Domain}\u0027 -\u003E immediate mode (fire-and-forget after persistence)"}}
{"EventId":1121,"LogLevel":"Information","Category":"Hexalith.EventStore.Server.Projections.ProjectionDiscoveryHostedService","Message":"Projection discovery: domain \u0027global-administrators\u0027 -\u003E immediate mode (fire-and-forget after persistence)","State":{"Message":"Domain=global-administrators,{OriginalFormat}=Projection discovery: domain \u0027{Domain}\u0027 -\u003E immediate mode (fire-and-forget after persistence)","Domain":"global-administrators","{OriginalFormat}":"Projection discovery: domain \u0027{Domain}\u0027 -\u003E immediate mode (fire-and-forget after persistence)"}}
{"EventId":1121,"LogLevel":"Information","Category":"Hexalith.EventStore.Server.Projections.ProjectionDiscoveryHostedService","Message":"Projection discovery: domain \u0027greeting\u0027 -\u003E immediate mode (fire-and-forget after persistence)","State":{"Message":"Domain=greeting,{OriginalFormat}=Projection discovery: domain \u0027{Domain}\u0027 -\u003E immediate mode (fire-and-forget after persistence)","Domain":"greeting","{OriginalFormat}":"Projection discovery: domain \u0027{Domain}\u0027 -\u003E immediate mode (fire-and-forget after persistence)"}}
{"EventId":1121,"LogLevel":"Information","Category":"Hexalith.EventStore.Server.Projections.ProjectionDiscoveryHostedService","Message":"Projection discovery: domain \u0027tenants\u0027 -\u003E immediate mode (fire-and-forget after persistence)","State":{"Message":"Domain=tenants,{OriginalFormat}=Projection discovery: domain \u0027{Domain}\u0027 -\u003E immediate mode (fire-and-forget after persistence)","Domain":"tenants","{OriginalFormat}":"Projection discovery: domain \u0027{Domain}\u0027 -\u003E immediate mode (fire-and-forget after persistence)"}}
{"EventId":1124,"LogLevel":"Information","Category":"Hexalith.EventStore.Server.Projections.ProjectionDiscoveryHostedService","Message":"Projection discovery complete: 4 domains discovered. Default refresh interval: 0ms (0=immediate).","State":{"Message":"DefaultRefreshIntervalMs=0,DomainCount=4,{OriginalFormat}=Projection discovery complete: {DomainCount} domains discovered. Default refresh interval: {DefaultRefreshIntervalMs}ms (0=immediate).","DefaultRefreshIntervalMs":0,"DomainCount":4,"{OriginalFormat}":"Projection discovery complete: {DomainCount} domains discovered. Default refresh interval: {DefaultRefreshIntervalMs}ms (0=immediate)."}}
{"EventId":1200,"LogLevel":"Information","Category":"Hexalith.EventStore.Server.Projections.ActiveRebuildIndexCleanupService","Message":"Active-rebuild-index cleanup service started: CadenceSeconds=60, Stage=ActiveRebuildIndexCleanupServiceStarted","State":{"Message":"CadenceSeconds=60,{OriginalFormat}=Active-rebuild-index cleanup service started: CadenceSeconds={CadenceSeconds}, Stage=ActiveRebuildIndexCleanupServiceStarted","CadenceSeconds":60,"{OriginalFormat}":"Active-rebuild-index cleanup service started: CadenceSeconds={CadenceSeconds}, Stage=ActiveRebuildIndexCleanupServiceStarted"}}
{"EventId":0,"LogLevel":"Warning","Category":"Hexalith.EventStore.Configuration.DaprRateLimitConfigSync","Message":"DAPR config store unavailable for rate limit sync. Falling back to appsettings.json values.","Exception":"Dapr.DaprException: GetConfiguration operation failed: the Dapr endpoint indicated a failure. See InnerException for details.\n ---\u003E Grpc.Core.RpcException: Status(StatusCode=\u0022Unavailable\u0022, Detail=\u0022Error connecting to subchannel.\u0022, DebugException=\u0022System.Net.Sockets.SocketException: Connection refused\u0022)\n ---\u003E System.Net.Sockets.SocketException (111): Connection refused\n   at System.Net.Sockets.Socket.AwaitableSocketAsyncEventArgs.ThrowException(SocketError error, CancellationToken cancellationToken)\n   at System.Net.Sockets.Socket.AwaitableSocketAsyncEventArgs.System.Threading.Tasks.Sources.IValueTaskSource.GetResult(Int16 token)\n   at Grpc.Net.Client.Balancer.Internal.SocketConnectivitySubchannelTransport.TryConnectAsync(ConnectContext context, Int32 attempt)\n   --- End of inner exception stack trace ---\n   at Grpc.Net.Client.Balancer.Internal.ConnectionManager.PickAsync(PickContext context, Boolean waitForReady, CancellationToken cancellationToken)\n   at Grpc.Net.Client.Balancer.Internal.BalancerHttpHandler.SendAsync(HttpRequestMessage request, CancellationToken cancellationToken)\n   at Grpc.Net.Client.Internal.GrpcCall\u00602.RunCall(HttpRequestMessage request, Nullable\u00601 timeout)\n   at Dapr.Client.DaprClientGrpc.GetConfiguration(String storeName, IReadOnlyList\u00601 keys, IReadOnlyDictionary\u00602 metadata, CancellationToken cancellationToken)\n   --- End of inner exception stack trace ---\n   at Dapr.Client.DaprClientGrpc.GetConfiguration(String storeName, IReadOnlyList\u00601 keys, IReadOnlyDictionary\u00602 metadata, CancellationToken cancellationToken)\n   at Hexalith.EventStore.Configuration.DaprRateLimitConfigSync.FetchConfigurationAsync(DaprClient daprClient, String[] keys, CancellationToken cancellationToken) in /home/administrator/projects/hexalith/eventstore/src/Hexalith.EventStore/Configuration/DaprRateLimitConfigSync.cs:line 70\n   at Hexalith.EventStore.Configuration.DaprRateLimitConfigSync.LoadTenantIdsAsync(DaprClient daprClient, CancellationToken cancellationToken) in /home/administrator/projects/hexalith/eventstore/src/Hexalith.EventStore/Configuration/DaprRateLimitConfigSync.cs:line 80\n   at Hexalith.EventStore.Configuration.DaprRateLimitConfigSync.SyncTenantOverridesAsync(DaprClient daprClient, CancellationToken cancellationToken) in /home/administrator/projects/hexalith/eventstore/src/Hexalith.EventStore/Configuration/DaprRateLimitConfigSync.cs:line 158","State":{"{OriginalFormat}":"DAPR config store unavailable for rate limit sync. Falling back to appsettings.json values."}}
{"EventId":0,"LogLevel":"Information","Category":"Microsoft.Hosting.Lifetime","Message":"Application started. Press Ctrl\u002BC to shut down.","State":{"{OriginalFormat}":"Application started. Press Ctrl\u002BC to shut down."}}
{"EventId":0,"LogLevel":"Information","Category":"Microsoft.Hosting.Lifetime","Message":"Hosting environment: Development","State":{"EnvName":"Development","{OriginalFormat}":"Hosting environment: {EnvName}"}}
{"EventId":0,"LogLevel":"Information","Category":"Microsoft.Hosting.Lifetime","Message":"Content root path: /home/administrator/projects/hexalith/eventstore/src/Hexalith.EventStore","State":{"ContentRoot":"/home/administrator/projects/hexalith/eventstore/src/Hexalith.EventStore","{OriginalFormat}":"Content root path: {ContentRoot}"}}
{"EventId":0,"LogLevel":"Information","Category":"Microsoft.Hosting.Lifetime","Message":"Application is shutting down...","State":{"{OriginalFormat}":"Application is shutting down..."}}
{"EventId":0,"LogLevel":"Information","Category":"Microsoft.Hosting.Lifetime","Message":"Application is shutting down...","State":{"{OriginalFormat}":"Application is shutting down..."}}
{"EventId":0,"LogLevel":"Information","Category":"Microsoft.Hosting.Lifetime","Message":"Application is shutting down...","State":{"{OriginalFormat}":"Application is shutting down..."}}
{"EventId":0,"LogLevel":"Information","Category":"Microsoft.Hosting.Lifetime","Message":"Application is shutting down...","State":{"{OriginalFormat}":"Application is shutting down..."}}
{"EventId":0,"LogLevel":"Information","Category":"Microsoft.Hosting.Lifetime","Message":"Application is shutting down...","State":{"{OriginalFormat}":"Application is shutting down..."}}
{"EventId":0,"LogLevel":"Information","Category":"Microsoft.Hosting.Lifetime","Message":"Application is shutting down...","State":{"{OriginalFormat}":"Application is shutting down..."}}
    Hexalith.EventStore.Server.Tests.Actors.AggregateActorInfrastructureFailureTests.PublicationIndexRefusalCleanupSaveAmbiguityHasABoundedExactConsequence(commitThenThrow: False) [FAIL]
      Hexalith.EventStore.Server.Actors.ActorStateRemediationException : Actor state remediation failed. PrimaryFailureStage=EventsStored; PrimaryExceptionType=FileNotFoundException; RemediationOperation=SaveRejection; RemediationExceptionType=IOException; DiscardExceptionType=None; FailedBatchDiscarded=True; DurableStateObservation=CleanupNotCommitted.
      Stack Trace:
        src/Hexalith.EventStore.Server/Actors/AggregateActor.cs(4941,0): at Hexalith.EventStore.Server.Actors.AggregateActor.HandleInfrastructureFailureAsync(CommandEnvelope command, String causationId, CommandStatus failureStage, Exception exception, ActorStateMachine stateMachine, String pipelineKeyPrefix, Activity processActivity, Int64 startTicks, Nullable`1 eventCount, CancellationToken cancellationToken, Boolean logicalReadFailure)
        src/Hexalith.EventStore.Server/Actors/AggregateActor.cs(1595,0): at Hexalith.EventStore.Server.Actors.AggregateActor.ProcessCommandCoreAsync(CommandEnvelope command, IdempotencyExecutionContext executionContext, CancellationToken cancellationToken, TrustedEffectAdmission effectAdmission)
        src/Hexalith.EventStore.Server/Actors/AggregateActor.cs(1804,0): at Hexalith.EventStore.Server.Actors.AggregateActor.ProcessCommandCoreAsync(CommandEnvelope command, IdempotencyExecutionContext executionContext, CancellationToken cancellationToken, TrustedEffectAdmission effectAdmission)
        tests/Hexalith.EventStore.Server.Tests/Actors/AggregateActorInfrastructureFailureTests.cs(2485,0): at Hexalith.EventStore.Server.Tests.Actors.AggregateActorInfrastructureFailureTests.PublicationIndexRefusalCleanupSaveAmbiguityHasABoundedExactConsequence(Boolean commitThenThrow)
        --- End of stack trace from previous location ---
    Hexalith.EventStore.Server.Tests.Actors.AggregateActorInfrastructureFailureTests.PublicationIndexRefusalCleanupSaveAmbiguityHasABoundedExactConsequence(commitThenThrow: True) [FAIL]
      Hexalith.EventStore.Server.Actors.ActorStateRemediationException : Actor state remediation failed. PrimaryFailureStage=EventsStored; PrimaryExceptionType=FileNotFoundException; RemediationOperation=SaveRejection; RemediationExceptionType=IOException; DiscardExceptionType=None; FailedBatchDiscarded=True; DurableStateObservation=CleanupCommitted.
      Stack Trace:
        src/Hexalith.EventStore.Server/Actors/AggregateActor.cs(4941,0): at Hexalith.EventStore.Server.Actors.AggregateActor.HandleInfrastructureFailureAsync(CommandEnvelope command, String causationId, CommandStatus failureStage, Exception exception, ActorStateMachine stateMachine, String pipelineKeyPrefix, Activity processActivity, Int64 startTicks, Nullable`1 eventCount, CancellationToken cancellationToken, Boolean logicalReadFailure)
        src/Hexalith.EventStore.Server/Actors/AggregateActor.cs(1595,0): at Hexalith.EventStore.Server.Actors.AggregateActor.ProcessCommandCoreAsync(CommandEnvelope command, IdempotencyExecutionContext executionContext, CancellationToken cancellationToken, TrustedEffectAdmission effectAdmission)
        src/Hexalith.EventStore.Server/Actors/AggregateActor.cs(1804,0): at Hexalith.EventStore.Server.Actors.AggregateActor.ProcessCommandCoreAsync(CommandEnvelope command, IdempotencyExecutionContext executionContext, CancellationToken cancellationToken, TrustedEffectAdmission effectAdmission)
        tests/Hexalith.EventStore.Server.Tests/Actors/AggregateActorInfrastructureFailureTests.cs(2485,0): at Hexalith.EventStore.Server.Tests.Actors.AggregateActorInfrastructureFailureTests.PublicationIndexRefusalCleanupSaveAmbiguityHasABoundedExactConsequence(Boolean commitThenThrow)
        --- End of stack trace from previous location ---
    Hexalith.EventStore.Server.Tests.Actors.AggregateActorInfrastructureFailureTests.EventBatchSaveCommitsThenThrowsIOException_DoesNotReinvokeDomainOrAppendADuplicateEvent [FAIL]
      Hexalith.EventStore.Server.Actors.ActorStateRemediationException : Actor state remediation failed. PrimaryFailureStage=EventsStored; PrimaryExceptionType=FileNotFoundException; RemediationOperation=SaveRejection; RemediationExceptionType=IOException; DiscardExceptionType=None; FailedBatchDiscarded=True; DurableStateObservation=CleanupCommitted.
      Stack Trace:
        src/Hexalith.EventStore.Server/Actors/AggregateActor.cs(4941,0): at Hexalith.EventStore.Server.Actors.AggregateActor.HandleInfrastructureFailureAsync(CommandEnvelope command, String causationId, CommandStatus failureStage, Exception exception, ActorStateMachine stateMachine, String pipelineKeyPrefix, Activity processActivity, Int64 startTicks, Nullable`1 eventCount, CancellationToken cancellationToken, Boolean logicalReadFailure)
        src/Hexalith.EventStore.Server/Actors/AggregateActor.cs(1595,0): at Hexalith.EventStore.Server.Actors.AggregateActor.ProcessCommandCoreAsync(CommandEnvelope command, IdempotencyExecutionContext executionContext, CancellationToken cancellationToken, TrustedEffectAdmission effectAdmission)
        src/Hexalith.EventStore.Server/Actors/AggregateActor.cs(1804,0): at Hexalith.EventStore.Server.Actors.AggregateActor.ProcessCommandCoreAsync(CommandEnvelope command, IdempotencyExecutionContext executionContext, CancellationToken cancellationToken, TrustedEffectAdmission effectAdmission)
        tests/Hexalith.EventStore.Server.Tests/Actors/AggregateActorInfrastructureFailureTests.cs(426,0): at Hexalith.EventStore.Server.Tests.Actors.AggregateActorInfrastructureFailureTests.EventBatchSaveCommitsThenThrowsIOException_DoesNotReinvokeDomainOrAppendADuplicateEvent()
        --- End of stack trace from previous location ---
    Hexalith.EventStore.Server.Tests.Actors.AggregateActorInfrastructureFailureTests.PersistenceConflictExhaustionPreservesOnlyTheConcurrentWinner [FAIL]
      Hexalith.EventStore.Server.Actors.ActorStateRemediationException : Actor state remediation failed. PrimaryFailureStage=EventsStored; PrimaryExceptionType=FileNotFoundException; RemediationOperation=SaveRejection; RemediationExceptionType=InvalidOperationException; DiscardExceptionType=None; FailedBatchDiscarded=True; DurableStateObservation=CleanupNotCommitted.
      Stack Trace:
        src/Hexalith.EventStore.Server/Actors/AggregateActor.cs(4941,0): at Hexalith.EventStore.Server.Actors.AggregateActor.HandleInfrastructureFailureAsync(CommandEnvelope command, String causationId, CommandStatus failureStage, Exception exception, ActorStateMachine stateMachine, String pipelineKeyPrefix, Activity processActivity, Int64 startTicks, Nullable`1 eventCount, CancellationToken cancellationToken, Boolean logicalReadFailure)
        src/Hexalith.EventStore.Server/Actors/AggregateActor.cs(1595,0): at Hexalith.EventStore.Server.Actors.AggregateActor.ProcessCommandCoreAsync(CommandEnvelope command, IdempotencyExecutionContext executionContext, CancellationToken cancellationToken, TrustedEffectAdmission effectAdmission)
        src/Hexalith.EventStore.Server/Actors/AggregateActor.cs(1804,0): at Hexalith.EventStore.Server.Actors.AggregateActor.ProcessCommandCoreAsync(CommandEnvelope command, IdempotencyExecutionContext executionContext, CancellationToken cancellationToken, TrustedEffectAdmission effectAdmission)
        tests/Hexalith.EventStore.Server.Tests/Actors/AggregateActorInfrastructureFailureTests.cs(544,0): at Hexalith.EventStore.Server.Tests.Actors.AggregateActorInfrastructureFailureTests.PersistenceConflictExhaustionPreservesOnlyTheConcurrentWinner()
        --- End of stack trace from previous location ---
    Hexalith.EventStore.Server.Tests.Actors.AggregateActorInfrastructureFailureTests.EventBatchSaveCommitsThenThrows_DoesNotReinvokeDomainOrAppendADuplicateEvent [FAIL]
      Hexalith.EventStore.Server.Actors.ActorStateRemediationException : Actor state remediation failed. PrimaryFailureStage=EventsStored; PrimaryExceptionType=FileNotFoundException; RemediationOperation=SaveRejection; RemediationExceptionType=InvalidOperationException; DiscardExceptionType=None; FailedBatchDiscarded=True; DurableStateObservation=CleanupCommitted.
      Stack Trace:
        src/Hexalith.EventStore.Server/Actors/AggregateActor.cs(4941,0): at Hexalith.EventStore.Server.Actors.AggregateActor.HandleInfrastructureFailureAsync(CommandEnvelope command, String causationId, CommandStatus failureStage, Exception exception, ActorStateMachine stateMachine, String pipelineKeyPrefix, Activity processActivity, Int64 startTicks, Nullable`1 eventCount, CancellationToken cancellationToken, Boolean logicalReadFailure)
        src/Hexalith.EventStore.Server/Actors/AggregateActor.cs(1595,0): at Hexalith.EventStore.Server.Actors.AggregateActor.ProcessCommandCoreAsync(CommandEnvelope command, IdempotencyExecutionContext executionContext, CancellationToken cancellationToken, TrustedEffectAdmission effectAdmission)
        src/Hexalith.EventStore.Server/Actors/AggregateActor.cs(1804,0): at Hexalith.EventStore.Server.Actors.AggregateActor.ProcessCommandCoreAsync(CommandEnvelope command, IdempotencyExecutionContext executionContext, CancellationToken cancellationToken, TrustedEffectAdmission effectAdmission)
        tests/Hexalith.EventStore.Server.Tests/Actors/AggregateActorInfrastructureFailureTests.cs(348,0): at Hexalith.EventStore.Server.Tests.Actors.AggregateActorInfrastructureFailureTests.EventBatchSaveCommitsThenThrows_DoesNotReinvokeDomainOrAppendADuplicateEvent()
        --- End of stack trace from previous location ---
    Hexalith.EventStore.Server.Tests.Actors.AggregateActorInfrastructureFailureTests.TerminalSaveCommitsThenThrowsIOException_ReturnsTheExactResultWithoutARedundantTerminalSave [FAIL]
      Shouldly.ShouldAssertException : result.Accepted
          should be
      True
          but was
      False
      Stack Trace:
        tests/Hexalith.EventStore.Server.Tests/Actors/AggregateActorInfrastructureFailureTests.cs(2254,0): at Hexalith.EventStore.Server.Tests.Actors.AggregateActorInfrastructureFailureTests.TerminalSaveCommitsThenThrowsIOException_ReturnsTheExactResultWithoutARedundantTerminalSave()
           at System.Runtime.ExceptionServices.ExceptionDispatchInfo.Throw()
           at System.Runtime.CompilerServices.TaskAwaiter.ThrowForNonSuccess(Task task)
           at System.Runtime.CompilerServices.TaskAwaiter.HandleNonSuccessAndDebuggerNotification(Task task, ConfigureAwaitOptions options)
        --- End of stack trace from previous location ---
           at System.Runtime.ExceptionServices.ExceptionDispatchInfo.Throw()
           at System.Runtime.CompilerServices.TaskAwaiter.ThrowForNonSuccess(Task task)
           at System.Runtime.CompilerServices.TaskAwaiter.HandleNonSuccessAndDebuggerNotification(Task task, ConfigureAwaitOptions options)
    Hexalith.EventStore.Server.Tests.Actors.AggregateActorInfrastructureFailureTests.EventBatchSaveFailsBeforeCommitWithIOException_UsesTheExistingInfrastructureRejection [FAIL]
      Hexalith.EventStore.Server.Actors.ActorStateRemediationException : Actor state remediation failed. PrimaryFailureStage=EventsStored; PrimaryExceptionType=FileNotFoundException; RemediationOperation=SaveRejection; RemediationExceptionType=IOException; DiscardExceptionType=None; FailedBatchDiscarded=True; DurableStateObservation=CleanupNotCommitted.
      Stack Trace:
        src/Hexalith.EventStore.Server/Actors/AggregateActor.cs(4941,0): at Hexalith.EventStore.Server.Actors.AggregateActor.HandleInfrastructureFailureAsync(CommandEnvelope command, String causationId, CommandStatus failureStage, Exception exception, ActorStateMachine stateMachine, String pipelineKeyPrefix, Activity processActivity, Int64 startTicks, Nullable`1 eventCount, CancellationToken cancellationToken, Boolean logicalReadFailure)
        src/Hexalith.EventStore.Server/Actors/AggregateActor.cs(1595,0): at Hexalith.EventStore.Server.Actors.AggregateActor.ProcessCommandCoreAsync(CommandEnvelope command, IdempotencyExecutionContext executionContext, CancellationToken cancellationToken, TrustedEffectAdmission effectAdmission)
        src/Hexalith.EventStore.Server/Actors/AggregateActor.cs(1804,0): at Hexalith.EventStore.Server.Actors.AggregateActor.ProcessCommandCoreAsync(CommandEnvelope command, IdempotencyExecutionContext executionContext, CancellationToken cancellationToken, TrustedEffectAdmission effectAdmission)
        tests/Hexalith.EventStore.Server.Tests/Actors/AggregateActorInfrastructureFailureTests.cs(395,0): at Hexalith.EventStore.Server.Tests.Actors.AggregateActorInfrastructureFailureTests.EventBatchSaveFailsBeforeCommitWithIOException_UsesTheExistingInfrastructureRejection()
        --- End of stack trace from previous location ---
    Hexalith.EventStore.Server.Tests.Actors.AggregateActorInfrastructureFailureTests.TerminalSaveCommitsThenThrows_ReturnsTheExactResultWithoutARedundantTerminalSave [FAIL]
      Shouldly.ShouldAssertException : result.Accepted
          should be
      True
          but was
      False
      Stack Trace:
        tests/Hexalith.EventStore.Server.Tests/Actors/AggregateActorInfrastructureFailureTests.cs(2094,0): at Hexalith.EventStore.Server.Tests.Actors.AggregateActorInfrastructureFailureTests.TerminalSaveCommitsThenThrows_ReturnsTheExactResultWithoutARedundantTerminalSave()
           at System.Runtime.ExceptionServices.ExceptionDispatchInfo.Throw()
           at System.Runtime.CompilerServices.TaskAwaiter.ThrowForNonSuccess(Task task)
           at System.Runtime.CompilerServices.TaskAwaiter.HandleNonSuccessAndDebuggerNotification(Task task, ConfigureAwaitOptions options)
        --- End of stack trace from previous location ---
           at System.Runtime.ExceptionServices.ExceptionDispatchInfo.Throw()
           at System.Runtime.CompilerServices.TaskAwaiter.ThrowForNonSuccess(Task task)
           at System.Runtime.CompilerServices.TaskAwaiter.HandleNonSuccessAndDebuggerNotification(Task task, ConfigureAwaitOptions options)
    Hexalith.EventStore.Server.Tests.Actors.AggregateActorInfrastructureFailureTests.TerminalSaveFailsBeforeCommit_PreservesTheExistingRetryableCheckpoint [FAIL]
      Shouldly.ShouldAssertException : Task `) => context.Actor.ProcessCommandAsync(command`
          should throw
      Hexalith.EventStore.Server.Commands.ConcurrencyConflictException
          but did not
      Stack Trace:
           at System.Threading.Tasks.ContinuationResultTaskFromResultTask`2.InnerInvoke()
           at System.Threading.ExecutionContext.RunFromThreadPoolDispatchLoop(Thread threadPoolThread, ExecutionContext executionContext, ContextCallback callback, Object state)
        --- End of stack trace from previous location ---
           at System.Runtime.ExceptionServices.ExceptionDispatchInfo.Throw()
           at System.Threading.ExecutionContext.RunFromThreadPoolDispatchLoop(Thread threadPoolThread, ExecutionContext executionContext, ContextCallback callback, Object state)
           at System.Threading.Tasks.Task.ExecuteWithThreadLocal(Task& currentTaskSlot, Thread threadPoolThread)
        --- End of stack trace from previous location ---
           at System.Runtime.ExceptionServices.ExceptionDispatchInfo.Throw()
           at System.Runtime.CompilerServices.TaskAwaiter.ThrowForNonSuccess(Task task)
           at System.Runtime.CompilerServices.TaskAwaiter.HandleNonSuccessAndDebuggerNotification(Task task, ConfigureAwaitOptions options)
           at System.Runtime.CompilerServices.TaskAwaiter`1.GetResult()
        tests/Hexalith.EventStore.Server.Tests/Actors/AggregateActorInfrastructureFailureTests.cs(2062,0): at Hexalith.EventStore.Server.Tests.Actors.AggregateActorInfrastructureFailureTests.TerminalSaveFailsBeforeCommit_PreservesTheExistingRetryableCheckpoint()
           at System.Runtime.ExceptionServices.ExceptionDispatchInfo.Throw()
           at System.Runtime.CompilerServices.TaskAwaiter.ThrowForNonSuccess(Task task)
           at System.Runtime.CompilerServices.TaskAwaiter.HandleNonSuccessAndDebuggerNotification(Task task, ConfigureAwaitOptions options)
        --- End of stack trace from previous location ---
           at System.Runtime.ExceptionServices.ExceptionDispatchInfo.Throw()
           at System.Runtime.CompilerServices.TaskAwaiter.ThrowForNonSuccess(Task task)
           at System.Runtime.CompilerServices.TaskAwaiter.HandleNonSuccessAndDebuggerNotification(Task task, ConfigureAwaitOptions options)
    Hexalith.EventStore.Server.Tests.Actors.AggregateActorInfrastructureFailureTests.EventBatchSaveFailsBeforeCommit_RetriesWithoutLeavingTheFailedAttempt [FAIL]
      Hexalith.EventStore.Server.Actors.ActorStateRemediationException : Actor state remediation failed. PrimaryFailureStage=EventsStored; PrimaryExceptionType=FileNotFoundException; RemediationOperation=SaveRejection; RemediationExceptionType=InvalidOperationException; DiscardExceptionType=None; FailedBatchDiscarded=True; DurableStateObservation=CleanupNotCommitted.
      Stack Trace:
        src/Hexalith.EventStore.Server/Actors/AggregateActor.cs(4941,0): at Hexalith.EventStore.Server.Actors.AggregateActor.HandleInfrastructureFailureAsync(CommandEnvelope command, String causationId, CommandStatus failureStage, Exception exception, ActorStateMachine stateMachine, String pipelineKeyPrefix, Activity processActivity, Int64 startTicks, Nullable`1 eventCount, CancellationToken cancellationToken, Boolean logicalReadFailure)
        src/Hexalith.EventStore.Server/Actors/AggregateActor.cs(1595,0): at Hexalith.EventStore.Server.Actors.AggregateActor.ProcessCommandCoreAsync(CommandEnvelope command, IdempotencyExecutionContext executionContext, CancellationToken cancellationToken, TrustedEffectAdmission effectAdmission)
        src/Hexalith.EventStore.Server/Actors/AggregateActor.cs(1804,0): at Hexalith.EventStore.Server.Actors.AggregateActor.ProcessCommandCoreAsync(CommandEnvelope command, IdempotencyExecutionContext executionContext, CancellationToken cancellationToken, TrustedEffectAdmission effectAdmission)
        tests/Hexalith.EventStore.Server.Tests/Actors/AggregateActorInfrastructureFailureTests.cs(315,0): at Hexalith.EventStore.Server.Tests.Actors.AggregateActorInfrastructureFailureTests.EventBatchSaveFailsBeforeCommit_RetriesWithoutLeavingTheFailedAttempt()
        --- End of stack trace from previous location ---
    Hexalith.EventStore.Server.Tests.Actors.AggregateActorInfrastructureFailureTests.PersistenceConflictRetryClearsBeforeRehydratingTheConcurrentWinner [FAIL]
      Hexalith.EventStore.Server.Actors.ActorStateRemediationException : Actor state remediation failed. PrimaryFailureStage=EventsStored; PrimaryExceptionType=FileNotFoundException; RemediationOperation=SaveRejection; RemediationExceptionType=InvalidOperationException; DiscardExceptionType=None; FailedBatchDiscarded=True; DurableStateObservation=CleanupNotCommitted.
      Stack Trace:
        src/Hexalith.EventStore.Server/Actors/AggregateActor.cs(4941,0): at Hexalith.EventStore.Server.Actors.AggregateActor.HandleInfrastructureFailureAsync(CommandEnvelope command, String causationId, CommandStatus failureStage, Exception exception, ActorStateMachine stateMachine, String pipelineKeyPrefix, Activity processActivity, Int64 startTicks, Nullable`1 eventCount, CancellationToken cancellationToken, Boolean logicalReadFailure)
        src/Hexalith.EventStore.Server/Actors/AggregateActor.cs(1595,0): at Hexalith.EventStore.Server.Actors.AggregateActor.ProcessCommandCoreAsync(CommandEnvelope command, IdempotencyExecutionContext executionContext, CancellationToken cancellationToken, TrustedEffectAdmission effectAdmission)
        src/Hexalith.EventStore.Server/Actors/AggregateActor.cs(1804,0): at Hexalith.EventStore.Server.Actors.AggregateActor.ProcessCommandCoreAsync(CommandEnvelope command, IdempotencyExecutionContext executionContext, CancellationToken cancellationToken, TrustedEffectAdmission effectAdmission)
        tests/Hexalith.EventStore.Server.Tests/Actors/AggregateActorInfrastructureFailureTests.cs(221,0): at Hexalith.EventStore.Server.Tests.Actors.AggregateActorInfrastructureFailureTests.PersistenceConflictRetryClearsBeforeRehydratingTheConcurrentWinner()
        --- End of stack trace from previous location ---
    Hexalith.EventStore.Server.Tests.Actors.AggregateActorInfrastructureFailureTests.PublishFailedRecoverySaveFailsBeforeCommit_RetainsTheAlreadyCommittedRecoveryOwner [FAIL]
      Shouldly.ShouldAssertException : Task `) => context.Actor.ProcessCommandAsync(command`
          should throw
      Hexalith.EventStore.Server.Commands.ConcurrencyConflictException
          but did not
      Stack Trace:
           at System.Threading.Tasks.ContinuationResultTaskFromResultTask`2.InnerInvoke()
           at System.Threading.ExecutionContext.RunFromThreadPoolDispatchLoop(Thread threadPoolThread, ExecutionContext executionContext, ContextCallback callback, Object state)
        --- End of stack trace from previous location ---
           at System.Runtime.ExceptionServices.ExceptionDispatchInfo.Throw()
           at System.Threading.ExecutionContext.RunFromThreadPoolDispatchLoop(Thread threadPoolThread, ExecutionContext executionContext, ContextCallback callback, Object state)
           at System.Threading.Tasks.Task.ExecuteWithThreadLocal(Task& currentTaskSlot, Thread threadPoolThread)
        --- End of stack trace from previous location ---
           at System.Runtime.ExceptionServices.ExceptionDispatchInfo.Throw()
           at System.Runtime.CompilerServices.TaskAwaiter.ThrowForNonSuccess(Task task)
           at System.Runtime.CompilerServices.TaskAwaiter.HandleNonSuccessAndDebuggerNotification(Task task, ConfigureAwaitOptions options)
           at System.Runtime.CompilerServices.TaskAwaiter`1.GetResult()
        tests/Hexalith.EventStore.Server.Tests/Actors/AggregateActorInfrastructureFailureTests.cs(1985,0): at Hexalith.EventStore.Server.Tests.Actors.AggregateActorInfrastructureFailureTests.PublishFailedRecoverySaveFailsBeforeCommit_RetainsTheAlreadyCommittedRecoveryOwner()
           at System.Runtime.ExceptionServices.ExceptionDispatchInfo.Throw()
           at System.Runtime.CompilerServices.TaskAwaiter.ThrowForNonSuccess(Task task)
           at System.Runtime.CompilerServices.TaskAwaiter.HandleNonSuccessAndDebuggerNotification(Task task, ConfigureAwaitOptions options)
        --- End of stack trace from previous location ---
           at System.Runtime.ExceptionServices.ExceptionDispatchInfo.Throw()
           at System.Runtime.CompilerServices.TaskAwaiter.ThrowForNonSuccess(Task task)
           at System.Runtime.CompilerServices.TaskAwaiter.HandleNonSuccessAndDebuggerNotification(Task task, ConfigureAwaitOptions options)
    Hexalith.EventStore.Server.Tests.Actors.AggregateActorInfrastructureFailureTests.PublishFailedRecoverySaveCommitsThenThrows_RetainsTheObservedRecoveryOwner [FAIL]
      Shouldly.ShouldAssertException : result.Accepted
          should be
      True
          but was
      False
      Stack Trace:
        tests/Hexalith.EventStore.Server.Tests/Actors/AggregateActorInfrastructureFailureTests.cs(1840,0): at Hexalith.EventStore.Server.Tests.Actors.AggregateActorInfrastructureFailureTests.PublishFailedRecoverySaveCommitsThenThrows_RetainsTheObservedRecoveryOwner()
           at System.Runtime.ExceptionServices.ExceptionDispatchInfo.Throw()
           at System.Runtime.CompilerServices.TaskAwaiter.ThrowForNonSuccess(Task task)
           at System.Runtime.CompilerServices.TaskAwaiter.HandleNonSuccessAndDebuggerNotification(Task task, ConfigureAwaitOptions options)
        --- End of stack trace from previous location ---
           at System.Runtime.ExceptionServices.ExceptionDispatchInfo.Throw()
           at System.Runtime.CompilerServices.TaskAwaiter.ThrowForNonSuccess(Task task)
           at System.Runtime.CompilerServices.TaskAwaiter.HandleNonSuccessAndDebuggerNotification(Task task, ConfigureAwaitOptions options)
    Hexalith.EventStore.Server.Tests.Actors.AggregateActorInfrastructureFailureTests.TerminalSaveCommitsThenThrows_ConflictingPublicationIndexWitness_FailsClosed [FAIL]
      Shouldly.ShouldAssertException : Task `) => context.Actor.ProcessCommandAsync(command`
          should throw
      Hexalith.EventStore.Server.Actors.ActorStateRemediationException
          but did not
      Stack Trace:
           at System.Threading.Tasks.ContinuationResultTaskFromResultTask`2.InnerInvoke()
           at System.Threading.ExecutionContext.RunFromThreadPoolDispatchLoop(Thread threadPoolThread, ExecutionContext executionContext, ContextCallback callback, Object state)
        --- End of stack trace from previous location ---
           at System.Runtime.ExceptionServices.ExceptionDispatchInfo.Throw()
           at System.Threading.ExecutionContext.RunFromThreadPoolDispatchLoop(Thread threadPoolThread, ExecutionContext executionContext, ContextCallback callback, Object state)
           at System.Threading.Tasks.Task.ExecuteWithThreadLocal(Task& currentTaskSlot, Thread threadPoolThread)
        --- End of stack trace from previous location ---
           at System.Runtime.ExceptionServices.ExceptionDispatchInfo.Throw()
           at System.Runtime.CompilerServices.TaskAwaiter.ThrowForNonSuccess(Task task)
           at System.Runtime.CompilerServices.TaskAwaiter.HandleNonSuccessAndDebuggerNotification(Task task, ConfigureAwaitOptions options)
           at System.Runtime.CompilerServices.TaskAwaiter`1.GetResult()
        tests/Hexalith.EventStore.Server.Tests/Actors/AggregateActorInfrastructureFailureTests.cs(2171,0): at Hexalith.EventStore.Server.Tests.Actors.AggregateActorInfrastructureFailureTests.TerminalSaveCommitsThenThrows_ConflictingPublicationIndexWitness_FailsClosed()
           at System.Runtime.ExceptionServices.ExceptionDispatchInfo.Throw()
           at System.Runtime.CompilerServices.TaskAwaiter.ThrowForNonSuccess(Task task)
           at System.Runtime.CompilerServices.TaskAwaiter.HandleNonSuccessAndDebuggerNotification(Task task, ConfigureAwaitOptions options)
        --- End of stack trace from previous location ---
           at System.Runtime.ExceptionServices.ExceptionDispatchInfo.Throw()
           at System.Runtime.CompilerServices.TaskAwaiter.ThrowForNonSuccess(Task task)
           at System.Runtime.CompilerServices.TaskAwaiter.HandleNonSuccessAndDebuggerNotification(Task task, ConfigureAwaitOptions options)
    Hexalith.EventStore.Server.Tests.Actors.AggregateActorInfrastructureFailureTests.PublishFailedRecoverySaveCommitsThenThrows_ConflictingPendingCount_FailsClosed [FAIL]
      Shouldly.ShouldAssertException : Task `) => context.Actor.ProcessCommandAsync(command`
          should throw
      Hexalith.EventStore.Server.Actors.ActorStateRemediationException
          but did not
      Stack Trace:
           at System.Threading.Tasks.ContinuationResultTaskFromResultTask`2.InnerInvoke()
           at System.Threading.ExecutionContext.RunFromThreadPoolDispatchLoop(Thread threadPoolThread, ExecutionContext executionContext, ContextCallback callback, Object state)
        --- End of stack trace from previous location ---
           at System.Runtime.ExceptionServices.ExceptionDispatchInfo.Throw()
           at System.Threading.ExecutionContext.RunFromThreadPoolDispatchLoop(Thread threadPoolThread, ExecutionContext executionContext, ContextCallback callback, Object state)
           at System.Threading.Tasks.Task.ExecuteWithThreadLocal(Task& currentTaskSlot, Thread threadPoolThread)
        --- End of stack trace from previous location ---
           at System.Runtime.ExceptionServices.ExceptionDispatchInfo.Throw()
           at System.Runtime.CompilerServices.TaskAwaiter.ThrowForNonSuccess(Task task)
           at System.Runtime.CompilerServices.TaskAwaiter.HandleNonSuccessAndDebuggerNotification(Task task, ConfigureAwaitOptions options)
           at System.Runtime.CompilerServices.TaskAwaiter`1.GetResult()
        tests/Hexalith.EventStore.Server.Tests/Actors/AggregateActorInfrastructureFailureTests.cs(1958,0): at Hexalith.EventStore.Server.Tests.Actors.AggregateActorInfrastructureFailureTests.PublishFailedRecoverySaveCommitsThenThrows_ConflictingPendingCount_FailsClosed()
           at System.Runtime.ExceptionServices.ExceptionDispatchInfo.Throw()
           at System.Runtime.CompilerServices.TaskAwaiter.ThrowForNonSuccess(Task task)
           at System.Runtime.CompilerServices.TaskAwaiter.HandleNonSuccessAndDebuggerNotification(Task task, ConfigureAwaitOptions options)
        --- End of stack trace from previous location ---
           at System.Runtime.ExceptionServices.ExceptionDispatchInfo.Throw()
           at System.Runtime.CompilerServices.TaskAwaiter.ThrowForNonSuccess(Task task)
           at System.Runtime.CompilerServices.TaskAwaiter.HandleNonSuccessAndDebuggerNotification(Task task, ConfigureAwaitOptions options)
    Hexalith.EventStore.Server.Tests.Actors.AggregateActorInfrastructureFailureTests.PublicationIndexCapacityRefusal_ReportsNormalizedOwnerCount [FAIL]
      Shouldly.ShouldAssertException : result.BackpressureExceeded
          should be
      True
          but was
      False
      Stack Trace:
        tests/Hexalith.EventStore.Server.Tests/Actors/AggregateActorInfrastructureFailureTests.cs(2537,0): at Hexalith.EventStore.Server.Tests.Actors.AggregateActorInfrastructureFailureTests.PublicationIndexCapacityRefusal_ReportsNormalizedOwnerCount()
           at System.Runtime.ExceptionServices.ExceptionDispatchInfo.Throw()
           at System.Runtime.CompilerServices.TaskAwaiter.ThrowForNonSuccess(Task task)
           at System.Runtime.CompilerServices.TaskAwaiter.HandleNonSuccessAndDebuggerNotification(Task task, ConfigureAwaitOptions options)
        --- End of stack trace from previous location ---
           at System.Runtime.ExceptionServices.ExceptionDispatchInfo.Throw()
           at System.Runtime.CompilerServices.TaskAwaiter.ThrowForNonSuccess(Task task)
           at System.Runtime.CompilerServices.TaskAwaiter.HandleNonSuccessAndDebuggerNotification(Task task, ConfigureAwaitOptions options)
    Hexalith.EventStore.Server.Tests.Actors.AggregateActorInfrastructureFailureTests.PublishFailedRecoverySaveCommitsThenThrows_SameIdentityDifferentPipeline_FailsClosed [FAIL]
      Shouldly.ShouldAssertException : Task `) => context.Actor.ProcessCommandAsync(command`
          should throw
      Hexalith.EventStore.Server.Actors.ActorStateRemediationException
          but did not
      Stack Trace:
           at System.Threading.Tasks.ContinuationResultTaskFromResultTask`2.InnerInvoke()
           at System.Threading.ExecutionContext.RunFromThreadPoolDispatchLoop(Thread threadPoolThread, ExecutionContext executionContext, ContextCallback callback, Object state)
        --- End of stack trace from previous location ---
           at System.Runtime.ExceptionServices.ExceptionDispatchInfo.Throw()
           at System.Threading.ExecutionContext.RunFromThreadPoolDispatchLoop(Thread threadPoolThread, ExecutionContext executionContext, ContextCallback callback, Object state)
           at System.Threading.Tasks.Task.ExecuteWithThreadLocal(Task& currentTaskSlot, Thread threadPoolThread)
        --- End of stack trace from previous location ---
           at System.Runtime.ExceptionServices.ExceptionDispatchInfo.Throw()
           at System.Runtime.CompilerServices.TaskAwaiter.ThrowForNonSuccess(Task task)
           at System.Runtime.CompilerServices.TaskAwaiter.HandleNonSuccessAndDebuggerNotification(Task task, ConfigureAwaitOptions options)
           at System.Runtime.CompilerServices.TaskAwaiter`1.GetResult()
        tests/Hexalith.EventStore.Server.Tests/Actors/AggregateActorInfrastructureFailureTests.cs(1928,0): at Hexalith.EventStore.Server.Tests.Actors.AggregateActorInfrastructureFailureTests.PublishFailedRecoverySaveCommitsThenThrows_SameIdentityDifferentPipeline_FailsClosed()
           at System.Runtime.ExceptionServices.ExceptionDispatchInfo.Throw()
           at System.Runtime.CompilerServices.TaskAwaiter.ThrowForNonSuccess(Task task)
           at System.Runtime.CompilerServices.TaskAwaiter.HandleNonSuccessAndDebuggerNotification(Task task, ConfigureAwaitOptions options)
        --- End of stack trace from previous location ---
           at System.Runtime.ExceptionServices.ExceptionDispatchInfo.Throw()
           at System.Runtime.CompilerServices.TaskAwaiter.ThrowForNonSuccess(Task task)
           at System.Runtime.CompilerServices.TaskAwaiter.HandleNonSuccessAndDebuggerNotification(Task task, ConfigureAwaitOptions options)
    Hexalith.EventStore.Server.Tests.Actors.AggregateActorInfrastructureFailureTests.ConflictRetryCallerCancellationPropagatesAfterNonCancelableDiscard [FAIL]
      Shouldly.ShouldAssertException : Task `) => context.Actor.ProcessCommandAsync(command, cancellation.Token`
          should throw
      System.OperationCanceledException
          but threw
      Hexalith.EventStore.Server.Actors.ActorStateRemediationException
      Stack Trace:
           at System.Threading.Tasks.ContinuationResultTaskFromResultTask`2.InnerInvoke()
           at System.Threading.ExecutionContext.RunFromThreadPoolDispatchLoop(Thread threadPoolThread, ExecutionContext executionContext, ContextCallback callback, Object state)
        --- End of stack trace from previous location ---
           at System.Runtime.ExceptionServices.ExceptionDispatchInfo.Throw()
           at System.Threading.ExecutionContext.RunFromThreadPoolDispatchLoop(Thread threadPoolThread, ExecutionContext executionContext, ContextCallback callback, Object state)
           at System.Threading.Tasks.Task.ExecuteWithThreadLocal(Task& currentTaskSlot, Thread threadPoolThread)
        --- End of stack trace from previous location ---
           at System.Runtime.ExceptionServices.ExceptionDispatchInfo.Throw()
           at System.Runtime.CompilerServices.TaskAwaiter.ThrowForNonSuccess(Task task)
           at System.Runtime.CompilerServices.TaskAwaiter.HandleNonSuccessAndDebuggerNotification(Task task, ConfigureAwaitOptions options)
           at System.Runtime.CompilerServices.TaskAwaiter`1.GetResult()
        tests/Hexalith.EventStore.Server.Tests/Actors/AggregateActorInfrastructureFailureTests.cs(581,0): at Hexalith.EventStore.Server.Tests.Actors.AggregateActorInfrastructureFailureTests.ConflictRetryCallerCancellationPropagatesAfterNonCancelableDiscard()
           at System.Runtime.ExceptionServices.ExceptionDispatchInfo.Throw()
           at System.Runtime.CompilerServices.TaskAwaiter.ThrowForNonSuccess(Task task)
           at System.Runtime.CompilerServices.TaskAwaiter.HandleNonSuccessAndDebuggerNotification(Task task, ConfigureAwaitOptions options)
        --- End of stack trace from previous location ---
           at System.Runtime.ExceptionServices.ExceptionDispatchInfo.Throw()
           at System.Runtime.CompilerServices.TaskAwaiter.ThrowForNonSuccess(Task task)
           at System.Runtime.CompilerServices.TaskAwaiter.HandleNonSuccessAndDebuggerNotification(Task task, ConfigureAwaitOptions options)
    Hexalith.EventStore.Server.Tests.Actors.AggregateActorInfrastructureFailureTests.TerminalSaveCommitsThenThrows_ConflictingPendingCountWitness_FailsClosed [FAIL]
      Shouldly.ShouldAssertException : Task `) => context.Actor.ProcessCommandAsync(command`
          should throw
      Hexalith.EventStore.Server.Actors.ActorStateRemediationException
          but did not
      Stack Trace:
           at System.Threading.Tasks.ContinuationResultTaskFromResultTask`2.InnerInvoke()
           at System.Threading.ExecutionContext.RunFromThreadPoolDispatchLoop(Thread threadPoolThread, ExecutionContext executionContext, ContextCallback callback, Object state)
        --- End of stack trace from previous location ---
           at System.Runtime.ExceptionServices.ExceptionDispatchInfo.Throw()
           at System.Threading.ExecutionContext.RunFromThreadPoolDispatchLoop(Thread threadPoolThread, ExecutionContext executionContext, ContextCallback callback, Object state)
           at System.Threading.Tasks.Task.ExecuteWithThreadLocal(Task& currentTaskSlot, Thread threadPoolThread)
        --- End of stack trace from previous location ---
           at System.Runtime.ExceptionServices.ExceptionDispatchInfo.Throw()
           at System.Runtime.CompilerServices.TaskAwaiter.ThrowForNonSuccess(Task task)
           at System.Runtime.CompilerServices.TaskAwaiter.HandleNonSuccessAndDebuggerNotification(Task task, ConfigureAwaitOptions options)
           at System.Runtime.CompilerServices.TaskAwaiter`1.GetResult()
        tests/Hexalith.EventStore.Server.Tests/Actors/AggregateActorInfrastructureFailureTests.cs(2198,0): at Hexalith.EventStore.Server.Tests.Actors.AggregateActorInfrastructureFailureTests.TerminalSaveCommitsThenThrows_ConflictingPendingCountWitness_FailsClosed()
           at System.Runtime.ExceptionServices.ExceptionDispatchInfo.Throw()
           at System.Runtime.CompilerServices.TaskAwaiter.ThrowForNonSuccess(Task task)
           at System.Runtime.CompilerServices.TaskAwaiter.HandleNonSuccessAndDebuggerNotification(Task task, ConfigureAwaitOptions options)
        --- End of stack trace from previous location ---
           at System.Runtime.ExceptionServices.ExceptionDispatchInfo.Throw()
           at System.Runtime.CompilerServices.TaskAwaiter.ThrowForNonSuccess(Task task)
           at System.Runtime.CompilerServices.TaskAwaiter.HandleNonSuccessAndDebuggerNotification(Task task, ConfigureAwaitOptions options)
    Hexalith.EventStore.Server.Tests.Actors.AggregateActorInfrastructureFailureTests.PublishFailedRecoverySaveCommitsThenThrows_PartialDrainWitness_FailsClosed [FAIL]
      Shouldly.ShouldAssertException : Task `) => context.Actor.ProcessCommandAsync(command`
          should throw
      Hexalith.EventStore.Server.Actors.ActorStateRemediationException
          but did not
      Stack Trace:
           at System.Threading.Tasks.ContinuationResultTaskFromResultTask`2.InnerInvoke()
           at System.Threading.ExecutionContext.RunFromThreadPoolDispatchLoop(Thread threadPoolThread, ExecutionContext executionContext, ContextCallback callback, Object state)
        --- End of stack trace from previous location ---
           at System.Runtime.ExceptionServices.ExceptionDispatchInfo.Throw()
           at System.Threading.ExecutionContext.RunFromThreadPoolDispatchLoop(Thread threadPoolThread, ExecutionContext executionContext, ContextCallback callback, Object state)
           at System.Threading.Tasks.Task.ExecuteWithThreadLocal(Task& currentTaskSlot, Thread threadPoolThread)
        --- End of stack trace from previous location ---
           at System.Runtime.ExceptionServices.ExceptionDispatchInfo.Throw()
           at System.Runtime.CompilerServices.TaskAwaiter.ThrowForNonSuccess(Task task)
           at System.Runtime.CompilerServices.TaskAwaiter.HandleNonSuccessAndDebuggerNotification(Task task, ConfigureAwaitOptions options)
           at System.Runtime.CompilerServices.TaskAwaiter`1.GetResult()
        tests/Hexalith.EventStore.Server.Tests/Actors/AggregateActorInfrastructureFailureTests.cs(1886,0): at Hexalith.EventStore.Server.Tests.Actors.AggregateActorInfrastructureFailureTests.PublishFailedRecoverySaveCommitsThenThrows_PartialDrainWitness_FailsClosed()
           at System.Runtime.ExceptionServices.ExceptionDispatchInfo.Throw()
           at System.Runtime.CompilerServices.TaskAwaiter.ThrowForNonSuccess(Task task)
           at System.Runtime.CompilerServices.TaskAwaiter.HandleNonSuccessAndDebuggerNotification(Task task, ConfigureAwaitOptions options)
        --- End of stack trace from previous location ---
           at System.Runtime.ExceptionServices.ExceptionDispatchInfo.Throw()
           at System.Runtime.CompilerServices.TaskAwaiter.ThrowForNonSuccess(Task task)
           at System.Runtime.CompilerServices.TaskAwaiter.HandleNonSuccessAndDebuggerNotification(Task task, ConfigureAwaitOptions options)
    Hexalith.EventStore.Server.Tests.Actors.AggregateActorInfrastructureFailureTests.ConflictExhaustionRemediationFailurePreservesWinnerAndPrimaryConflict(failurePoint: "ClearCache", expectedOperation: "ClearCache") [FAIL]
      Shouldly.ShouldAssertException : exception.PrimaryFailureStage
          should be
      "PersistenceConflict"
          but was
      "EventsStored"
          difference
      Difference     |  |    |    |    |    |         |    |    |    |         |    |    |    |    |    |    |    |   
                     | \|/  \|/  \|/  \|/  \|/       \|/  \|/  \|/  \|/       \|/  \|/  \|/  \|/  \|/  \|/  \|/  \|/  
      Index          | 0    1    2    3    4    5    6    7    8    9    10   11   12   13   14   15   16   17   18   
      Expected Value | P    e    r    s    i    s    t    e    n    c    e    C    o    n    f    l    i    c    t    
      Actual Value   | E    v    e    n    t    s    S    t    o    r    e    d                                       
      Expected Code  | 80   101  114  115  105  115  116  101  110  99   101  67   111  110  102  108  105  99   116  
      Actual Code    | 69   118  101  110  116  115  83   116  111  114  101  100                                     
      Stack Trace:
        tests/Hexalith.EventStore.Server.Tests/Actors/AggregateActorInfrastructureFailureTests.cs(779,0): at Hexalith.EventStore.Server.Tests.Actors.AggregateActorInfrastructureFailureTests.ConflictExhaustionRemediationFailurePreservesWinnerAndPrimaryConflict(String failurePoint, String expectedOperation)
           at System.Runtime.ExceptionServices.ExceptionDispatchInfo.Throw()
           at System.Runtime.CompilerServices.TaskAwaiter.ThrowForNonSuccess(Task task)
           at System.Runtime.CompilerServices.TaskAwaiter.HandleNonSuccessAndDebuggerNotification(Task task, ConfigureAwaitOptions options)
        --- End of stack trace from previous location ---
           at System.Runtime.ExceptionServices.ExceptionDispatchInfo.Throw()
           at System.Runtime.CompilerServices.TaskAwaiter.ThrowForNonSuccess(Task task)
           at System.Runtime.CompilerServices.TaskAwaiter.HandleNonSuccessAndDebuggerNotification(Task task, ConfigureAwaitOptions options)
    Hexalith.EventStore.Server.Tests.Actors.AggregateActorInfrastructureFailureTests.ConflictExhaustionRemediationFailurePreservesWinnerAndPrimaryConflict(failurePoint: "CleanupPipeline", expectedOperation: "CleanupPipeline") [FAIL]
      Shouldly.ShouldAssertException : exception.PrimaryFailureStage
          should be
      "PersistenceConflict"
          but was
      "EventsStored"
          difference
      Difference     |  |    |    |    |    |         |    |    |    |         |    |    |    |    |    |    |    |   
                     | \|/  \|/  \|/  \|/  \|/       \|/  \|/  \|/  \|/       \|/  \|/  \|/  \|/  \|/  \|/  \|/  \|/  
      Index          | 0    1    2    3    4    5    6    7    8    9    10   11   12   13   14   15   16   17   18   
      Expected Value | P    e    r    s    i    s    t    e    n    c    e    C    o    n    f    l    i    c    t    
      Actual Value   | E    v    e    n    t    s    S    t    o    r    e    d                                       
      Expected Code  | 80   101  114  115  105  115  116  101  110  99   101  67   111  110  102  108  105  99   116  
      Actual Code    | 69   118  101  110  116  115  83   116  111  114  101  100                                     
      Stack Trace:
        tests/Hexalith.EventStore.Server.Tests/Actors/AggregateActorInfrastructureFailureTests.cs(779,0): at Hexalith.EventStore.Server.Tests.Actors.AggregateActorInfrastructureFailureTests.ConflictExhaustionRemediationFailurePreservesWinnerAndPrimaryConflict(String failurePoint, String expectedOperation)
           at System.Runtime.ExceptionServices.ExceptionDispatchInfo.Throw()
           at System.Runtime.CompilerServices.TaskAwaiter.ThrowForNonSuccess(Task task)
           at System.Runtime.CompilerServices.TaskAwaiter.HandleNonSuccessAndDebuggerNotification(Task task, ConfigureAwaitOptions options)
        --- End of stack trace from previous location ---
           at System.Runtime.ExceptionServices.ExceptionDispatchInfo.Throw()
           at System.Runtime.CompilerServices.TaskAwaiter.ThrowForNonSuccess(Task task)
           at System.Runtime.CompilerServices.TaskAwaiter.HandleNonSuccessAndDebuggerNotification(Task task, ConfigureAwaitOptions options)
    Hexalith.EventStore.Server.Tests.Actors.AggregateActorInfrastructureFailureTests.ConflictExhaustionRemediationFailurePreservesWinnerAndPrimaryConflict(failurePoint: "SaveConflictRejection", expectedOperation: "SaveConflictRejection") [FAIL]
      Shouldly.ShouldAssertException : exception.PrimaryFailureStage
          should be
      "PersistenceConflict"
          but was
      "EventsStored"
          difference
      Difference     |  |    |    |    |    |         |    |    |    |         |    |    |    |    |    |    |    |   
                     | \|/  \|/  \|/  \|/  \|/       \|/  \|/  \|/  \|/       \|/  \|/  \|/  \|/  \|/  \|/  \|/  \|/  
      Index          | 0    1    2    3    4    5    6    7    8    9    10   11   12   13   14   15   16   17   18   
      Expected Value | P    e    r    s    i    s    t    e    n    c    e    C    o    n    f    l    i    c    t    
      Actual Value   | E    v    e    n    t    s    S    t    o    r    e    d                                       
      Expected Code  | 80   101  114  115  105  115  116  101  110  99   101  67   111  110  102  108  105  99   116  
      Actual Code    | 69   118  101  110  116  115  83   116  111  114  101  100                                     
      Stack Trace:
        tests/Hexalith.EventStore.Server.Tests/Actors/AggregateActorInfrastructureFailureTests.cs(779,0): at Hexalith.EventStore.Server.Tests.Actors.AggregateActorInfrastructureFailureTests.ConflictExhaustionRemediationFailurePreservesWinnerAndPrimaryConflict(String failurePoint, String expectedOperation)
           at System.Runtime.ExceptionServices.ExceptionDispatchInfo.Throw()
           at System.Runtime.CompilerServices.TaskAwaiter.ThrowForNonSuccess(Task task)
           at System.Runtime.CompilerServices.TaskAwaiter.HandleNonSuccessAndDebuggerNotification(Task task, ConfigureAwaitOptions options)
        --- End of stack trace from previous location ---
           at System.Runtime.ExceptionServices.ExceptionDispatchInfo.Throw()
           at System.Runtime.CompilerServices.TaskAwaiter.ThrowForNonSuccess(Task task)
           at System.Runtime.CompilerServices.TaskAwaiter.HandleNonSuccessAndDebuggerNotification(Task task, ConfigureAwaitOptions options)
    Hexalith.EventStore.Server.Tests.Actors.AggregateActorInfrastructureFailureTests.MultiplePersistenceConflictsClearEachFailedAttemptBeforeUsingTheLatestWinner [FAIL]
      Hexalith.EventStore.Server.Actors.ActorStateRemediationException : Actor state remediation failed. PrimaryFailureStage=EventsStored; PrimaryExceptionType=FileNotFoundException; RemediationOperation=SaveRejection; RemediationExceptionType=InvalidOperationException; DiscardExceptionType=None; FailedBatchDiscarded=True; DurableStateObservation=CleanupNotCommitted.
      Stack Trace:
        src/Hexalith.EventStore.Server/Actors/AggregateActor.cs(4941,0): at Hexalith.EventStore.Server.Actors.AggregateActor.HandleInfrastructureFailureAsync(CommandEnvelope command, String causationId, CommandStatus failureStage, Exception exception, ActorStateMachine stateMachine, String pipelineKeyPrefix, Activity processActivity, Int64 startTicks, Nullable`1 eventCount, CancellationToken cancellationToken, Boolean logicalReadFailure)
        src/Hexalith.EventStore.Server/Actors/AggregateActor.cs(1595,0): at Hexalith.EventStore.Server.Actors.AggregateActor.ProcessCommandCoreAsync(CommandEnvelope command, IdempotencyExecutionContext executionContext, CancellationToken cancellationToken, TrustedEffectAdmission effectAdmission)
        src/Hexalith.EventStore.Server/Actors/AggregateActor.cs(1804,0): at Hexalith.EventStore.Server.Actors.AggregateActor.ProcessCommandCoreAsync(CommandEnvelope command, IdempotencyExecutionContext executionContext, CancellationToken cancellationToken, TrustedEffectAdmission effectAdmission)
        tests/Hexalith.EventStore.Server.Tests/Actors/AggregateActorInfrastructureFailureTests.cs(278,0): at Hexalith.EventStore.Server.Tests.Actors.AggregateActorInfrastructureFailureTests.MultiplePersistenceConflictsClearEachFailedAttemptBeforeUsingTheLatestWinner()
        --- End of stack trace from previous location ---
    Hexalith.EventStore.Server.Tests.Actors.AggregateActorInfrastructureFailureTests.TerminalIndexRemovalStagingFailure_RetainsTheRecoveryOwnerAndItsPendingSlot [FAIL]
      Shouldly.ShouldAssertException : Task `) => context.Actor.ProcessCommandAsync(command`
          should throw
      System.InvalidOperationException
          but did not
      Stack Trace:
           at System.Threading.Tasks.ContinuationResultTaskFromResultTask`2.InnerInvoke()
           at System.Threading.ExecutionContext.RunFromThreadPoolDispatchLoop(Thread threadPoolThread, ExecutionContext executionContext, ContextCallback callback, Object state)
        --- End of stack trace from previous location ---
           at System.Runtime.ExceptionServices.ExceptionDispatchInfo.Throw()
           at System.Threading.ExecutionContext.RunFromThreadPoolDispatchLoop(Thread threadPoolThread, ExecutionContext executionContext, ContextCallback callback, Object state)
           at System.Threading.Tasks.Task.ExecuteWithThreadLocal(Task& currentTaskSlot, Thread threadPoolThread)
        --- End of stack trace from previous location ---
           at System.Runtime.ExceptionServices.ExceptionDispatchInfo.Throw()
           at System.Runtime.CompilerServices.TaskAwaiter.ThrowForNonSuccess(Task task)
           at System.Runtime.CompilerServices.TaskAwaiter.HandleNonSuccessAndDebuggerNotification(Task task, ConfigureAwaitOptions options)
           at System.Runtime.CompilerServices.TaskAwaiter`1.GetResult()
        tests/Hexalith.EventStore.Server.Tests/Actors/AggregateActorInfrastructureFailureTests.cs(2287,0): at Hexalith.EventStore.Server.Tests.Actors.AggregateActorInfrastructureFailureTests.TerminalIndexRemovalStagingFailure_RetainsTheRecoveryOwnerAndItsPendingSlot()
           at System.Runtime.ExceptionServices.ExceptionDispatchInfo.Throw()
           at System.Runtime.CompilerServices.TaskAwaiter.ThrowForNonSuccess(Task task)
           at System.Runtime.CompilerServices.TaskAwaiter.HandleNonSuccessAndDebuggerNotification(Task task, ConfigureAwaitOptions options)
        --- End of stack trace from previous location ---
           at System.Runtime.ExceptionServices.ExceptionDispatchInfo.Throw()
           at System.Runtime.CompilerServices.TaskAwaiter.ThrowForNonSuccess(Task task)
           at System.Runtime.CompilerServices.TaskAwaiter.HandleNonSuccessAndDebuggerNotification(Task task, ConfigureAwaitOptions options)
    Hexalith.EventStore.Server.Tests.Actors.AggregateActorInfrastructureFailureTests.TerminalSaveFailsBeforeCommitWithIOException_PropagatesAfterCleanInspection [FAIL]
      Shouldly.ShouldAssertException : Task `) => context.Actor.ProcessCommandAsync(command`
          should throw
      System.IO.IOException
          but did not
      Stack Trace:
           at System.Threading.Tasks.ContinuationResultTaskFromResultTask`2.InnerInvoke()
           at System.Threading.ExecutionContext.RunFromThreadPoolDispatchLoop(Thread threadPoolThread, ExecutionContext executionContext, ContextCallback callback, Object state)
        --- End of stack trace from previous location ---
           at System.Runtime.ExceptionServices.ExceptionDispatchInfo.Throw()
           at System.Threading.ExecutionContext.RunFromThreadPoolDispatchLoop(Thread threadPoolThread, ExecutionContext executionContext, ContextCallback callback, Object state)
           at System.Threading.Tasks.Task.ExecuteWithThreadLocal(Task& currentTaskSlot, Thread threadPoolThread)
        --- End of stack trace from previous location ---
           at System.Runtime.ExceptionServices.ExceptionDispatchInfo.Throw()
           at System.Runtime.CompilerServices.TaskAwaiter.ThrowForNonSuccess(Task task)
           at System.Runtime.CompilerServices.TaskAwaiter.HandleNonSuccessAndDebuggerNotification(Task task, ConfigureAwaitOptions options)
           at System.Runtime.CompilerServices.TaskAwaiter`1.GetResult()
        tests/Hexalith.EventStore.Server.Tests/Actors/AggregateActorInfrastructureFailureTests.cs(2221,0): at Hexalith.EventStore.Server.Tests.Actors.AggregateActorInfrastructureFailureTests.TerminalSaveFailsBeforeCommitWithIOException_PropagatesAfterCleanInspection()
           at System.Runtime.ExceptionServices.ExceptionDispatchInfo.Throw()
           at System.Runtime.CompilerServices.TaskAwaiter.ThrowForNonSuccess(Task task)
           at System.Runtime.CompilerServices.TaskAwaiter.HandleNonSuccessAndDebuggerNotification(Task task, ConfigureAwaitOptions options)
        --- End of stack trace from previous location ---
           at System.Runtime.ExceptionServices.ExceptionDispatchInfo.Throw()
           at System.Runtime.CompilerServices.TaskAwaiter.ThrowForNonSuccess(Task task)
           at System.Runtime.CompilerServices.TaskAwaiter.HandleNonSuccessAndDebuggerNotification(Task task, ConfigureAwaitOptions options)
    Hexalith.EventStore.Server.Tests.Actors.AggregateActorInfrastructureFailureTests.TerminalSaveCommitsThenThrows_ConflictingIdempotencyWitness_FailsClosed [FAIL]
      Shouldly.ShouldAssertException : Task `) => context.Actor.ProcessCommandAsync(command`
          should throw
      Hexalith.EventStore.Server.Actors.ActorStateRemediationException
          but did not
      Stack Trace:
           at System.Threading.Tasks.ContinuationResultTaskFromResultTask`2.InnerInvoke()
           at System.Threading.ExecutionContext.RunFromThreadPoolDispatchLoop(Thread threadPoolThread, ExecutionContext executionContext, ContextCallback callback, Object state)
        --- End of stack trace from previous location ---
           at System.Runtime.ExceptionServices.ExceptionDispatchInfo.Throw()
           at System.Threading.ExecutionContext.RunFromThreadPoolDispatchLoop(Thread threadPoolThread, ExecutionContext executionContext, ContextCallback callback, Object state)
           at System.Threading.Tasks.Task.ExecuteWithThreadLocal(Task& currentTaskSlot, Thread threadPoolThread)
        --- End of stack trace from previous location ---
           at System.Runtime.ExceptionServices.ExceptionDispatchInfo.Throw()
           at System.Runtime.CompilerServices.TaskAwaiter.ThrowForNonSuccess(Task task)
           at System.Runtime.CompilerServices.TaskAwaiter.HandleNonSuccessAndDebuggerNotification(Task task, ConfigureAwaitOptions options)
           at System.Runtime.CompilerServices.TaskAwaiter`1.GetResult()
        tests/Hexalith.EventStore.Server.Tests/Actors/AggregateActorInfrastructureFailureTests.cs(2141,0): at Hexalith.EventStore.Server.Tests.Actors.AggregateActorInfrastructureFailureTests.TerminalSaveCommitsThenThrows_ConflictingIdempotencyWitness_FailsClosed()
           at System.Runtime.ExceptionServices.ExceptionDispatchInfo.Throw()
           at System.Runtime.CompilerServices.TaskAwaiter.ThrowForNonSuccess(Task task)
           at System.Runtime.CompilerServices.TaskAwaiter.HandleNonSuccessAndDebuggerNotification(Task task, ConfigureAwaitOptions options)
        --- End of stack trace from previous location ---
           at System.Runtime.ExceptionServices.ExceptionDispatchInfo.Throw()
           at System.Runtime.CompilerServices.TaskAwaiter.ThrowForNonSuccess(Task task)
           at System.Runtime.CompilerServices.TaskAwaiter.HandleNonSuccessAndDebuggerNotification(Task task, ConfigureAwaitOptions options)
    Hexalith.EventStore.Server.Tests.Actors.Dw1DrainHardeningAtddTests.DrainAnyClassifiedFailure_ActivityFailureReasonTagDoesNotContainRawExceptionMessage [SKIP]
      ATDD red phase — DW1 AC#8 (drain stable reason codes). Remove Skip when implementing.
    Hexalith.EventStore.Server.Tests.Actors.Dw1DrainHardeningAtddTests.DrainReminder_FiredTwiceForSameCorrelationId_PublishesAtMostOnce [SKIP]
      ATDD red phase — DW1 AC#9 (reminder re-entrancy idempotence). Remove Skip when implementing.
    Hexalith.EventStore.Server.Tests.Actors.Dw1DrainHardeningAtddTests.DrainReminder_FiredTwiceForSameCorrelationId_DecrementsPendingCounterAtMostOnce [SKIP]
      ATDD red phase — DW1 AC#9 (reminder re-entrancy idempotence). Remove Skip when implementing.
    Hexalith.EventStore.Server.Tests.Actors.Dw1DrainHardeningAtddTests.DrainEventCountMismatch_ActivityFailureReasonTagIsStableReasonCode [SKIP]
      ATDD red phase — DW1 AC#8 (drain stable reason codes). Remove Skip when implementing.
    Hexalith.EventStore.Server.Tests.Actors.Dw1DrainHardeningAtddTests.DrainEventCountMismatch_DoesNotDecrementPendingCommandCount [SKIP]
      ATDD red phase — DW1 AC#7 (drain poison disposition). Remove Skip when implementing.
    Hexalith.EventStore.Server.Tests.Actors.Dw1DrainHardeningAtddTests.DrainPublishFailed_ActivityFailureReasonTagIsStableReasonCode [SKIP]
      ATDD red phase — DW1 AC#8 (drain stable reason codes). Remove Skip when implementing.
    Hexalith.EventStore.Server.Tests.Actors.Dw1DrainHardeningAtddTests.DrainMissingEventInRange_ActivityFailureReasonTagIsStableReasonCode [SKIP]
      ATDD red phase — DW1 AC#8 (drain stable reason codes). Remove Skip when implementing.
    Hexalith.EventStore.Server.Tests.Actors.Dw1DrainHardeningAtddTests.DrainReminder_FiredTwiceForSameCorrelationId_UnregistersReminderAtMostOnce [SKIP]
      ATDD red phase — DW1 AC#9 (reminder re-entrancy idempotence). Remove Skip when implementing.
{"EventId":1121,"LogLevel":"Information","Category":"Hexalith.EventStore.Server.Projections.ProjectionDiscoveryHostedService","Message":"Projection discovery: domain \u0027counter\u0027 -\u003E immediate mode (fire-and-forget after persistence)","State":{"Message":"Domain=counter,{OriginalFormat}=Projection discovery: domain \u0027{Domain}\u0027 -\u003E immediate mode (fire-and-forget after persistence)","Domain":"counter","{OriginalFormat}":"Projection discovery: domain \u0027{Domain}\u0027 -\u003E immediate mode (fire-and-forget after persistence)"}}
{"EventId":1121,"LogLevel":"Information","Category":"Hexalith.EventStore.Server.Projections.ProjectionDiscoveryHostedService","Message":"Projection discovery: domain \u0027global-administrators\u0027 -\u003E immediate mode (fire-and-forget after persistence)","State":{"Message":"Domain=global-administrators,{OriginalFormat}=Projection discovery: domain \u0027{Domain}\u0027 -\u003E immediate mode (fire-and-forget after persistence)","Domain":"global-administrators","{OriginalFormat}":"Projection discovery: domain \u0027{Domain}\u0027 -\u003E immediate mode (fire-and-forget after persistence)"}}
{"EventId":1121,"LogLevel":"Information","Category":"Hexalith.EventStore.Server.Projections.ProjectionDiscoveryHostedService","Message":"Projection discovery: domain \u0027greeting\u0027 -\u003E immediate mode (fire-and-forget after persistence)","State":{"Message":"Domain=greeting,{OriginalFormat}=Projection discovery: domain \u0027{Domain}\u0027 -\u003E immediate mode (fire-and-forget after persistence)","Domain":"greeting","{OriginalFormat}":"Projection discovery: domain \u0027{Domain}\u0027 -\u003E immediate mode (fire-and-forget after persistence)"}}
{"EventId":1121,"LogLevel":"Information","Category":"Hexalith.EventStore.Server.Projections.ProjectionDiscoveryHostedService","Message":"Projection discovery: domain \u0027tenants\u0027 -\u003E immediate mode (fire-and-forget after persistence)","State":{"Message":"Domain=tenants,{OriginalFormat}=Projection discovery: domain \u0027{Domain}\u0027 -\u003E immediate mode (fire-and-forget after persistence)","Domain":"tenants","{OriginalFormat}":"Projection discovery: domain \u0027{Domain}\u0027 -\u003E immediate mode (fire-and-forget after persistence)"}}
{"EventId":1124,"LogLevel":"Information","Category":"Hexalith.EventStore.Server.Projections.ProjectionDiscoveryHostedService","Message":"Projection discovery complete: 4 domains discovered. Default refresh interval: 0ms (0=immediate).","State":{"Message":"DefaultRefreshIntervalMs=0,DomainCount=4,{OriginalFormat}=Projection discovery complete: {DomainCount} domains discovered. Default refresh interval: {DefaultRefreshIntervalMs}ms (0=immediate).","DefaultRefreshIntervalMs":0,"DomainCount":4,"{OriginalFormat}":"Projection discovery complete: {DomainCount} domains discovered. Default refresh interval: {DefaultRefreshIntervalMs}ms (0=immediate)."}}
{"EventId":1200,"LogLevel":"Information","Category":"Hexalith.EventStore.Server.Projections.ActiveRebuildIndexCleanupService","Message":"Active-rebuild-index cleanup service started: CadenceSeconds=60, Stage=ActiveRebuildIndexCleanupServiceStarted","State":{"Message":"CadenceSeconds=60,{OriginalFormat}=Active-rebuild-index cleanup service started: CadenceSeconds={CadenceSeconds}, Stage=ActiveRebuildIndexCleanupServiceStarted","CadenceSeconds":60,"{OriginalFormat}":"Active-rebuild-index cleanup service started: CadenceSeconds={CadenceSeconds}, Stage=ActiveRebuildIndexCleanupServiceStarted"}}
{"EventId":0,"LogLevel":"Warning","Category":"Hexalith.EventStore.Configuration.DaprRateLimitConfigSync","Message":"DAPR config store unavailable for rate limit sync. Falling back to appsettings.json values.","Exception":"Dapr.DaprException: GetConfiguration operation failed: the Dapr endpoint indicated a failure. See InnerException for details.\n ---\u003E Grpc.Core.RpcException: Status(StatusCode=\u0022Unavailable\u0022, Detail=\u0022Error connecting to subchannel.\u0022, DebugException=\u0022System.Net.Sockets.SocketException: Connection refused\u0022)\n ---\u003E System.Net.Sockets.SocketException (111): Connection refused\n   at System.Net.Sockets.Socket.AwaitableSocketAsyncEventArgs.ThrowException(SocketError error, CancellationToken cancellationToken)\n   at System.Net.Sockets.Socket.AwaitableSocketAsyncEventArgs.System.Threading.Tasks.Sources.IValueTaskSource.GetResult(Int16 token)\n   at Grpc.Net.Client.Balancer.Internal.SocketConnectivitySubchannelTransport.TryConnectAsync(ConnectContext context, Int32 attempt)\n   --- End of inner exception stack trace ---\n   at Grpc.Net.Client.Balancer.Internal.ConnectionManager.PickAsync(PickContext context, Boolean waitForReady, CancellationToken cancellationToken)\n   at Grpc.Net.Client.Balancer.Internal.BalancerHttpHandler.SendAsync(HttpRequestMessage request, CancellationToken cancellationToken)\n   at Grpc.Net.Client.Internal.GrpcCall\u00602.RunCall(HttpRequestMessage request, Nullable\u00601 timeout)\n   at Dapr.Client.DaprClientGrpc.GetConfiguration(String storeName, IReadOnlyList\u00601 keys, IReadOnlyDictionary\u00602 metadata, CancellationToken cancellationToken)\n   --- End of inner exception stack trace ---\n   at Dapr.Client.DaprClientGrpc.GetConfiguration(String storeName, IReadOnlyList\u00601 keys, IReadOnlyDictionary\u00602 metadata, CancellationToken cancellationToken)\n   at Hexalith.EventStore.Configuration.DaprRateLimitConfigSync.FetchConfigurationAsync(DaprClient daprClient, String[] keys, CancellationToken cancellationToken) in /home/administrator/projects/hexalith/eventstore/src/Hexalith.EventStore/Configuration/DaprRateLimitConfigSync.cs:line 70\n   at Hexalith.EventStore.Configuration.DaprRateLimitConfigSync.LoadTenantIdsAsync(DaprClient daprClient, CancellationToken cancellationToken) in /home/administrator/projects/hexalith/eventstore/src/Hexalith.EventStore/Configuration/DaprRateLimitConfigSync.cs:line 80\n   at Hexalith.EventStore.Configuration.DaprRateLimitConfigSync.SyncTenantOverridesAsync(DaprClient daprClient, CancellationToken cancellationToken) in /home/administrator/projects/hexalith/eventstore/src/Hexalith.EventStore/Configuration/DaprRateLimitConfigSync.cs:line 158","State":{"{OriginalFormat}":"DAPR config store unavailable for rate limit sync. Falling back to appsettings.json values."}}
{"EventId":0,"LogLevel":"Information","Category":"Microsoft.Hosting.Lifetime","Message":"Application started. Press Ctrl\u002BC to shut down.","State":{"{OriginalFormat}":"Application started. Press Ctrl\u002BC to shut down."}}
{"EventId":0,"LogLevel":"Information","Category":"Microsoft.Hosting.Lifetime","Message":"Hosting environment: Development","State":{"EnvName":"Development","{OriginalFormat}":"Hosting environment: {EnvName}"}}
{"EventId":0,"LogLevel":"Information","Category":"Microsoft.Hosting.Lifetime","Message":"Content root path: /home/administrator/projects/hexalith/eventstore/src/Hexalith.EventStore","State":{"ContentRoot":"/home/administrator/projects/hexalith/eventstore/src/Hexalith.EventStore","{OriginalFormat}":"Content root path: {ContentRoot}"}}
{"EventId":9,"LogLevel":"Warning","Category":"Microsoft.AspNetCore.Routing.EndpointRoutingMiddleware","Message":"A request body size limit could not be applied. This server does not support the IHttpMaxRequestBodySizeFeature.","State":{"{OriginalFormat}":"A request body size limit could not be applied. This server does not support the IHttpMaxRequestBodySizeFeature."}}
{"EventId":1,"LogLevel":"Warning","Category":"Microsoft.AspNetCore.Mvc.Filters.RequestSizeLimitFilter","Message":"A request body size limit could not be applied. This server does not support the IHttpRequestBodySizeFeature.","State":{"{OriginalFormat}":"A request body size limit could not be applied. This server does not support the IHttpRequestBodySizeFeature."}}
{"EventId":1000,"LogLevel":"Information","Category":"Hexalith.EventStore.Pipeline.LoggingBehavior","Message":"MediatR pipeline entry: CorrelationId=01M4DTBEN6B1NMQ17KFA34KFZF, CausationId=01M4DTBEN6B1NMQ17KFA34KFZF, CommandType=SubmitQuery, Tenant=(null), Domain=(null), AggregateId=(null), SourceIp=(null), Endpoint=/api/v1/queries, UserId=test-user, ReceivedAtUtc=10/08/2026 13:13:28 \u002B00:00, Stage=PipelineEntry","State":{"Message":"ReceivedAtUtc=10/08/2026 13:13:28 \u002B00:00,UserId=test-user,Endpoint=/api/v1/queries,SourceIp=,AggregateId=,Domain=,Tenant=,CommandType=SubmitQuery,CausationId=01M4DTBEN6B1NMQ17KFA34KFZF,CorrelationId=01M4DTBEN6B1NMQ17KFA34KFZF,{OriginalFormat}=MediatR pipeline entry: CorrelationId={CorrelationId}, CausationId={CausationId}, CommandType={CommandType}, Tenant={Tenant}, Domain={Domain}, AggregateId={AggregateId}, SourceIp={SourceIp}, Endpoint={Endpoint}, UserId={UserId}, ReceivedAtUtc={ReceivedAtUtc}, Stage=PipelineEntry","ReceivedAtUtc":"10/08/2026 13:13:28 \u002B00:00","UserId":"test-user","Endpoint":"/api/v1/queries","SourceIp":null,"AggregateId":null,"Domain":null,"Tenant":null,"CommandType":"SubmitQuery","CausationId":"01M4DTBEN6B1NMQ17KFA34KFZF","CorrelationId":"01M4DTBEN6B1NMQ17KFA34KFZF","{OriginalFormat}":"MediatR pipeline entry: CorrelationId={CorrelationId}, CausationId={CausationId}, CommandType={CommandType}, Tenant={Tenant}, Domain={Domain}, AggregateId={AggregateId}, SourceIp={SourceIp}, Endpoint={Endpoint}, UserId={UserId}, ReceivedAtUtc={ReceivedAtUtc}, Stage=PipelineEntry"}}
{"EventId":1210,"LogLevel":"Information","Category":"Hexalith.EventStore.Server.Pipeline.SubmitQueryHandler","Message":"Query received: CorrelationId=01M4DTBEN6B1NMQ17KFA34KFZF, QueryType=get-freshness, TenantId=tenant-a, Domain=freshness, AggregateId=index, Stage=QueryReceived","State":{"Message":"AggregateId=index,Domain=freshness,TenantId=tenant-a,QueryType=get-freshness,CorrelationId=01M4DTBEN6B1NMQ17KFA34KFZF,{OriginalFormat}=Query received: CorrelationId={CorrelationId}, QueryType={QueryType}, TenantId={TenantId}, Domain={Domain}, AggregateId={AggregateId}, Stage=QueryReceived","AggregateId":"index","Domain":"freshness","TenantId":"tenant-a","QueryType":"get-freshness","CorrelationId":"01M4DTBEN6B1NMQ17KFA34KFZF","{OriginalFormat}":"Query received: CorrelationId={CorrelationId}, QueryType={QueryType}, TenantId={TenantId}, Domain={Domain}, AggregateId={AggregateId}, Stage=QueryReceived"}}
{"EventId":1001,"LogLevel":"Information","Category":"Hexalith.EventStore.Pipeline.LoggingBehavior","Message":"MediatR pipeline exit: CorrelationId=01M4DTBEN6B1NMQ17KFA34KFZF, CausationId=01M4DTBEN6B1NMQ17KFA34KFZF, CommandType=SubmitQuery, Tenant=(null), Domain=(null), AggregateId=(null), DurationMs=2.0611, Stage=PipelineExit","State":{"Message":"DurationMs=2.0611,AggregateId=,Domain=,Tenant=,CommandType=SubmitQuery,CausationId=01M4DTBEN6B1NMQ17KFA34KFZF,CorrelationId=01M4DTBEN6B1NMQ17KFA34KFZF,{OriginalFormat}=MediatR pipeline exit: CorrelationId={CorrelationId}, CausationId={CausationId}, CommandType={CommandType}, Tenant={Tenant}, Domain={Domain}, AggregateId={AggregateId}, DurationMs={DurationMs}, Stage=PipelineExit","DurationMs":2.0611,"AggregateId":null,"Domain":null,"Tenant":null,"CommandType":"SubmitQuery","CausationId":"01M4DTBEN6B1NMQ17KFA34KFZF","CorrelationId":"01M4DTBEN6B1NMQ17KFA34KFZF","{OriginalFormat}":"MediatR pipeline exit: CorrelationId={CorrelationId}, CausationId={CausationId}, CommandType={CommandType}, Tenant={Tenant}, Domain={Domain}, AggregateId={AggregateId}, DurationMs={DurationMs}, Stage=PipelineExit"}}
{"EventId":9,"LogLevel":"Warning","Category":"Microsoft.AspNetCore.Routing.EndpointRoutingMiddleware","Message":"A request body size limit could not be applied. This server does not support the IHttpMaxRequestBodySizeFeature.","State":{"{OriginalFormat}":"A request body size limit could not be applied. This server does not support the IHttpMaxRequestBodySizeFeature."}}
{"EventId":1,"LogLevel":"Warning","Category":"Microsoft.AspNetCore.Mvc.Filters.RequestSizeLimitFilter","Message":"A request body size limit could not be applied. This server does not support the IHttpRequestBodySizeFeature.","State":{"{OriginalFormat}":"A request body size limit could not be applied. This server does not support the IHttpRequestBodySizeFeature."}}
{"EventId":1000,"LogLevel":"Information","Category":"Hexalith.EventStore.Pipeline.LoggingBehavior","Message":"MediatR pipeline entry: CorrelationId=01M4DTBEQ918G9C7AH5MDBBCH6, CausationId=01M4DTBEQ918G9C7AH5MDBBCH6, CommandType=SubmitQuery, Tenant=(null), Domain=(null), AggregateId=(null), SourceIp=(null), Endpoint=/api/v1/queries, UserId=test-user, ReceivedAtUtc=10/08/2026 13:13:28 \u002B00:00, Stage=PipelineEntry","State":{"Message":"ReceivedAtUtc=10/08/2026 13:13:28 \u002B00:00,UserId=test-user,Endpoint=/api/v1/queries,SourceIp=,AggregateId=,Domain=,Tenant=,CommandType=SubmitQuery,CausationId=01M4DTBEQ918G9C7AH5MDBBCH6,CorrelationId=01M4DTBEQ918G9C7AH5MDBBCH6,{OriginalFormat}=MediatR pipeline entry: CorrelationId={CorrelationId}, CausationId={CausationId}, CommandType={CommandType}, Tenant={Tenant}, Domain={Domain}, AggregateId={AggregateId}, SourceIp={SourceIp}, Endpoint={Endpoint}, UserId={UserId}, ReceivedAtUtc={ReceivedAtUtc}, Stage=PipelineEntry","ReceivedAtUtc":"10/08/2026 13:13:28 \u002B00:00","UserId":"test-user","Endpoint":"/api/v1/queries","SourceIp":null,"AggregateId":null,"Domain":null,"Tenant":null,"CommandType":"SubmitQuery","CausationId":"01M4DTBEQ918G9C7AH5MDBBCH6","CorrelationId":"01M4DTBEQ918G9C7AH5MDBBCH6","{OriginalFormat}":"MediatR pipeline entry: CorrelationId={CorrelationId}, CausationId={CausationId}, CommandType={CommandType}, Tenant={Tenant}, Domain={Domain}, AggregateId={AggregateId}, SourceIp={SourceIp}, Endpoint={Endpoint}, UserId={UserId}, ReceivedAtUtc={ReceivedAtUtc}, Stage=PipelineEntry"}}
{"EventId":1210,"LogLevel":"Information","Category":"Hexalith.EventStore.Server.Pipeline.SubmitQueryHandler","Message":"Query received: CorrelationId=01M4DTBEQ918G9C7AH5MDBBCH6, QueryType=get-freshness, TenantId=tenant-a, Domain=freshness, AggregateId=index, Stage=QueryReceived","State":{"Message":"AggregateId=index,Domain=freshness,TenantId=tenant-a,QueryType=get-freshness,CorrelationId=01M4DTBEQ918G9C7AH5MDBBCH6,{OriginalFormat}=Query received: CorrelationId={CorrelationId}, QueryType={QueryType}, TenantId={TenantId}, Domain={Domain}, AggregateId={AggregateId}, Stage=QueryReceived","AggregateId":"index","Domain":"freshness","TenantId":"tenant-a","QueryType":"get-freshness","CorrelationId":"01M4DTBEQ918G9C7AH5MDBBCH6","{OriginalFormat}":"Query received: CorrelationId={CorrelationId}, QueryType={QueryType}, TenantId={TenantId}, Domain={Domain}, AggregateId={AggregateId}, Stage=QueryReceived"}}
{"EventId":1001,"LogLevel":"Information","Category":"Hexalith.EventStore.Pipeline.LoggingBehavior","Message":"MediatR pipeline exit: CorrelationId=01M4DTBEQ918G9C7AH5MDBBCH6, CausationId=01M4DTBEQ918G9C7AH5MDBBCH6, CommandType=SubmitQuery, Tenant=(null), Domain=(null), AggregateId=(null), DurationMs=0.4076, Stage=PipelineExit","State":{"Message":"DurationMs=0.4076,AggregateId=,Domain=,Tenant=,CommandType=SubmitQuery,CausationId=01M4DTBEQ918G9C7AH5MDBBCH6,CorrelationId=01M4DTBEQ918G9C7AH5MDBBCH6,{OriginalFormat}=MediatR pipeline exit: CorrelationId={CorrelationId}, CausationId={CausationId}, CommandType={CommandType}, Tenant={Tenant}, Domain={Domain}, AggregateId={AggregateId}, DurationMs={DurationMs}, Stage=PipelineExit","DurationMs":0.4076,"AggregateId":null,"Domain":null,"Tenant":null,"CommandType":"SubmitQuery","CausationId":"01M4DTBEQ918G9C7AH5MDBBCH6","CorrelationId":"01M4DTBEQ918G9C7AH5MDBBCH6","{OriginalFormat}":"MediatR pipeline exit: CorrelationId={CorrelationId}, CausationId={CausationId}, CommandType={CommandType}, Tenant={Tenant}, Domain={Domain}, AggregateId={AggregateId}, DurationMs={DurationMs}, Stage=PipelineExit"}}
{"EventId":0,"LogLevel":"Information","Category":"Microsoft.Hosting.Lifetime","Message":"Application is shutting down...","State":{"{OriginalFormat}":"Application is shutting down..."}}
{"EventId":1121,"LogLevel":"Information","Category":"Hexalith.EventStore.Server.Projections.ProjectionDiscoveryHostedService","Message":"Projection discovery: domain \u0027counter\u0027 -\u003E immediate mode (fire-and-forget after persistence)","State":{"Message":"Domain=counter,{OriginalFormat}=Projection discovery: domain \u0027{Domain}\u0027 -\u003E immediate mode (fire-and-forget after persistence)","Domain":"counter","{OriginalFormat}":"Projection discovery: domain \u0027{Domain}\u0027 -\u003E immediate mode (fire-and-forget after persistence)"}}
{"EventId":1121,"LogLevel":"Information","Category":"Hexalith.EventStore.Server.Projections.ProjectionDiscoveryHostedService","Message":"Projection discovery: domain \u0027global-administrators\u0027 -\u003E immediate mode (fire-and-forget after persistence)","State":{"Message":"Domain=global-administrators,{OriginalFormat}=Projection discovery: domain \u0027{Domain}\u0027 -\u003E immediate mode (fire-and-forget after persistence)","Domain":"global-administrators","{OriginalFormat}":"Projection discovery: domain \u0027{Domain}\u0027 -\u003E immediate mode (fire-and-forget after persistence)"}}
{"EventId":1121,"LogLevel":"Information","Category":"Hexalith.EventStore.Server.Projections.ProjectionDiscoveryHostedService","Message":"Projection discovery: domain \u0027greeting\u0027 -\u003E immediate mode (fire-and-forget after persistence)","State":{"Message":"Domain=greeting,{OriginalFormat}=Projection discovery: domain \u0027{Domain}\u0027 -\u003E immediate mode (fire-and-forget after persistence)","Domain":"greeting","{OriginalFormat}":"Projection discovery: domain \u0027{Domain}\u0027 -\u003E immediate mode (fire-and-forget after persistence)"}}
{"EventId":1121,"LogLevel":"Information","Category":"Hexalith.EventStore.Server.Projections.ProjectionDiscoveryHostedService","Message":"Projection discovery: domain \u0027tenants\u0027 -\u003E immediate mode (fire-and-forget after persistence)","State":{"Message":"Domain=tenants,{OriginalFormat}=Projection discovery: domain \u0027{Domain}\u0027 -\u003E immediate mode (fire-and-forget after persistence)","Domain":"tenants","{OriginalFormat}":"Projection discovery: domain \u0027{Domain}\u0027 -\u003E immediate mode (fire-and-forget after persistence)"}}
{"EventId":1124,"LogLevel":"Information","Category":"Hexalith.EventStore.Server.Projections.ProjectionDiscoveryHostedService","Message":"Projection discovery complete: 4 domains discovered. Default refresh interval: 0ms (0=immediate).","State":{"Message":"DefaultRefreshIntervalMs=0,DomainCount=4,{OriginalFormat}=Projection discovery complete: {DomainCount} domains discovered. Default refresh interval: {DefaultRefreshIntervalMs}ms (0=immediate).","DefaultRefreshIntervalMs":0,"DomainCount":4,"{OriginalFormat}":"Projection discovery complete: {DomainCount} domains discovered. Default refresh interval: {DefaultRefreshIntervalMs}ms (0=immediate)."}}
{"EventId":1200,"LogLevel":"Information","Category":"Hexalith.EventStore.Server.Projections.ActiveRebuildIndexCleanupService","Message":"Active-rebuild-index cleanup service started: CadenceSeconds=60, Stage=ActiveRebuildIndexCleanupServiceStarted","State":{"Message":"CadenceSeconds=60,{OriginalFormat}=Active-rebuild-index cleanup service started: CadenceSeconds={CadenceSeconds}, Stage=ActiveRebuildIndexCleanupServiceStarted","CadenceSeconds":60,"{OriginalFormat}":"Active-rebuild-index cleanup service started: CadenceSeconds={CadenceSeconds}, Stage=ActiveRebuildIndexCleanupServiceStarted"}}
{"EventId":0,"LogLevel":"Warning","Category":"Hexalith.EventStore.Configuration.DaprRateLimitConfigSync","Message":"DAPR config store unavailable for rate limit sync. Falling back to appsettings.json values.","Exception":"Dapr.DaprException: GetConfiguration operation failed: the Dapr endpoint indicated a failure. See InnerException for details.\n ---\u003E Grpc.Core.RpcException: Status(StatusCode=\u0022Unavailable\u0022, Detail=\u0022Error connecting to subchannel.\u0022, DebugException=\u0022System.Net.Sockets.SocketException: Connection refused\u0022)\n ---\u003E System.Net.Sockets.SocketException (111): Connection refused\n   at System.Net.Sockets.Socket.AwaitableSocketAsyncEventArgs.ThrowException(SocketError error, CancellationToken cancellationToken)\n   at System.Net.Sockets.Socket.AwaitableSocketAsyncEventArgs.System.Threading.Tasks.Sources.IValueTaskSource.GetResult(Int16 token)\n   at Grpc.Net.Client.Balancer.Internal.SocketConnectivitySubchannelTransport.TryConnectAsync(ConnectContext context, Int32 attempt)\n   --- End of inner exception stack trace ---\n   at Grpc.Net.Client.Balancer.Internal.ConnectionManager.PickAsync(PickContext context, Boolean waitForReady, CancellationToken cancellationToken)\n   at Grpc.Net.Client.Balancer.Internal.BalancerHttpHandler.SendAsync(HttpRequestMessage request, CancellationToken cancellationToken)\n   at Grpc.Net.Client.Internal.GrpcCall\u00602.RunCall(HttpRequestMessage request, Nullable\u00601 timeout)\n   at Dapr.Client.DaprClientGrpc.GetConfiguration(String storeName, IReadOnlyList\u00601 keys, IReadOnlyDictionary\u00602 metadata, CancellationToken cancellationToken)\n   --- End of inner exception stack trace ---\n   at Dapr.Client.DaprClientGrpc.GetConfiguration(String storeName, IReadOnlyList\u00601 keys, IReadOnlyDictionary\u00602 metadata, CancellationToken cancellationToken)\n   at Hexalith.EventStore.Configuration.DaprRateLimitConfigSync.FetchConfigurationAsync(DaprClient daprClient, String[] keys, CancellationToken cancellationToken) in /home/administrator/projects/hexalith/eventstore/src/Hexalith.EventStore/Configuration/DaprRateLimitConfigSync.cs:line 70\n   at Hexalith.EventStore.Configuration.DaprRateLimitConfigSync.LoadTenantIdsAsync(DaprClient daprClient, CancellationToken cancellationToken) in /home/administrator/projects/hexalith/eventstore/src/Hexalith.EventStore/Configuration/DaprRateLimitConfigSync.cs:line 80\n   at Hexalith.EventStore.Configuration.DaprRateLimitConfigSync.SyncTenantOverridesAsync(DaprClient daprClient, CancellationToken cancellationToken) in /home/administrator/projects/hexalith/eventstore/src/Hexalith.EventStore/Configuration/DaprRateLimitConfigSync.cs:line 158","State":{"{OriginalFormat}":"DAPR config store unavailable for rate limit sync. Falling back to appsettings.json values."}}
{"EventId":0,"LogLevel":"Information","Category":"Microsoft.Hosting.Lifetime","Message":"Application started. Press Ctrl\u002BC to shut down.","State":{"{OriginalFormat}":"Application started. Press Ctrl\u002BC to shut down."}}
{"EventId":0,"LogLevel":"Information","Category":"Microsoft.Hosting.Lifetime","Message":"Hosting environment: Development","State":{"EnvName":"Development","{OriginalFormat}":"Hosting environment: {EnvName}"}}
{"EventId":0,"LogLevel":"Information","Category":"Microsoft.Hosting.Lifetime","Message":"Content root path: /home/administrator/projects/hexalith/eventstore/src/Hexalith.EventStore","State":{"ContentRoot":"/home/administrator/projects/hexalith/eventstore/src/Hexalith.EventStore","{OriginalFormat}":"Content root path: {ContentRoot}"}}
{"EventId":9,"LogLevel":"Warning","Category":"Microsoft.AspNetCore.Routing.EndpointRoutingMiddleware","Message":"A request body size limit could not be applied. This server does not support the IHttpMaxRequestBodySizeFeature.","State":{"{OriginalFormat}":"A request body size limit could not be applied. This server does not support the IHttpMaxRequestBodySizeFeature."}}
{"EventId":1,"LogLevel":"Warning","Category":"Microsoft.AspNetCore.Mvc.Filters.RequestSizeLimitFilter","Message":"A request body size limit could not be applied. This server does not support the IHttpRequestBodySizeFeature.","State":{"{OriginalFormat}":"A request body size limit could not be applied. This server does not support the IHttpRequestBodySizeFeature."}}
{"EventId":1000,"LogLevel":"Information","Category":"Hexalith.EventStore.Pipeline.LoggingBehavior","Message":"MediatR pipeline entry: CorrelationId=01M4DTBEVEC968JDD5YY2JH9M4, CausationId=01M4DTBEVEC968JDD5YY2JH9M4, CommandType=SubmitQuery, Tenant=(null), Domain=(null), AggregateId=(null), SourceIp=(null), Endpoint=/api/v1/queries, UserId=test-user, ReceivedAtUtc=10/08/2026 13:13:28 \u002B00:00, Stage=PipelineEntry","State":{"Message":"ReceivedAtUtc=10/08/2026 13:13:28 \u002B00:00,UserId=test-user,Endpoint=/api/v1/queries,SourceIp=,AggregateId=,Domain=,Tenant=,CommandType=SubmitQuery,CausationId=01M4DTBEVEC968JDD5YY2JH9M4,CorrelationId=01M4DTBEVEC968JDD5YY2JH9M4,{OriginalFormat}=MediatR pipeline entry: CorrelationId={CorrelationId}, CausationId={CausationId}, CommandType={CommandType}, Tenant={Tenant}, Domain={Domain}, AggregateId={AggregateId}, SourceIp={SourceIp}, Endpoint={Endpoint}, UserId={UserId}, ReceivedAtUtc={ReceivedAtUtc}, Stage=PipelineEntry","ReceivedAtUtc":"10/08/2026 13:13:28 \u002B00:00","UserId":"test-user","Endpoint":"/api/v1/queries","SourceIp":null,"AggregateId":null,"Domain":null,"Tenant":null,"CommandType":"SubmitQuery","CausationId":"01M4DTBEVEC968JDD5YY2JH9M4","CorrelationId":"01M4DTBEVEC968JDD5YY2JH9M4","{OriginalFormat}":"MediatR pipeline entry: CorrelationId={CorrelationId}, CausationId={CausationId}, CommandType={CommandType}, Tenant={Tenant}, Domain={Domain}, AggregateId={AggregateId}, SourceIp={SourceIp}, Endpoint={Endpoint}, UserId={UserId}, ReceivedAtUtc={ReceivedAtUtc}, Stage=PipelineEntry"}}
{"EventId":1210,"LogLevel":"Information","Category":"Hexalith.EventStore.Server.Pipeline.SubmitQueryHandler","Message":"Query received: CorrelationId=01M4DTBEVEC968JDD5YY2JH9M4, QueryType=get-freshness, TenantId=tenant-a, Domain=freshness, AggregateId=index, Stage=QueryReceived","State":{"Message":"AggregateId=index,Domain=freshness,TenantId=tenant-a,QueryType=get-freshness,CorrelationId=01M4DTBEVEC968JDD5YY2JH9M4,{OriginalFormat}=Query received: CorrelationId={CorrelationId}, QueryType={QueryType}, TenantId={TenantId}, Domain={Domain}, AggregateId={AggregateId}, Stage=QueryReceived","AggregateId":"index","Domain":"freshness","TenantId":"tenant-a","QueryType":"get-freshness","CorrelationId":"01M4DTBEVEC968JDD5YY2JH9M4","{OriginalFormat}":"Query received: CorrelationId={CorrelationId}, QueryType={QueryType}, TenantId={TenantId}, Domain={Domain}, AggregateId={AggregateId}, Stage=QueryReceived"}}
{"EventId":1001,"LogLevel":"Information","Category":"Hexalith.EventStore.Pipeline.LoggingBehavior","Message":"MediatR pipeline exit: CorrelationId=01M4DTBEVEC968JDD5YY2JH9M4, CausationId=01M4DTBEVEC968JDD5YY2JH9M4, CommandType=SubmitQuery, Tenant=(null), Domain=(null), AggregateId=(null), DurationMs=0.4046, Stage=PipelineExit","State":{"Message":"DurationMs=0.4046,AggregateId=,Domain=,Tenant=,CommandType=SubmitQuery,CausationId=01M4DTBEVEC968JDD5YY2JH9M4,CorrelationId=01M4DTBEVEC968JDD5YY2JH9M4,{OriginalFormat}=MediatR pipeline exit: CorrelationId={CorrelationId}, CausationId={CausationId}, CommandType={CommandType}, Tenant={Tenant}, Domain={Domain}, AggregateId={AggregateId}, DurationMs={DurationMs}, Stage=PipelineExit","DurationMs":0.4046,"AggregateId":null,"Domain":null,"Tenant":null,"CommandType":"SubmitQuery","CausationId":"01M4DTBEVEC968JDD5YY2JH9M4","CorrelationId":"01M4DTBEVEC968JDD5YY2JH9M4","{OriginalFormat}":"MediatR pipeline exit: CorrelationId={CorrelationId}, CausationId={CausationId}, CommandType={CommandType}, Tenant={Tenant}, Domain={Domain}, AggregateId={AggregateId}, DurationMs={DurationMs}, Stage=PipelineExit"}}
{"EventId":9,"LogLevel":"Warning","Category":"Microsoft.AspNetCore.Routing.EndpointRoutingMiddleware","Message":"A request body size limit could not be applied. This server does not support the IHttpMaxRequestBodySizeFeature.","State":{"{OriginalFormat}":"A request body size limit could not be applied. This server does not support the IHttpMaxRequestBodySizeFeature."}}
{"EventId":1,"LogLevel":"Warning","Category":"Microsoft.AspNetCore.Mvc.Filters.RequestSizeLimitFilter","Message":"A request body size limit could not be applied. This server does not support the IHttpRequestBodySizeFeature.","State":{"{OriginalFormat}":"A request body size limit could not be applied. This server does not support the IHttpRequestBodySizeFeature."}}
{"EventId":1000,"LogLevel":"Information","Category":"Hexalith.EventStore.Pipeline.LoggingBehavior","Message":"MediatR pipeline entry: CorrelationId=01M4DTBEWFC5DKEM9YZTKFFDRY, CausationId=01M4DTBEWFC5DKEM9YZTKFFDRY, CommandType=SubmitQuery, Tenant=(null), Domain=(null), AggregateId=(null), SourceIp=(null), Endpoint=/api/v1/queries, UserId=test-user, ReceivedAtUtc=10/08/2026 13:13:28 \u002B00:00, Stage=PipelineEntry","State":{"Message":"ReceivedAtUtc=10/08/2026 13:13:28 \u002B00:00,UserId=test-user,Endpoint=/api/v1/queries,SourceIp=,AggregateId=,Domain=,Tenant=,CommandType=SubmitQuery,CausationId=01M4DTBEWFC5DKEM9YZTKFFDRY,CorrelationId=01M4DTBEWFC5DKEM9YZTKFFDRY,{OriginalFormat}=MediatR pipeline entry: CorrelationId={CorrelationId}, CausationId={CausationId}, CommandType={CommandType}, Tenant={Tenant}, Domain={Domain}, AggregateId={AggregateId}, SourceIp={SourceIp}, Endpoint={Endpoint}, UserId={UserId}, ReceivedAtUtc={ReceivedAtUtc}, Stage=PipelineEntry","ReceivedAtUtc":"10/08/2026 13:13:28 \u002B00:00","UserId":"test-user","Endpoint":"/api/v1/queries","SourceIp":null,"AggregateId":null,"Domain":null,"Tenant":null,"CommandType":"SubmitQuery","CausationId":"01M4DTBEWFC5DKEM9YZTKFFDRY","CorrelationId":"01M4DTBEWFC5DKEM9YZTKFFDRY","{OriginalFormat}":"MediatR pipeline entry: CorrelationId={CorrelationId}, CausationId={CausationId}, CommandType={CommandType}, Tenant={Tenant}, Domain={Domain}, AggregateId={AggregateId}, SourceIp={SourceIp}, Endpoint={Endpoint}, UserId={UserId}, ReceivedAtUtc={ReceivedAtUtc}, Stage=PipelineEntry"}}
{"EventId":1210,"LogLevel":"Information","Category":"Hexalith.EventStore.Server.Pipeline.SubmitQueryHandler","Message":"Query received: CorrelationId=01M4DTBEWFC5DKEM9YZTKFFDRY, QueryType=get-freshness, TenantId=tenant-a, Domain=freshness, AggregateId=index, Stage=QueryReceived","State":{"Message":"AggregateId=index,Domain=freshness,TenantId=tenant-a,QueryType=get-freshness,CorrelationId=01M4DTBEWFC5DKEM9YZTKFFDRY,{OriginalFormat}=Query received: CorrelationId={CorrelationId}, QueryType={QueryType}, TenantId={TenantId}, Domain={Domain}, AggregateId={AggregateId}, Stage=QueryReceived","AggregateId":"index","Domain":"freshness","TenantId":"tenant-a","QueryType":"get-freshness","CorrelationId":"01M4DTBEWFC5DKEM9YZTKFFDRY","{OriginalFormat}":"Query received: CorrelationId={CorrelationId}, QueryType={QueryType}, TenantId={TenantId}, Domain={Domain}, AggregateId={AggregateId}, Stage=QueryReceived"}}
{"EventId":1001,"LogLevel":"Information","Category":"Hexalith.EventStore.Pipeline.LoggingBehavior","Message":"MediatR pipeline exit: CorrelationId=01M4DTBEWFC5DKEM9YZTKFFDRY, CausationId=01M4DTBEWFC5DKEM9YZTKFFDRY, CommandType=SubmitQuery, Tenant=(null), Domain=(null), AggregateId=(null), DurationMs=0.2327, Stage=PipelineExit","State":{"Message":"DurationMs=0.2327,AggregateId=,Domain=,Tenant=,CommandType=SubmitQuery,CausationId=01M4DTBEWFC5DKEM9YZTKFFDRY,CorrelationId=01M4DTBEWFC5DKEM9YZTKFFDRY,{OriginalFormat}=MediatR pipeline exit: CorrelationId={CorrelationId}, CausationId={CausationId}, CommandType={CommandType}, Tenant={Tenant}, Domain={Domain}, AggregateId={AggregateId}, DurationMs={DurationMs}, Stage=PipelineExit","DurationMs":0.2327,"AggregateId":null,"Domain":null,"Tenant":null,"CommandType":"SubmitQuery","CausationId":"01M4DTBEWFC5DKEM9YZTKFFDRY","CorrelationId":"01M4DTBEWFC5DKEM9YZTKFFDRY","{OriginalFormat}":"MediatR pipeline exit: CorrelationId={CorrelationId}, CausationId={CausationId}, CommandType={CommandType}, Tenant={Tenant}, Domain={Domain}, AggregateId={AggregateId}, DurationMs={DurationMs}, Stage=PipelineExit"}}
{"EventId":0,"LogLevel":"Information","Category":"Microsoft.Hosting.Lifetime","Message":"Application is shutting down...","State":{"{OriginalFormat}":"Application is shutting down..."}}
    Hexalith.EventStore.Server.Tests.Actors.EventPublicationIntegrationTests.ProcessCommand_EventsPublished_StatusWrittenAdvisory [FAIL]
      NSubstitute.Exceptions.ReceivedCallsException : Expected to receive a call matching:
      	WriteStatusAsync("test-tenant", "f15cc72b-219d-46b9-868f-64654e6a4b66", r => (((Convert(r.Status, Int32) == 3) AndAlso (r.MessageId == value(Hexalith.EventStore.Server.Tests.Actors.EventPublicationIntegrationTests+<>c__DisplayClass13_0).envelope.MessageId)) AndAlso (r.CorrelationId == value(Hexalith.EventStore.Server.Tests.Actors.EventPublicationIntegrationTests+<>c__DisplayClass13_0).envelope.CorrelationId)), System.Threading.CancellationToken)
      Actually received no matching calls.
      Received 2 non-matching calls (non-matching arguments indicated with '*' characters):
      	WriteStatusAsync("test-tenant", "f15cc72b-219d-46b9-868f-64654e6a4b66", *CommandStatusRecord { Status = Processing, Timestamp = 10/08/2026 13:13:28 +00:00, AggregateId = agg-001, EventCount = , RejectionEventType = , FailureReason = , TimeoutDuration = , MessageId = f15cc72b-219d-46b9-868f-64654e6a4b66, CorrelationId = corr-pub-test, Retryable = , RecoveryReasonCode = , DrainAttemptCount = , CommittedEventSequence = , Domain = test-domain }*, System.Threading.CancellationToken)
      	WriteStatusAsync("test-tenant", "f15cc72b-219d-46b9-868f-64654e6a4b66", *CommandStatusRecord { Status = Rejected, Timestamp = 10/08/2026 13:13:28 +00:00, AggregateId = agg-001, EventCount = , RejectionEventType = , FailureReason = Protected data diagnostic details were redacted. ReasonCode=protected-data-diagnostic-redacted; Stage=EventsStored., TimeoutDuration = , MessageId = f15cc72b-219d-46b9-868f-64654e6a4b66, CorrelationId = corr-pub-test, Retryable = , RecoveryReasonCode = , DrainAttemptCount = , CommittedEventSequence = , Domain = test-domain }*, System.Threading.CancellationToken)
      
      Stack Trace:
           at NSubstitute.Core.ReceivedCallsExceptionThrower.Throw(ICallSpecification callSpecification, IEnumerable`1 matchingCalls, IEnumerable`1 nonMatchingCalls, Quantity requiredQuantity)
           at NSubstitute.Routing.Handlers.CheckReceivedCallsHandler.Handle(ICall call)
           at NSubstitute.Proxies.CastleDynamicProxy.CastleForwardingInterceptor.Intercept(IInvocation invocation)
           at Castle.DynamicProxy.AbstractInvocation.Proceed()
           at Castle.Proxies.ObjectProxy_9.WriteStatusAsync(String tenantId, String messageId, CommandStatusRecord status, CancellationToken cancellationToken)
        tests/Hexalith.EventStore.Server.Tests/Actors/EventPublicationIntegrationTests.cs(495,0): at Hexalith.EventStore.Server.Tests.Actors.EventPublicationIntegrationTests.ProcessCommand_EventsPublished_StatusWrittenAdvisory()
        --- End of stack trace from previous location ---
    Hexalith.EventStore.Server.Tests.Actors.EventPublicationIntegrationTests.ProcessCommand_PublishSuccess_EventsPublishedCheckpointAtomic [FAIL]
      Shouldly.ShouldAssertException : stageCheckpoints
          should contain
      CommandStatus.EventsStored
          but was actually
      [CommandStatus.Processing, CommandStatus.Rejected]
      Stack Trace:
        tests/Hexalith.EventStore.Server.Tests/Actors/EventPublicationIntegrationTests.cs(561,0): at Hexalith.EventStore.Server.Tests.Actors.EventPublicationIntegrationTests.ProcessCommand_PublishSuccess_EventsPublishedCheckpointAtomic()
           at System.Runtime.ExceptionServices.ExceptionDispatchInfo.Throw()
           at System.Runtime.CompilerServices.TaskAwaiter.HandleNonSuccessAndDebuggerNotification(Task task, ConfigureAwaitOptions options)
        --- End of stack trace from previous location ---
           at System.Runtime.ExceptionServices.ExceptionDispatchInfo.Throw()
           at System.Runtime.CompilerServices.TaskAwaiter.HandleNonSuccessAndDebuggerNotification(Task task, ConfigureAwaitOptions options)
    Hexalith.EventStore.Server.Tests.Actors.EventPublicationIntegrationTests.ProcessCommand_PublishFails_PersistsEventAndRecordsAdvisoryPublishFailedStatus [FAIL]
      Shouldly.ShouldAssertException : result.Accepted
          should be
      True
          but was
      False
      
      Additional Info:
          pub/sub failure after event storage must not reject a successful domain command
      Stack Trace:
        tests/Hexalith.EventStore.Server.Tests/Actors/EventPublicationIntegrationTests.cs(295,0): at Hexalith.EventStore.Server.Tests.Actors.EventPublicationIntegrationTests.ProcessCommand_PublishFails_PersistsEventAndRecordsAdvisoryPublishFailedStatus()
           at System.Runtime.ExceptionServices.ExceptionDispatchInfo.Throw()
           at System.Runtime.CompilerServices.TaskAwaiter.HandleNonSuccessAndDebuggerNotification(Task task, ConfigureAwaitOptions options)
        --- End of stack trace from previous location ---
           at System.Runtime.ExceptionServices.ExceptionDispatchInfo.Throw()
           at System.Runtime.CompilerServices.TaskAwaiter.HandleNonSuccessAndDebuggerNotification(Task task, ConfigureAwaitOptions options)
    Hexalith.EventStore.Server.Tests.Actors.EventPublicationIntegrationTests.ProcessCommand_Success_TransitionsEventStored_EventsPublished_Completed [FAIL]
      Shouldly.ShouldAssertException : result.Accepted
          should be
      True
          but was
      False
      Stack Trace:
        tests/Hexalith.EventStore.Server.Tests/Actors/EventPublicationIntegrationTests.cs(216,0): at Hexalith.EventStore.Server.Tests.Actors.EventPublicationIntegrationTests.ProcessCommand_Success_TransitionsEventStored_EventsPublished_Completed()
           at System.Runtime.ExceptionServices.ExceptionDispatchInfo.Throw()
           at System.Runtime.CompilerServices.TaskAwaiter.HandleNonSuccessAndDebuggerNotification(Task task, ConfigureAwaitOptions options)
        --- End of stack trace from previous location ---
           at System.Runtime.ExceptionServices.ExceptionDispatchInfo.Throw()
           at System.Runtime.CompilerServices.TaskAwaiter.HandleNonSuccessAndDebuggerNotification(Task task, ConfigureAwaitOptions options)
    Hexalith.EventStore.Server.Tests.Actors.EventPublicationIntegrationTests.ProcessCommand_Rejection_PublishesRejectionEvents_ThenCompleted [FAIL]
      Shouldly.ShouldAssertException : result.ErrorMessage!
          should contain (case insensitive comparison)
      "Domain rejection"
          but was actually
      "Protected data diagnostic details were redacted. ReasonCode=protected-data-diagnostic-redacted; Stag..."
      Stack Trace:
        tests/Hexalith.EventStore.Server.Tests/Actors/EventPublicationIntegrationTests.cs(442,0): at Hexalith.EventStore.Server.Tests.Actors.EventPublicationIntegrationTests.ProcessCommand_Rejection_PublishesRejectionEvents_ThenCompleted()
           at System.Runtime.ExceptionServices.ExceptionDispatchInfo.Throw()
           at System.Runtime.CompilerServices.TaskAwaiter.HandleNonSuccessAndDebuggerNotification(Task task, ConfigureAwaitOptions options)
        --- End of stack trace from previous location ---
           at System.Runtime.ExceptionServices.ExceptionDispatchInfo.Throw()
           at System.Runtime.CompilerServices.TaskAwaiter.HandleNonSuccessAndDebuggerNotification(Task task, ConfigureAwaitOptions options)
    Hexalith.EventStore.Server.Tests.Actors.EventPublicationIntegrationTests.ProcessCommand_PublishFails_TransitionsToPublishFailedAndReturnsAcceptedResult [FAIL]
      Shouldly.ShouldAssertException : result.Accepted
          should be
      True
          but was
      False
      Stack Trace:
        tests/Hexalith.EventStore.Server.Tests/Actors/EventPublicationIntegrationTests.cs(269,0): at Hexalith.EventStore.Server.Tests.Actors.EventPublicationIntegrationTests.ProcessCommand_PublishFails_TransitionsToPublishFailedAndReturnsAcceptedResult()
           at System.Runtime.ExceptionServices.ExceptionDispatchInfo.Throw()
           at System.Runtime.CompilerServices.TaskAwaiter.HandleNonSuccessAndDebuggerNotification(Task task, ConfigureAwaitOptions options)
        --- End of stack trace from previous location ---
           at System.Runtime.ExceptionServices.ExceptionDispatchInfo.Throw()
           at System.Runtime.CompilerServices.TaskAwaiter.HandleNonSuccessAndDebuggerNotification(Task task, ConfigureAwaitOptions options)
    Hexalith.EventStore.Server.Tests.Actors.EventPublicationIntegrationTests.Committed_proof_is_written_after_durable_terminal_state_and_survives_recreation_and_duplicate [FAIL]
      Shouldly.ShouldAssertException : (CommandStatusRecord completed, IReadOnlyDictionary<string, object> committedAtWrite) = completedWrites
          should have single item but had
      0
          items and was
      [] (System.Collections.Generic.List`1[System.ValueTuple`2[Hexalith.EventStore.Contracts.Commands.CommandStatusRecord,System.Collections.Generic.IReadOnlyDictionary`2[System.String,System.Object]]])
      Stack Trace:
        tests/Hexalith.EventStore.Server.Tests/Actors/EventPublicationIntegrationTests.cs(141,0): at Hexalith.EventStore.Server.Tests.Actors.EventPublicationIntegrationTests.Committed_proof_is_written_after_durable_terminal_state_and_survives_recreation_and_duplicate()
           at System.Runtime.ExceptionServices.ExceptionDispatchInfo.Throw()
           at System.Runtime.CompilerServices.TaskAwaiter.HandleNonSuccessAndDebuggerNotification(Task task, ConfigureAwaitOptions options)
        --- End of stack trace from previous location ---
           at System.Runtime.ExceptionServices.ExceptionDispatchInfo.Throw()
           at System.Runtime.CompilerServices.TaskAwaiter.HandleNonSuccessAndDebuggerNotification(Task task, ConfigureAwaitOptions options)
    Hexalith.EventStore.Server.Tests.Actors.EventPublicationIntegrationTests.ProcessCommand_StatusWriteFailsDuringPublishFailure_StillReturnsAcceptedAndPersistsEvent [FAIL]
      Shouldly.ShouldAssertException : result.Accepted
          should be
      True
          but was
      False
      Stack Trace:
        tests/Hexalith.EventStore.Server.Tests/Actors/EventPublicationIntegrationTests.cs(336,0): at Hexalith.EventStore.Server.Tests.Actors.EventPublicationIntegrationTests.ProcessCommand_StatusWriteFailsDuringPublishFailure_StillReturnsAcceptedAndPersistsEvent()
           at System.Runtime.ExceptionServices.ExceptionDispatchInfo.Throw()
           at System.Runtime.CompilerServices.TaskAwaiter.HandleNonSuccessAndDebuggerNotification(Task task, ConfigureAwaitOptions options)
        --- End of stack trace from previous location ---
           at System.Runtime.ExceptionServices.ExceptionDispatchInfo.Throw()
           at System.Runtime.CompilerServices.TaskAwaiter.HandleNonSuccessAndDebuggerNotification(Task task, ConfigureAwaitOptions options)
    Hexalith.EventStore.Server.Tests.Actors.EventPublicationIntegrationTests.ProcessCommand_PublishFailed_StatusWrittenAdvisory [FAIL]
      NSubstitute.Exceptions.ReceivedCallsException : Expected to receive a call matching:
      	WriteStatusAsync("test-tenant", "40b17780-e8bb-4d43-9f80-6d47b6b219c7", r => ((((Convert(r.Status, Int32) == 6) AndAlso (r.FailureReason == "Broker down")) AndAlso (r.MessageId == value(Hexalith.EventStore.Server.Tests.Actors.EventPublicationIntegrationTests+<>c__DisplayClass14_0).envelope.MessageId)) AndAlso (r.CorrelationId == value(Hexalith.EventStore.Server.Tests.Actors.EventPublicationIntegrationTests+<>c__DisplayClass14_0).envelope.CorrelationId)), System.Threading.CancellationToken)
      Actually received no matching calls.
      Received 2 non-matching calls (non-matching arguments indicated with '*' characters):
      	WriteStatusAsync("test-tenant", "40b17780-e8bb-4d43-9f80-6d47b6b219c7", *CommandStatusRecord { Status = Processing, Timestamp = 10/08/2026 13:13:28 +00:00, AggregateId = agg-001, EventCount = , RejectionEventType = , FailureReason = , TimeoutDuration = , MessageId = 40b17780-e8bb-4d43-9f80-6d47b6b219c7, CorrelationId = corr-pub-test, Retryable = , RecoveryReasonCode = , DrainAttemptCount = , CommittedEventSequence = , Domain = test-domain }*, System.Threading.CancellationToken)
      	WriteStatusAsync("test-tenant", "40b17780-e8bb-4d43-9f80-6d47b6b219c7", *CommandStatusRecord { Status = Rejected, Timestamp = 10/08/2026 13:13:28 +00:00, AggregateId = agg-001, EventCount = , RejectionEventType = , FailureReason = Protected data diagnostic details were redacted. ReasonCode=protected-data-diagnostic-redacted; Stage=EventsStored., TimeoutDuration = , MessageId = 40b17780-e8bb-4d43-9f80-6d47b6b219c7, CorrelationId = corr-pub-test, Retryable = , RecoveryReasonCode = , DrainAttemptCount = , CommittedEventSequence = , Domain = test-domain }*, System.Threading.CancellationToken)
      
      Stack Trace:
           at NSubstitute.Core.ReceivedCallsExceptionThrower.Throw(ICallSpecification callSpecification, IEnumerable`1 matchingCalls, IEnumerable`1 nonMatchingCalls, Quantity requiredQuantity)
           at NSubstitute.Routing.Handlers.CheckReceivedCallsHandler.Handle(ICall call)
           at NSubstitute.Proxies.CastleDynamicProxy.CastleForwardingInterceptor.Intercept(IInvocation invocation)
           at Castle.DynamicProxy.AbstractInvocation.Proceed()
           at Castle.Proxies.ObjectProxy_9.WriteStatusAsync(String tenantId, String messageId, CommandStatusRecord status, CancellationToken cancellationToken)
        tests/Hexalith.EventStore.Server.Tests/Actors/EventPublicationIntegrationTests.cs(527,0): at Hexalith.EventStore.Server.Tests.Actors.EventPublicationIntegrationTests.ProcessCommand_PublishFailed_StatusWrittenAdvisory()
        --- End of stack trace from previous location ---
    Hexalith.EventStore.Server.Tests.Actors.EventPublicationIntegrationTests.ProcessCommand_DomainRejection_DoesNotLogInfrastructurePublicationFailure [FAIL]
      NSubstitute.Exceptions.ReceivedCallsException : Expected to receive no calls matching:
      	Log<Object>(Error, any EventId, any Object, any Exception, any Func<Object, Exception, String>)
      Actually received 2 matching calls:
      	Log<LoggerMessageState>(Error, InfrastructureFailure, , <null>, Func<LoggerMessageState, Exception, String>)
      	Log<FormattedLogValues>(Error, 0, Dead-letter publication failed: CorrelationId=corr-domain-rejection, TenantId=test-tenant, Domain=test-domain, AggregateId=agg-001, <null>, Func<FormattedLogValues, Exception, String>)
      
      Stack Trace:
           at NSubstitute.Core.ReceivedCallsExceptionThrower.Throw(ICallSpecification callSpecification, IEnumerable`1 matchingCalls, IEnumerable`1 nonMatchingCalls, Quantity requiredQuantity)
           at NSubstitute.Routing.Handlers.CheckReceivedCallsHandler.Handle(ICall call)
           at NSubstitute.Proxies.CastleDynamicProxy.CastleForwardingInterceptor.Intercept(IInvocation invocation)
           at Castle.DynamicProxy.AbstractInvocation.Proceed()
        tests/Hexalith.EventStore.Server.Tests/Actors/EventPublicationIntegrationTests.cs(391,0): at Hexalith.EventStore.Server.Tests.Actors.EventPublicationIntegrationTests.ProcessCommand_DomainRejection_DoesNotLogInfrastructurePublicationFailure()
        --- End of stack trace from previous location ---
{"EventId":11,"LogLevel":"Error","Category":"Microsoft.Extensions.Hosting.Internal.Host","Message":"Hosting failed to start","Exception":"Microsoft.Extensions.Options.OptionsValidationException: Authentication:WorkloadIssuer:ClientId and Authentication:WorkloadIssuer:ClientSecret must be configured when Authentication:JwtBearer:Authority is set; without them every outbound internal call is denied.\n   at Microsoft.Extensions.Options.OptionsFactory\u00601.Create(String name)\n   at System.Lazy\u00601.ViaFactory(LazyThreadSafetyMode mode)\n   at System.Lazy\u00601.CreateValue()\n   at Microsoft.Extensions.Options.OptionsCache\u00601.GetOrAdd[TArg](String name, Func\u00603 createOptions, TArg factoryArgument)\n   at Microsoft.Extensions.DependencyInjection.OptionsBuilderExtensions.\u003C\u003Ec__DisplayClass0_1\u00601.\u003CValidateOnStart\u003Eb__1()\n   at Microsoft.Extensions.Options.StartupValidator.Validate()\n--- End of stack trace from previous location ---\n   at Microsoft.Extensions.Options.StartupValidator.Validate()\n   at Microsoft.Extensions.Hosting.Internal.Host.StartAsync(CancellationToken cancellationToken)","State":{"{OriginalFormat}":"Hosting failed to start"}}
{"EventId":11,"LogLevel":"Error","Category":"Microsoft.Extensions.Hosting.Internal.Host","Message":"Hosting failed to start","Exception":"Microsoft.Extensions.Options.OptionsValidationException: Authentication:WorkloadIssuer:ClientId and Authentication:WorkloadIssuer:ClientSecret must be configured when Authentication:JwtBearer:Authority is set; without them every outbound internal call is denied.\n   at Microsoft.Extensions.Options.OptionsFactory\u00601.Create(String name)\n   at System.Lazy\u00601.ViaFactory(LazyThreadSafetyMode mode)\n   at System.Lazy\u00601.CreateValue()\n   at Microsoft.Extensions.Options.OptionsCache\u00601.GetOrAdd[TArg](String name, Func\u00603 createOptions, TArg factoryArgument)\n   at Microsoft.Extensions.DependencyInjection.OptionsBuilderExtensions.\u003C\u003Ec__DisplayClass0_1\u00601.\u003CValidateOnStart\u003Eb__1()\n   at Microsoft.Extensions.Options.StartupValidator.Validate()\n--- End of stack trace from previous location ---\n   at Microsoft.Extensions.Options.StartupValidator.Validate()\n   at Microsoft.Extensions.Hosting.Internal.Host.StartAsync(CancellationToken cancellationToken)","State":{"{OriginalFormat}":"Hosting failed to start"}}
{"EventId":11,"LogLevel":"Error","Category":"Microsoft.Extensions.Hosting.Internal.Host","Message":"Hosting failed to start","Exception":"Microsoft.Extensions.Options.OptionsValidationException: Authentication:WorkloadIssuer:ClientId and Authentication:WorkloadIssuer:ClientSecret must be configured when Authentication:JwtBearer:Authority is set; without them every outbound internal call is denied.\n   at Microsoft.Extensions.Options.OptionsFactory\u00601.Create(String name)\n   at System.Lazy\u00601.ViaFactory(LazyThreadSafetyMode mode)\n   at System.Lazy\u00601.CreateValue()\n   at Microsoft.Extensions.Options.OptionsCache\u00601.GetOrAdd[TArg](String name, Func\u00603 createOptions, TArg factoryArgument)\n   at Microsoft.Extensions.DependencyInjection.OptionsBuilderExtensions.\u003C\u003Ec__DisplayClass0_1\u00601.\u003CValidateOnStart\u003Eb__1()\n   at Microsoft.Extensions.Options.StartupValidator.Validate()\n--- End of stack trace from previous location ---\n   at Microsoft.Extensions.Options.StartupValidator.Validate()\n   at Microsoft.Extensions.Hosting.Internal.Host.StartAsync(CancellationToken cancellationToken)","State":{"{OriginalFormat}":"Hosting failed to start"}}
{"EventId":1121,"LogLevel":"Information","Category":"Hexalith.EventStore.Server.Projections.ProjectionDiscoveryHostedService","Message":"Projection discovery: domain \u0027global-administrators\u0027 -\u003E immediate mode (fire-and-forget after persistence)","State":{"Message":"Domain=global-administrators,{OriginalFormat}=Projection discovery: domain \u0027{Domain}\u0027 -\u003E immediate mode (fire-and-forget after persistence)","Domain":"global-administrators","{OriginalFormat}":"Projection discovery: domain \u0027{Domain}\u0027 -\u003E immediate mode (fire-and-forget after persistence)"}}
{"EventId":1121,"LogLevel":"Information","Category":"Hexalith.EventStore.Server.Projections.ProjectionDiscoveryHostedService","Message":"Projection discovery: domain \u0027tenants\u0027 -\u003E immediate mode (fire-and-forget after persistence)","State":{"Message":"Domain=tenants,{OriginalFormat}=Projection discovery: domain \u0027{Domain}\u0027 -\u003E immediate mode (fire-and-forget after persistence)","Domain":"tenants","{OriginalFormat}":"Projection discovery: domain \u0027{Domain}\u0027 -\u003E immediate mode (fire-and-forget after persistence)"}}
{"EventId":1124,"LogLevel":"Information","Category":"Hexalith.EventStore.Server.Projections.ProjectionDiscoveryHostedService","Message":"Projection discovery complete: 2 domains discovered. Default refresh interval: 0ms (0=immediate).","State":{"Message":"DefaultRefreshIntervalMs=0,DomainCount=2,{OriginalFormat}=Projection discovery complete: {DomainCount} domains discovered. Default refresh interval: {DefaultRefreshIntervalMs}ms (0=immediate).","DefaultRefreshIntervalMs":0,"DomainCount":2,"{OriginalFormat}":"Projection discovery complete: {DomainCount} domains discovered. Default refresh interval: {DefaultRefreshIntervalMs}ms (0=immediate)."}}
{"EventId":1200,"LogLevel":"Information","Category":"Hexalith.EventStore.Server.Projections.ActiveRebuildIndexCleanupService","Message":"Active-rebuild-index cleanup service started: CadenceSeconds=60, Stage=ActiveRebuildIndexCleanupServiceStarted","State":{"Message":"CadenceSeconds=60,{OriginalFormat}=Active-rebuild-index cleanup service started: CadenceSeconds={CadenceSeconds}, Stage=ActiveRebuildIndexCleanupServiceStarted","CadenceSeconds":60,"{OriginalFormat}":"Active-rebuild-index cleanup service started: CadenceSeconds={CadenceSeconds}, Stage=ActiveRebuildIndexCleanupServiceStarted"}}
{"EventId":0,"LogLevel":"Warning","Category":"Hexalith.EventStore.Configuration.DaprRateLimitConfigSync","Message":"DAPR config store unavailable for rate limit sync. Falling back to appsettings.json values.","Exception":"Dapr.DaprException: GetConfiguration operation failed: the Dapr endpoint indicated a failure. See InnerException for details.\n ---\u003E Grpc.Core.RpcException: Status(StatusCode=\u0022Unavailable\u0022, Detail=\u0022Error connecting to subchannel.\u0022, DebugException=\u0022System.Net.Sockets.SocketException: Connection refused\u0022)\n ---\u003E System.Net.Sockets.SocketException (111): Connection refused\n   at System.Net.Sockets.Socket.AwaitableSocketAsyncEventArgs.ThrowException(SocketError error, CancellationToken cancellationToken)\n   at System.Net.Sockets.Socket.AwaitableSocketAsyncEventArgs.System.Threading.Tasks.Sources.IValueTaskSource.GetResult(Int16 token)\n   at Grpc.Net.Client.Balancer.Internal.SocketConnectivitySubchannelTransport.TryConnectAsync(ConnectContext context, Int32 attempt)\n   --- End of inner exception stack trace ---\n   at Grpc.Net.Client.Balancer.Internal.ConnectionManager.PickAsync(PickContext context, Boolean waitForReady, CancellationToken cancellationToken)\n   at Grpc.Net.Client.Balancer.Internal.BalancerHttpHandler.SendAsync(HttpRequestMessage request, CancellationToken cancellationToken)\n   at Grpc.Net.Client.Internal.GrpcCall\u00602.RunCall(HttpRequestMessage request, Nullable\u00601 timeout)\n   at Dapr.Client.DaprClientGrpc.GetConfiguration(String storeName, IReadOnlyList\u00601 keys, IReadOnlyDictionary\u00602 metadata, CancellationToken cancellationToken)\n   --- End of inner exception stack trace ---\n   at Dapr.Client.DaprClientGrpc.GetConfiguration(String storeName, IReadOnlyList\u00601 keys, IReadOnlyDictionary\u00602 metadata, CancellationToken cancellationToken)\n   at Hexalith.EventStore.Configuration.DaprRateLimitConfigSync.FetchConfigurationAsync(DaprClient daprClient, String[] keys, CancellationToken cancellationToken) in /home/administrator/projects/hexalith/eventstore/src/Hexalith.EventStore/Configuration/DaprRateLimitConfigSync.cs:line 70\n   at Hexalith.EventStore.Configuration.DaprRateLimitConfigSync.LoadTenantIdsAsync(DaprClient daprClient, CancellationToken cancellationToken) in /home/administrator/projects/hexalith/eventstore/src/Hexalith.EventStore/Configuration/DaprRateLimitConfigSync.cs:line 80\n   at Hexalith.EventStore.Configuration.DaprRateLimitConfigSync.SyncTenantOverridesAsync(DaprClient daprClient, CancellationToken cancellationToken) in /home/administrator/projects/hexalith/eventstore/src/Hexalith.EventStore/Configuration/DaprRateLimitConfigSync.cs:line 158","State":{"{OriginalFormat}":"DAPR config store unavailable for rate limit sync. Falling back to appsettings.json values."}}
{"EventId":0,"LogLevel":"Information","Category":"Microsoft.Hosting.Lifetime","Message":"Application started. Press Ctrl\u002BC to shut down.","State":{"{OriginalFormat}":"Application started. Press Ctrl\u002BC to shut down."}}
{"EventId":0,"LogLevel":"Information","Category":"Microsoft.Hosting.Lifetime","Message":"Hosting environment: Production","State":{"EnvName":"Production","{OriginalFormat}":"Hosting environment: {EnvName}"}}
{"EventId":0,"LogLevel":"Information","Category":"Microsoft.Hosting.Lifetime","Message":"Content root path: /home/administrator/projects/hexalith/eventstore/src/Hexalith.EventStore","State":{"ContentRoot":"/home/administrator/projects/hexalith/eventstore/src/Hexalith.EventStore","{OriginalFormat}":"Content root path: {ContentRoot}"}}
{"EventId":0,"LogLevel":"Warning","Category":"Hexalith.EventStore.Controllers.CommandStatusController","Message":"Status query denied: no tenant claims. CorrelationId=01M4DTBJ389VKVPMY3Y5BB78W1","State":{"CorrelationId":"01M4DTBJ389VKVPMY3Y5BB78W1","{OriginalFormat}":"Status query denied: no tenant claims. CorrelationId={CorrelationId}"}}
{"EventId":9,"LogLevel":"Warning","Category":"Microsoft.AspNetCore.Routing.EndpointRoutingMiddleware","Message":"A request body size limit could not be applied. This server does not support the IHttpMaxRequestBodySizeFeature.","State":{"{OriginalFormat}":"A request body size limit could not be applied. This server does not support the IHttpMaxRequestBodySizeFeature."}}
{"EventId":5501,"LogLevel":"Warning","Category":"Hexalith.EventStore.ServiceDefaults.Authentication.WorkloadJwtBearerEvents","Message":"Internal credential denied: SecurityEvent=InternalAuthenticationDenied, Scheme=DaprInternal, Reason=channel-token-missing, StatusCode=401, Path=/api/v1/trusted-effects, CorrelationId=c489b09ed33eb7c892ed79ec08b973e1","State":{"Message":"CorrelationId=c489b09ed33eb7c892ed79ec08b973e1,Path=/api/v1/trusted-effects,StatusCode=401,Reason=channel-token-missing,Scheme=DaprInternal,{OriginalFormat}=Internal credential denied: SecurityEvent=InternalAuthenticationDenied, Scheme={Scheme}, Reason={Reason}, StatusCode={StatusCode}, Path={Path}, CorrelationId={CorrelationId}","CorrelationId":"c489b09ed33eb7c892ed79ec08b973e1","Path":"/api/v1/trusted-effects","StatusCode":401,"Reason":"channel-token-missing","Scheme":"DaprInternal","{OriginalFormat}":"Internal credential denied: SecurityEvent=InternalAuthenticationDenied, Scheme={Scheme}, Reason={Reason}, StatusCode={StatusCode}, Path={Path}, CorrelationId={CorrelationId}"}}
{"EventId":9,"LogLevel":"Warning","Category":"Microsoft.AspNetCore.Routing.EndpointRoutingMiddleware","Message":"A request body size limit could not be applied. This server does not support the IHttpMaxRequestBodySizeFeature.","State":{"{OriginalFormat}":"A request body size limit could not be applied. This server does not support the IHttpMaxRequestBodySizeFeature."}}
{"EventId":5501,"LogLevel":"Warning","Category":"Hexalith.EventStore.ServiceDefaults.Authentication.WorkloadJwtBearerEvents","Message":"Internal credential denied: SecurityEvent=InternalAuthenticationDenied, Scheme=DaprInternal, Reason=channel-token-missing, StatusCode=401, Path=/api/v1/trusted-effects, CorrelationId=3ee78d09fda59958d4d35fd7b8a1b3b8","State":{"Message":"CorrelationId=3ee78d09fda59958d4d35fd7b8a1b3b8,Path=/api/v1/trusted-effects,StatusCode=401,Reason=channel-token-missing,Scheme=DaprInternal,{OriginalFormat}=Internal credential denied: SecurityEvent=InternalAuthenticationDenied, Scheme={Scheme}, Reason={Reason}, StatusCode={StatusCode}, Path={Path}, CorrelationId={CorrelationId}","CorrelationId":"3ee78d09fda59958d4d35fd7b8a1b3b8","Path":"/api/v1/trusted-effects","StatusCode":401,"Reason":"channel-token-missing","Scheme":"DaprInternal","{OriginalFormat}":"Internal credential denied: SecurityEvent=InternalAuthenticationDenied, Scheme={Scheme}, Reason={Reason}, StatusCode={StatusCode}, Path={Path}, CorrelationId={CorrelationId}"}}
{"EventId":9,"LogLevel":"Warning","Category":"Microsoft.AspNetCore.Routing.EndpointRoutingMiddleware","Message":"A request body size limit could not be applied. This server does not support the IHttpMaxRequestBodySizeFeature.","State":{"{OriginalFormat}":"A request body size limit could not be applied. This server does not support the IHttpMaxRequestBodySizeFeature."}}
{"EventId":5501,"LogLevel":"Warning","Category":"Hexalith.EventStore.ServiceDefaults.Authentication.WorkloadJwtBearerEvents","Message":"Internal credential denied: SecurityEvent=InternalAuthenticationDenied, Scheme=DaprInternal, Reason=assertion-missing, StatusCode=401, Path=/api/v1/trusted-effects, CorrelationId=794013dc12ad7aa389f04131a3106090","State":{"Message":"CorrelationId=794013dc12ad7aa389f04131a3106090,Path=/api/v1/trusted-effects,StatusCode=401,Reason=assertion-missing,Scheme=DaprInternal,{OriginalFormat}=Internal credential denied: SecurityEvent=InternalAuthenticationDenied, Scheme={Scheme}, Reason={Reason}, StatusCode={StatusCode}, Path={Path}, CorrelationId={CorrelationId}","CorrelationId":"794013dc12ad7aa389f04131a3106090","Path":"/api/v1/trusted-effects","StatusCode":401,"Reason":"assertion-missing","Scheme":"DaprInternal","{OriginalFormat}":"Internal credential denied: SecurityEvent=InternalAuthenticationDenied, Scheme={Scheme}, Reason={Reason}, StatusCode={StatusCode}, Path={Path}, CorrelationId={CorrelationId}"}}
{"EventId":9,"LogLevel":"Warning","Category":"Microsoft.AspNetCore.Routing.EndpointRoutingMiddleware","Message":"A request body size limit could not be applied. This server does not support the IHttpMaxRequestBodySizeFeature.","State":{"{OriginalFormat}":"A request body size limit could not be applied. This server does not support the IHttpMaxRequestBodySizeFeature."}}
{"EventId":1,"LogLevel":"Warning","Category":"Microsoft.AspNetCore.Mvc.Filters.RequestSizeLimitFilter","Message":"A request body size limit could not be applied. This server does not support the IHttpRequestBodySizeFeature.","State":{"{OriginalFormat}":"A request body size limit could not be applied. This server does not support the IHttpRequestBodySizeFeature."}}
{"EventId":9,"LogLevel":"Warning","Category":"Microsoft.AspNetCore.Routing.EndpointRoutingMiddleware","Message":"A request body size limit could not be applied. This server does not support the IHttpMaxRequestBodySizeFeature.","State":{"{OriginalFormat}":"A request body size limit could not be applied. This server does not support the IHttpMaxRequestBodySizeFeature."}}
{"EventId":5501,"LogLevel":"Warning","Category":"Hexalith.EventStore.ServiceDefaults.Authentication.WorkloadJwtBearerEvents","Message":"Internal credential denied: SecurityEvent=InternalAuthenticationDenied, Scheme=DaprInternal, Reason=signature-invalid, StatusCode=401, Path=/api/v1/trusted-effects, CorrelationId=559b0c5a97d90f200e6440f67326433a","State":{"Message":"CorrelationId=559b0c5a97d90f200e6440f67326433a,Path=/api/v1/trusted-effects,StatusCode=401,Reason=signature-invalid,Scheme=DaprInternal,{OriginalFormat}=Internal credential denied: SecurityEvent=InternalAuthenticationDenied, Scheme={Scheme}, Reason={Reason}, StatusCode={StatusCode}, Path={Path}, CorrelationId={CorrelationId}","CorrelationId":"559b0c5a97d90f200e6440f67326433a","Path":"/api/v1/trusted-effects","StatusCode":401,"Reason":"signature-invalid","Scheme":"DaprInternal","{OriginalFormat}":"Internal credential denied: SecurityEvent=InternalAuthenticationDenied, Scheme={Scheme}, Reason={Reason}, StatusCode={StatusCode}, Path={Path}, CorrelationId={CorrelationId}"}}
{"EventId":0,"LogLevel":"Warning","Category":"Hexalith.EventStore.Authentication.ConfigureJwtBearerOptions","Message":"Authentication failed: SecurityEvent=AuthenticationFailed, CorrelationId=01M4DTBJ58PDJ3FRTXQT214TRC, SourceIp=unknown, Path=/api/v1/commands/status/test-message, Tenant=unknown, CommandType=unknown, Reason=InvalidSignature, FailureLayer=JwtValidation","State":{"SecurityEvent":"AuthenticationFailed","CorrelationId":"01M4DTBJ58PDJ3FRTXQT214TRC","SourceIp":"unknown","RequestPath":"/api/v1/commands/status/test-message","TenantId":"unknown","CommandType":"unknown","Reason":"InvalidSignature","FailureLayer":"JwtValidation","{OriginalFormat}":"Authentication failed: SecurityEvent={SecurityEvent}, CorrelationId={CorrelationId}, SourceIp={SourceIp}, Path={RequestPath}, Tenant={TenantId}, CommandType={CommandType}, Reason={Reason}, FailureLayer={FailureLayer}"}}
{"EventId":0,"LogLevel":"Warning","Category":"Hexalith.EventStore.Authentication.ConfigureJwtBearerOptions","Message":"Authentication challenge: SecurityEvent=AuthenticationFailed, CorrelationId=01M4DTBJ58PDJ3FRTXQT214TRC, SourceIp=unknown, Path=/api/v1/commands/status/test-message, Tenant=unknown, CommandType=unknown, Reason=InvalidToken, FailureLayer=JwtChallenge","State":{"SecurityEvent":"AuthenticationFailed","CorrelationId":"01M4DTBJ58PDJ3FRTXQT214TRC","SourceIp":"unknown","RequestPath":"/api/v1/commands/status/test-message","TenantId":"unknown","CommandType":"unknown","Reason":"InvalidToken","FailureLayer":"JwtChallenge","{OriginalFormat}":"Authentication challenge: SecurityEvent={SecurityEvent}, CorrelationId={CorrelationId}, SourceIp={SourceIp}, Path={RequestPath}, Tenant={TenantId}, CommandType={CommandType}, Reason={Reason}, FailureLayer={FailureLayer}"}}
{"EventId":0,"LogLevel":"Warning","Category":"Hexalith.EventStore.Authentication.ConfigureJwtBearerOptions","Message":"Authentication failed: SecurityEvent=AuthenticationFailed, CorrelationId=01M4DTBJ5AAV1XCH6DQC9XP5HX, SourceIp=unknown, Path=/api/v1/commands/status/test-message, Tenant=unknown, CommandType=unknown, Reason=SecurityTokenNoExpirationException, FailureLayer=JwtValidation","State":{"SecurityEvent":"AuthenticationFailed","CorrelationId":"01M4DTBJ5AAV1XCH6DQC9XP5HX","SourceIp":"unknown","RequestPath":"/api/v1/commands/status/test-message","TenantId":"unknown","CommandType":"unknown","Reason":"SecurityTokenNoExpirationException","FailureLayer":"JwtValidation","{OriginalFormat}":"Authentication failed: SecurityEvent={SecurityEvent}, CorrelationId={CorrelationId}, SourceIp={SourceIp}, Path={RequestPath}, Tenant={TenantId}, CommandType={CommandType}, Reason={Reason}, FailureLayer={FailureLayer}"}}
{"EventId":0,"LogLevel":"Warning","Category":"Hexalith.EventStore.Authentication.ConfigureJwtBearerOptions","Message":"Authentication challenge: SecurityEvent=AuthenticationFailed, CorrelationId=01M4DTBJ5AAV1XCH6DQC9XP5HX, SourceIp=unknown, Path=/api/v1/commands/status/test-message, Tenant=unknown, CommandType=unknown, Reason=InvalidToken, FailureLayer=JwtChallenge","State":{"SecurityEvent":"AuthenticationFailed","CorrelationId":"01M4DTBJ5AAV1XCH6DQC9XP5HX","SourceIp":"unknown","RequestPath":"/api/v1/commands/status/test-message","TenantId":"unknown","CommandType":"unknown","Reason":"InvalidToken","FailureLayer":"JwtChallenge","{OriginalFormat}":"Authentication challenge: SecurityEvent={SecurityEvent}, CorrelationId={CorrelationId}, SourceIp={SourceIp}, Path={RequestPath}, Tenant={TenantId}, CommandType={CommandType}, Reason={Reason}, FailureLayer={FailureLayer}"}}
{"EventId":0,"LogLevel":"Warning","Category":"Hexalith.EventStore.Authentication.ConfigureJwtBearerOptions","Message":"Authentication failed: SecurityEvent=AuthenticationFailed, CorrelationId=01M4DTBJ5B8JDXTGZMD9XSWB4Z, SourceIp=unknown, Path=/api/v1/commands/status/test-message, Tenant=unknown, CommandType=unknown, Reason=TokenExpired, FailureLayer=JwtValidation","State":{"SecurityEvent":"AuthenticationFailed","CorrelationId":"01M4DTBJ5B8JDXTGZMD9XSWB4Z","SourceIp":"unknown","RequestPath":"/api/v1/commands/status/test-message","TenantId":"unknown","CommandType":"unknown","Reason":"TokenExpired","FailureLayer":"JwtValidation","{OriginalFormat}":"Authentication failed: SecurityEvent={SecurityEvent}, CorrelationId={CorrelationId}, SourceIp={SourceIp}, Path={RequestPath}, Tenant={TenantId}, CommandType={CommandType}, Reason={Reason}, FailureLayer={FailureLayer}"}}
{"EventId":0,"LogLevel":"Warning","Category":"Hexalith.EventStore.Authentication.ConfigureJwtBearerOptions","Message":"Authentication challenge: SecurityEvent=AuthenticationFailed, CorrelationId=01M4DTBJ5B8JDXTGZMD9XSWB4Z, SourceIp=unknown, Path=/api/v1/commands/status/test-message, Tenant=unknown, CommandType=unknown, Reason=TokenExpired, FailureLayer=JwtChallenge","State":{"SecurityEvent":"AuthenticationFailed","CorrelationId":"01M4DTBJ5B8JDXTGZMD9XSWB4Z","SourceIp":"unknown","RequestPath":"/api/v1/commands/status/test-message","TenantId":"unknown","CommandType":"unknown","Reason":"TokenExpired","FailureLayer":"JwtChallenge","{OriginalFormat}":"Authentication challenge: SecurityEvent={SecurityEvent}, CorrelationId={CorrelationId}, SourceIp={SourceIp}, Path={RequestPath}, Tenant={TenantId}, CommandType={CommandType}, Reason={Reason}, FailureLayer={FailureLayer}"}}
{"EventId":0,"LogLevel":"Warning","Category":"Hexalith.EventStore.Authentication.ConfigureJwtBearerOptions","Message":"Authentication failed: SecurityEvent=AuthenticationFailed, CorrelationId=01M4DTBJ5CM0JNDXHDBFF9BXVW, SourceIp=unknown, Path=/api/v1/commands/status/test-message, Tenant=unknown, CommandType=unknown, Reason=InvalidIssuer, FailureLayer=JwtValidation","State":{"SecurityEvent":"AuthenticationFailed","CorrelationId":"01M4DTBJ5CM0JNDXHDBFF9BXVW","SourceIp":"unknown","RequestPath":"/api/v1/commands/status/test-message","TenantId":"unknown","CommandType":"unknown","Reason":"InvalidIssuer","FailureLayer":"JwtValidation","{OriginalFormat}":"Authentication failed: SecurityEvent={SecurityEvent}, CorrelationId={CorrelationId}, SourceIp={SourceIp}, Path={RequestPath}, Tenant={TenantId}, CommandType={CommandType}, Reason={Reason}, FailureLayer={FailureLayer}"}}
{"EventId":0,"LogLevel":"Warning","Category":"Hexalith.EventStore.Authentication.ConfigureJwtBearerOptions","Message":"Authentication challenge: SecurityEvent=AuthenticationFailed, CorrelationId=01M4DTBJ5CM0JNDXHDBFF9BXVW, SourceIp=unknown, Path=/api/v1/commands/status/test-message, Tenant=unknown, CommandType=unknown, Reason=InvalidToken, FailureLayer=JwtChallenge","State":{"SecurityEvent":"AuthenticationFailed","CorrelationId":"01M4DTBJ5CM0JNDXHDBFF9BXVW","SourceIp":"unknown","RequestPath":"/api/v1/commands/status/test-message","TenantId":"unknown","CommandType":"unknown","Reason":"InvalidToken","FailureLayer":"JwtChallenge","{OriginalFormat}":"Authentication challenge: SecurityEvent={SecurityEvent}, CorrelationId={CorrelationId}, SourceIp={SourceIp}, Path={RequestPath}, Tenant={TenantId}, CommandType={CommandType}, Reason={Reason}, FailureLayer={FailureLayer}"}}
{"EventId":0,"LogLevel":"Warning","Category":"Hexalith.EventStore.Authentication.ConfigureJwtBearerOptions","Message":"Authentication failed: SecurityEvent=AuthenticationFailed, CorrelationId=01M4DTBJ5DD4ARKKWFCN5ZBYGH, SourceIp=unknown, Path=/api/v1/commands/status/test-message, Tenant=unknown, CommandType=unknown, Reason=InvalidAudience, FailureLayer=JwtValidation","State":{"SecurityEvent":"AuthenticationFailed","CorrelationId":"01M4DTBJ5DD4ARKKWFCN5ZBYGH","SourceIp":"unknown","RequestPath":"/api/v1/commands/status/test-message","TenantId":"unknown","CommandType":"unknown","Reason":"InvalidAudience","FailureLayer":"JwtValidation","{OriginalFormat}":"Authentication failed: SecurityEvent={SecurityEvent}, CorrelationId={CorrelationId}, SourceIp={SourceIp}, Path={RequestPath}, Tenant={TenantId}, CommandType={CommandType}, Reason={Reason}, FailureLayer={FailureLayer}"}}
{"EventId":0,"LogLevel":"Warning","Category":"Hexalith.EventStore.Authentication.ConfigureJwtBearerOptions","Message":"Authentication challenge: SecurityEvent=AuthenticationFailed, CorrelationId=01M4DTBJ5DD4ARKKWFCN5ZBYGH, SourceIp=unknown, Path=/api/v1/commands/status/test-message, Tenant=unknown, CommandType=unknown, Reason=InvalidToken, FailureLayer=JwtChallenge","State":{"SecurityEvent":"AuthenticationFailed","CorrelationId":"01M4DTBJ5DD4ARKKWFCN5ZBYGH","SourceIp":"unknown","RequestPath":"/api/v1/commands/status/test-message","TenantId":"unknown","CommandType":"unknown","Reason":"InvalidToken","FailureLayer":"JwtChallenge","{OriginalFormat}":"Authentication challenge: SecurityEvent={SecurityEvent}, CorrelationId={CorrelationId}, SourceIp={SourceIp}, Path={RequestPath}, Tenant={TenantId}, CommandType={CommandType}, Reason={Reason}, FailureLayer={FailureLayer}"}}
{"EventId":0,"LogLevel":"Warning","Category":"Hexalith.EventStore.Authentication.ConfigureJwtBearerOptions","Message":"Authentication failed: SecurityEvent=AuthenticationFailed, CorrelationId=01M4DTBJ5DD4ARKKWFCN5ZBYGJ, SourceIp=unknown, Path=/api/v1/commands/status/test-message, Tenant=unknown, CommandType=unknown, Reason=InvalidSignature, FailureLayer=JwtValidation","State":{"SecurityEvent":"AuthenticationFailed","CorrelationId":"01M4DTBJ5DD4ARKKWFCN5ZBYGJ","SourceIp":"unknown","RequestPath":"/api/v1/commands/status/test-message","TenantId":"unknown","CommandType":"unknown","Reason":"InvalidSignature","FailureLayer":"JwtValidation","{OriginalFormat}":"Authentication failed: SecurityEvent={SecurityEvent}, CorrelationId={CorrelationId}, SourceIp={SourceIp}, Path={RequestPath}, Tenant={TenantId}, CommandType={CommandType}, Reason={Reason}, FailureLayer={FailureLayer}"}}
{"EventId":0,"LogLevel":"Warning","Category":"Hexalith.EventStore.Authentication.ConfigureJwtBearerOptions","Message":"Authentication challenge: SecurityEvent=AuthenticationFailed, CorrelationId=01M4DTBJ5DD4ARKKWFCN5ZBYGJ, SourceIp=unknown, Path=/api/v1/commands/status/test-message, Tenant=unknown, CommandType=unknown, Reason=InvalidToken, FailureLayer=JwtChallenge","State":{"SecurityEvent":"AuthenticationFailed","CorrelationId":"01M4DTBJ5DD4ARKKWFCN5ZBYGJ","SourceIp":"unknown","RequestPath":"/api/v1/commands/status/test-message","TenantId":"unknown","CommandType":"unknown","Reason":"InvalidToken","FailureLayer":"JwtChallenge","{OriginalFormat}":"Authentication challenge: SecurityEvent={SecurityEvent}, CorrelationId={CorrelationId}, SourceIp={SourceIp}, Path={RequestPath}, Tenant={TenantId}, CommandType={CommandType}, Reason={Reason}, FailureLayer={FailureLayer}"}}
{"EventId":0,"LogLevel":"Warning","Category":"Hexalith.EventStore.Authentication.ConfigureJwtBearerOptions","Message":"Authentication failed: SecurityEvent=AuthenticationFailed, CorrelationId=01M4DTBJ5ETEE2RS8X9NCW17QR, SourceIp=unknown, Path=/api/v1/commands/status/test-message, Tenant=unknown, CommandType=unknown, Reason=InvalidSignature, FailureLayer=JwtValidation","State":{"SecurityEvent":"AuthenticationFailed","CorrelationId":"01M4DTBJ5ETEE2RS8X9NCW17QR","SourceIp":"unknown","RequestPath":"/api/v1/commands/status/test-message","TenantId":"unknown","CommandType":"unknown","Reason":"InvalidSignature","FailureLayer":"JwtValidation","{OriginalFormat}":"Authentication failed: SecurityEvent={SecurityEvent}, CorrelationId={CorrelationId}, SourceIp={SourceIp}, Path={RequestPath}, Tenant={TenantId}, CommandType={CommandType}, Reason={Reason}, FailureLayer={FailureLayer}"}}
{"EventId":0,"LogLevel":"Warning","Category":"Hexalith.EventStore.Authentication.ConfigureJwtBearerOptions","Message":"Authentication challenge: SecurityEvent=AuthenticationFailed, CorrelationId=01M4DTBJ5ETEE2RS8X9NCW17QR, SourceIp=unknown, Path=/api/v1/commands/status/test-message, Tenant=unknown, CommandType=unknown, Reason=InvalidToken, FailureLayer=JwtChallenge","State":{"SecurityEvent":"AuthenticationFailed","CorrelationId":"01M4DTBJ5ETEE2RS8X9NCW17QR","SourceIp":"unknown","RequestPath":"/api/v1/commands/status/test-message","TenantId":"unknown","CommandType":"unknown","Reason":"InvalidToken","FailureLayer":"JwtChallenge","{OriginalFormat}":"Authentication challenge: SecurityEvent={SecurityEvent}, CorrelationId={CorrelationId}, SourceIp={SourceIp}, Path={RequestPath}, Tenant={TenantId}, CommandType={CommandType}, Reason={Reason}, FailureLayer={FailureLayer}"}}
{"EventId":0,"LogLevel":"Warning","Category":"Hexalith.EventStore.Authentication.ConfigureJwtBearerOptions","Message":"Authentication failed: SecurityEvent=AuthenticationFailed, CorrelationId=01M4DTBJ5F6FCW8DQBANNZXADK, SourceIp=unknown, Path=/api/v1/commands/status/test-message, Tenant=unknown, CommandType=unknown, Reason=InvalidSignature, FailureLayer=JwtValidation","State":{"SecurityEvent":"AuthenticationFailed","CorrelationId":"01M4DTBJ5F6FCW8DQBANNZXADK","SourceIp":"unknown","RequestPath":"/api/v1/commands/status/test-message","TenantId":"unknown","CommandType":"unknown","Reason":"InvalidSignature","FailureLayer":"JwtValidation","{OriginalFormat}":"Authentication failed: SecurityEvent={SecurityEvent}, CorrelationId={CorrelationId}, SourceIp={SourceIp}, Path={RequestPath}, Tenant={TenantId}, CommandType={CommandType}, Reason={Reason}, FailureLayer={FailureLayer}"}}
{"EventId":0,"LogLevel":"Warning","Category":"Hexalith.EventStore.Authentication.ConfigureJwtBearerOptions","Message":"Authentication challenge: SecurityEvent=AuthenticationFailed, CorrelationId=01M4DTBJ5F6FCW8DQBANNZXADK, SourceIp=unknown, Path=/api/v1/commands/status/test-message, Tenant=unknown, CommandType=unknown, Reason=InvalidToken, FailureLayer=JwtChallenge","State":{"SecurityEvent":"AuthenticationFailed","CorrelationId":"01M4DTBJ5F6FCW8DQBANNZXADK","SourceIp":"unknown","RequestPath":"/api/v1/commands/status/test-message","TenantId":"unknown","CommandType":"unknown","Reason":"InvalidToken","FailureLayer":"JwtChallenge","{OriginalFormat}":"Authentication challenge: SecurityEvent={SecurityEvent}, CorrelationId={CorrelationId}, SourceIp={SourceIp}, Path={RequestPath}, Tenant={TenantId}, CommandType={CommandType}, Reason={Reason}, FailureLayer={FailureLayer}"}}
{"EventId":0,"LogLevel":"Warning","Category":"Hexalith.EventStore.Authentication.ConfigureJwtBearerOptions","Message":"Authentication failed: SecurityEvent=AuthenticationFailed, CorrelationId=01M4DTBJ5GHFBHDWBZNWZH4WWW, SourceIp=unknown, Path=/api/v1/commands/status/test-message, Tenant=unknown, CommandType=unknown, Reason=InvalidSignature, FailureLayer=JwtValidation","State":{"SecurityEvent":"AuthenticationFailed","CorrelationId":"01M4DTBJ5GHFBHDWBZNWZH4WWW","SourceIp":"unknown","RequestPath":"/api/v1/commands/status/test-message","TenantId":"unknown","CommandType":"unknown","Reason":"InvalidSignature","FailureLayer":"JwtValidation","{OriginalFormat}":"Authentication failed: SecurityEvent={SecurityEvent}, CorrelationId={CorrelationId}, SourceIp={SourceIp}, Path={RequestPath}, Tenant={TenantId}, CommandType={CommandType}, Reason={Reason}, FailureLayer={FailureLayer}"}}
{"EventId":0,"LogLevel":"Warning","Category":"Hexalith.EventStore.Authentication.ConfigureJwtBearerOptions","Message":"Authentication challenge: SecurityEvent=AuthenticationFailed, CorrelationId=01M4DTBJ5GHFBHDWBZNWZH4WWW, SourceIp=unknown, Path=/api/v1/commands/status/test-message, Tenant=unknown, CommandType=unknown, Reason=InvalidToken, FailureLayer=JwtChallenge","State":{"SecurityEvent":"AuthenticationFailed","CorrelationId":"01M4DTBJ5GHFBHDWBZNWZH4WWW","SourceIp":"unknown","RequestPath":"/api/v1/commands/status/test-message","TenantId":"unknown","CommandType":"unknown","Reason":"InvalidToken","FailureLayer":"JwtChallenge","{OriginalFormat}":"Authentication challenge: SecurityEvent={SecurityEvent}, CorrelationId={CorrelationId}, SourceIp={SourceIp}, Path={RequestPath}, Tenant={TenantId}, CommandType={CommandType}, Reason={Reason}, FailureLayer={FailureLayer}"}}
{"EventId":0,"LogLevel":"Information","Category":"Microsoft.Hosting.Lifetime","Message":"Application is shutting down...","State":{"{OriginalFormat}":"Application is shutting down..."}}
    Hexalith.EventStore.Server.Tests.Logging.LogLevelConventionTests.EventsPersisted_UsesInformationLevel [FAIL]
      System.IO.FileNotFoundException : Could not load file or assembly 'Hexalith.Commons.UniqueIds, Version=3.117.1.0, Culture=neutral, PublicKeyToken=null'. The system cannot find the file specified.
      
      Stack Trace:
           at Hexalith.EventStore.Server.Events.EventPersister.PersistEventsAsync(AggregateIdentity identity, String aggregateType, CommandEnvelope command, DomainResult domainResult, String domainServiceVersion, CancellationToken cancellationToken)
           at Hexalith.EventStore.Server.Events.EventPersister.PersistEventsAsync(AggregateIdentity identity, String aggregateType, CommandEnvelope command, DomainResult domainResult, String domainServiceVersion, CancellationToken cancellationToken)
        tests/Hexalith.EventStore.Server.Tests/Logging/LogLevelConventionTests.cs(147,0): at Hexalith.EventStore.Server.Tests.Logging.LogLevelConventionTests.EventsPersisted_UsesInformationLevel()
        --- End of stack trace from previous location ---
{"EventId":1121,"LogLevel":"Information","Category":"Hexalith.EventStore.Server.Projections.ProjectionDiscoveryHostedService","Message":"Projection discovery: domain \u0027global-administrators\u0027 -\u003E immediate mode (fire-and-forget after persistence)","State":{"Message":"Domain=global-administrators,{OriginalFormat}=Projection discovery: domain \u0027{Domain}\u0027 -\u003E immediate mode (fire-and-forget after persistence)","Domain":"global-administrators","{OriginalFormat}":"Projection discovery: domain \u0027{Domain}\u0027 -\u003E immediate mode (fire-and-forget after persistence)"}}
{"EventId":1121,"LogLevel":"Information","Category":"Hexalith.EventStore.Server.Projections.ProjectionDiscoveryHostedService","Message":"Projection discovery: domain \u0027tenants\u0027 -\u003E immediate mode (fire-and-forget after persistence)","State":{"Message":"Domain=tenants,{OriginalFormat}=Projection discovery: domain \u0027{Domain}\u0027 -\u003E immediate mode (fire-and-forget after persistence)","Domain":"tenants","{OriginalFormat}":"Projection discovery: domain \u0027{Domain}\u0027 -\u003E immediate mode (fire-and-forget after persistence)"}}
{"EventId":1124,"LogLevel":"Information","Category":"Hexalith.EventStore.Server.Projections.ProjectionDiscoveryHostedService","Message":"Projection discovery complete: 2 domains discovered. Default refresh interval: 0ms (0=immediate).","State":{"Message":"DefaultRefreshIntervalMs=0,DomainCount=2,{OriginalFormat}=Projection discovery complete: {DomainCount} domains discovered. Default refresh interval: {DefaultRefreshIntervalMs}ms (0=immediate).","DefaultRefreshIntervalMs":0,"DomainCount":2,"{OriginalFormat}":"Projection discovery complete: {DomainCount} domains discovered. Default refresh interval: {DefaultRefreshIntervalMs}ms (0=immediate)."}}
{"EventId":1200,"LogLevel":"Information","Category":"Hexalith.EventStore.Server.Projections.ActiveRebuildIndexCleanupService","Message":"Active-rebuild-index cleanup service started: CadenceSeconds=60, Stage=ActiveRebuildIndexCleanupServiceStarted","State":{"Message":"CadenceSeconds=60,{OriginalFormat}=Active-rebuild-index cleanup service started: CadenceSeconds={CadenceSeconds}, Stage=ActiveRebuildIndexCleanupServiceStarted","CadenceSeconds":60,"{OriginalFormat}":"Active-rebuild-index cleanup service started: CadenceSeconds={CadenceSeconds}, Stage=ActiveRebuildIndexCleanupServiceStarted"}}
{"EventId":0,"LogLevel":"Warning","Category":"Hexalith.EventStore.Configuration.DaprRateLimitConfigSync","Message":"DAPR config store unavailable for rate limit sync. Falling back to appsettings.json values.","Exception":"Dapr.DaprException: GetConfiguration operation failed: the Dapr endpoint indicated a failure. See InnerException for details.\n ---\u003E Grpc.Core.RpcException: Status(StatusCode=\u0022Unavailable\u0022, Detail=\u0022Error connecting to subchannel.\u0022, DebugException=\u0022System.Net.Sockets.SocketException: Connection refused\u0022)\n ---\u003E System.Net.Sockets.SocketException (111): Connection refused\n   at System.Net.Sockets.Socket.AwaitableSocketAsyncEventArgs.ThrowException(SocketError error, CancellationToken cancellationToken)\n   at System.Net.Sockets.Socket.AwaitableSocketAsyncEventArgs.System.Threading.Tasks.Sources.IValueTaskSource.GetResult(Int16 token)\n   at Grpc.Net.Client.Balancer.Internal.SocketConnectivitySubchannelTransport.TryConnectAsync(ConnectContext context, Int32 attempt)\n   --- End of inner exception stack trace ---\n   at Grpc.Net.Client.Balancer.Internal.ConnectionManager.PickAsync(PickContext context, Boolean waitForReady, CancellationToken cancellationToken)\n   at Grpc.Net.Client.Balancer.Internal.BalancerHttpHandler.SendAsync(HttpRequestMessage request, CancellationToken cancellationToken)\n   at Grpc.Net.Client.Internal.GrpcCall\u00602.RunCall(HttpRequestMessage request, Nullable\u00601 timeout)\n   at Dapr.Client.DaprClientGrpc.GetConfiguration(String storeName, IReadOnlyList\u00601 keys, IReadOnlyDictionary\u00602 metadata, CancellationToken cancellationToken)\n   --- End of inner exception stack trace ---\n   at Dapr.Client.DaprClientGrpc.GetConfiguration(String storeName, IReadOnlyList\u00601 keys, IReadOnlyDictionary\u00602 metadata, CancellationToken cancellationToken)\n   at Hexalith.EventStore.Configuration.DaprRateLimitConfigSync.FetchConfigurationAsync(DaprClient daprClient, String[] keys, CancellationToken cancellationToken) in /home/administrator/projects/hexalith/eventstore/src/Hexalith.EventStore/Configuration/DaprRateLimitConfigSync.cs:line 70\n   at Hexalith.EventStore.Configuration.DaprRateLimitConfigSync.LoadTenantIdsAsync(DaprClient daprClient, CancellationToken cancellationToken) in /home/administrator/projects/hexalith/eventstore/src/Hexalith.EventStore/Configuration/DaprRateLimitConfigSync.cs:line 80\n   at Hexalith.EventStore.Configuration.DaprRateLimitConfigSync.SyncTenantOverridesAsync(DaprClient daprClient, CancellationToken cancellationToken) in /home/administrator/projects/hexalith/eventstore/src/Hexalith.EventStore/Configuration/DaprRateLimitConfigSync.cs:line 158","State":{"{OriginalFormat}":"DAPR config store unavailable for rate limit sync. Falling back to appsettings.json values."}}
{"EventId":0,"LogLevel":"Information","Category":"Microsoft.Hosting.Lifetime","Message":"Application started. Press Ctrl\u002BC to shut down.","State":{"{OriginalFormat}":"Application started. Press Ctrl\u002BC to shut down."}}
{"EventId":0,"LogLevel":"Information","Category":"Microsoft.Hosting.Lifetime","Message":"Hosting environment: Production","State":{"EnvName":"Production","{OriginalFormat}":"Hosting environment: {EnvName}"}}
{"EventId":0,"LogLevel":"Information","Category":"Microsoft.Hosting.Lifetime","Message":"Content root path: /home/administrator/projects/hexalith/eventstore/src/Hexalith.EventStore","State":{"ContentRoot":"/home/administrator/projects/hexalith/eventstore/src/Hexalith.EventStore","{OriginalFormat}":"Content root path: {ContentRoot}"}}
{"EventId":103,"LogLevel":"Error","Category":"Microsoft.Extensions.Diagnostics.HealthChecks.DefaultHealthCheckService","Message":"Health check dapr-app-channel-token with status Unhealthy completed after 0.8816ms with message \u0027Dapr app-channel token is not configured.\u0027","State":{"HealthCheckName":"dapr-app-channel-token","HealthStatus":"Unhealthy","ElapsedMilliseconds":0.8816,"HealthCheckDescription":"Dapr app-channel token is not configured.","{OriginalFormat}":"Health check {HealthCheckName} with status {HealthStatus} completed after {ElapsedMilliseconds}ms with message \u0027{HealthCheckDescription}\u0027"}}
{"EventId":0,"LogLevel":"Information","Category":"Microsoft.Hosting.Lifetime","Message":"Application is shutting down...","State":{"{OriginalFormat}":"Application is shutting down..."}}
{"EventId":1121,"LogLevel":"Information","Category":"Hexalith.EventStore.Server.Projections.ProjectionDiscoveryHostedService","Message":"Projection discovery: domain \u0027global-administrators\u0027 -\u003E immediate mode (fire-and-forget after persistence)","State":{"Message":"Domain=global-administrators,{OriginalFormat}=Projection discovery: domain \u0027{Domain}\u0027 -\u003E immediate mode (fire-and-forget after persistence)","Domain":"global-administrators","{OriginalFormat}":"Projection discovery: domain \u0027{Domain}\u0027 -\u003E immediate mode (fire-and-forget after persistence)"}}
{"EventId":1121,"LogLevel":"Information","Category":"Hexalith.EventStore.Server.Projections.ProjectionDiscoveryHostedService","Message":"Projection discovery: domain \u0027tenants\u0027 -\u003E immediate mode (fire-and-forget after persistence)","State":{"Message":"Domain=tenants,{OriginalFormat}=Projection discovery: domain \u0027{Domain}\u0027 -\u003E immediate mode (fire-and-forget after persistence)","Domain":"tenants","{OriginalFormat}":"Projection discovery: domain \u0027{Domain}\u0027 -\u003E immediate mode (fire-and-forget after persistence)"}}
{"EventId":1124,"LogLevel":"Information","Category":"Hexalith.EventStore.Server.Projections.ProjectionDiscoveryHostedService","Message":"Projection discovery complete: 2 domains discovered. Default refresh interval: 0ms (0=immediate).","State":{"Message":"DefaultRefreshIntervalMs=0,DomainCount=2,{OriginalFormat}=Projection discovery complete: {DomainCount} domains discovered. Default refresh interval: {DefaultRefreshIntervalMs}ms (0=immediate).","DefaultRefreshIntervalMs":0,"DomainCount":2,"{OriginalFormat}":"Projection discovery complete: {DomainCount} domains discovered. Default refresh interval: {DefaultRefreshIntervalMs}ms (0=immediate)."}}
{"EventId":1200,"LogLevel":"Information","Category":"Hexalith.EventStore.Server.Projections.ActiveRebuildIndexCleanupService","Message":"Active-rebuild-index cleanup service started: CadenceSeconds=60, Stage=ActiveRebuildIndexCleanupServiceStarted","State":{"Message":"CadenceSeconds=60,{OriginalFormat}=Active-rebuild-index cleanup service started: CadenceSeconds={CadenceSeconds}, Stage=ActiveRebuildIndexCleanupServiceStarted","CadenceSeconds":60,"{OriginalFormat}":"Active-rebuild-index cleanup service started: CadenceSeconds={CadenceSeconds}, Stage=ActiveRebuildIndexCleanupServiceStarted"}}
{"EventId":0,"LogLevel":"Warning","Category":"Hexalith.EventStore.Configuration.DaprRateLimitConfigSync","Message":"DAPR config store unavailable for rate limit sync. Falling back to appsettings.json values.","Exception":"Dapr.DaprException: GetConfiguration operation failed: the Dapr endpoint indicated a failure. See InnerException for details.\n ---\u003E Grpc.Core.RpcException: Status(StatusCode=\u0022Unavailable\u0022, Detail=\u0022Error connecting to subchannel.\u0022, DebugException=\u0022System.Net.Sockets.SocketException: Connection refused\u0022)\n ---\u003E System.Net.Sockets.SocketException (111): Connection refused\n   at System.Net.Sockets.Socket.AwaitableSocketAsyncEventArgs.ThrowException(SocketError error, CancellationToken cancellationToken)\n   at System.Net.Sockets.Socket.AwaitableSocketAsyncEventArgs.System.Threading.Tasks.Sources.IValueTaskSource.GetResult(Int16 token)\n   at Grpc.Net.Client.Balancer.Internal.SocketConnectivitySubchannelTransport.TryConnectAsync(ConnectContext context, Int32 attempt)\n   --- End of inner exception stack trace ---\n   at Grpc.Net.Client.Balancer.Internal.ConnectionManager.PickAsync(PickContext context, Boolean waitForReady, CancellationToken cancellationToken)\n   at Grpc.Net.Client.Balancer.Internal.BalancerHttpHandler.SendAsync(HttpRequestMessage request, CancellationToken cancellationToken)\n   at Grpc.Net.Client.Internal.GrpcCall\u00602.RunCall(HttpRequestMessage request, Nullable\u00601 timeout)\n   at Dapr.Client.DaprClientGrpc.GetConfiguration(String storeName, IReadOnlyList\u00601 keys, IReadOnlyDictionary\u00602 metadata, CancellationToken cancellationToken)\n   --- End of inner exception stack trace ---\n   at Dapr.Client.DaprClientGrpc.GetConfiguration(String storeName, IReadOnlyList\u00601 keys, IReadOnlyDictionary\u00602 metadata, CancellationToken cancellationToken)\n   at Hexalith.EventStore.Configuration.DaprRateLimitConfigSync.FetchConfigurationAsync(DaprClient daprClient, String[] keys, CancellationToken cancellationToken) in /home/administrator/projects/hexalith/eventstore/src/Hexalith.EventStore/Configuration/DaprRateLimitConfigSync.cs:line 70\n   at Hexalith.EventStore.Configuration.DaprRateLimitConfigSync.LoadTenantIdsAsync(DaprClient daprClient, CancellationToken cancellationToken) in /home/administrator/projects/hexalith/eventstore/src/Hexalith.EventStore/Configuration/DaprRateLimitConfigSync.cs:line 80\n   at Hexalith.EventStore.Configuration.DaprRateLimitConfigSync.SyncTenantOverridesAsync(DaprClient daprClient, CancellationToken cancellationToken) in /home/administrator/projects/hexalith/eventstore/src/Hexalith.EventStore/Configuration/DaprRateLimitConfigSync.cs:line 158","State":{"{OriginalFormat}":"DAPR config store unavailable for rate limit sync. Falling back to appsettings.json values."}}
{"EventId":0,"LogLevel":"Information","Category":"Microsoft.Hosting.Lifetime","Message":"Application started. Press Ctrl\u002BC to shut down.","State":{"{OriginalFormat}":"Application started. Press Ctrl\u002BC to shut down."}}
{"EventId":0,"LogLevel":"Information","Category":"Microsoft.Hosting.Lifetime","Message":"Hosting environment: Production","State":{"EnvName":"Production","{OriginalFormat}":"Hosting environment: {EnvName}"}}
{"EventId":0,"LogLevel":"Information","Category":"Microsoft.Hosting.Lifetime","Message":"Content root path: /home/administrator/projects/hexalith/eventstore/src/Hexalith.EventStore","State":{"ContentRoot":"/home/administrator/projects/hexalith/eventstore/src/Hexalith.EventStore","{OriginalFormat}":"Content root path: {ContentRoot}"}}
{"EventId":0,"LogLevel":"Information","Category":"Microsoft.Hosting.Lifetime","Message":"Application is shutting down...","State":{"{OriginalFormat}":"Application is shutting down..."}}
    Hexalith.EventStore.Server.Tests.Commands.ReplayControllerTests.Replay_TimedOutStatus_Returns202 [FAIL]
      System.IO.FileNotFoundException : Could not load file or assembly 'Hexalith.Commons.UniqueIds, Version=3.117.1.0, Culture=neutral, PublicKeyToken=null'. The system cannot find the file specified.
      
      Stack Trace:
        src/Hexalith.EventStore.Server/Commands/ArchivedCommandExtensions.cs(35,0): at Hexalith.EventStore.Server.Commands.ArchivedCommandExtensions.ToSubmitCommand(ArchivedCommand archived, String correlationId, String expectedTenant)
        src/Hexalith.EventStore/Controllers/ReplayController.cs(224,0): at Hexalith.EventStore.Controllers.ReplayController.Replay(String correlationId, CancellationToken cancellationToken)
        tests/Hexalith.EventStore.Server.Tests/Commands/ReplayControllerTests.cs(333,0): at Hexalith.EventStore.Server.Tests.Commands.ReplayControllerTests.Replay_TimedOutStatus_Returns202()
        --- End of stack trace from previous location ---
    Hexalith.EventStore.Server.Tests.Commands.ReplayControllerTests.Replay_ResubmitsThroughMediatRPipeline [FAIL]
      System.IO.FileNotFoundException : Could not load file or assembly 'Hexalith.Commons.UniqueIds, Version=3.117.1.0, Culture=neutral, PublicKeyToken=null'. The system cannot find the file specified.
      
      Stack Trace:
        src/Hexalith.EventStore.Server/Commands/ArchivedCommandExtensions.cs(35,0): at Hexalith.EventStore.Server.Commands.ArchivedCommandExtensions.ToSubmitCommand(ArchivedCommand archived, String correlationId, String expectedTenant)
        src/Hexalith.EventStore/Controllers/ReplayController.cs(224,0): at Hexalith.EventStore.Controllers.ReplayController.Replay(String correlationId, CancellationToken cancellationToken)
        tests/Hexalith.EventStore.Server.Tests/Commands/ReplayControllerTests.cs(507,0): at Hexalith.EventStore.Server.Tests.Commands.ReplayControllerTests.Replay_ResubmitsThroughMediatRPipeline()
        --- End of stack trace from previous location ---
    Hexalith.EventStore.Server.Tests.Commands.ReplayControllerTests.Replay_CorruptedArchive_TenantMismatch_Returns500ProblemDetails [FAIL]
      System.IO.FileNotFoundException : Could not load file or assembly 'Hexalith.Commons.UniqueIds, Version=3.117.1.0, Culture=neutral, PublicKeyToken=null'. The system cannot find the file specified.
      
      Stack Trace:
        src/Hexalith.EventStore.Server/Commands/ArchivedCommandExtensions.cs(35,0): at Hexalith.EventStore.Server.Commands.ArchivedCommandExtensions.ToSubmitCommand(ArchivedCommand archived, String correlationId, String expectedTenant)
        src/Hexalith.EventStore/Controllers/ReplayController.cs(224,0): at Hexalith.EventStore.Controllers.ReplayController.Replay(String correlationId, CancellationToken cancellationToken)
        tests/Hexalith.EventStore.Server.Tests/Commands/ReplayControllerTests.cs(650,0): at Hexalith.EventStore.Server.Tests.Commands.ReplayControllerTests.Replay_CorruptedArchive_TenantMismatch_Returns500ProblemDetails()
        --- End of stack trace from previous location ---
    Hexalith.EventStore.Server.Tests.Commands.ReplayControllerTests.Replay_UniqueCorrelationCompatibility_ResolvesMessagePrimaryArchive [FAIL]
      System.IO.FileNotFoundException : Could not load file or assembly 'Hexalith.Commons.UniqueIds, Version=3.117.1.0, Culture=neutral, PublicKeyToken=null'. The system cannot find the file specified.
      
      Stack Trace:
        src/Hexalith.EventStore.Server/Commands/ArchivedCommandExtensions.cs(35,0): at Hexalith.EventStore.Server.Commands.ArchivedCommandExtensions.ToSubmitCommand(ArchivedCommand archived, String correlationId, String expectedTenant)
        src/Hexalith.EventStore/Controllers/ReplayController.cs(224,0): at Hexalith.EventStore.Controllers.ReplayController.Replay(String correlationId, CancellationToken cancellationToken)
        tests/Hexalith.EventStore.Server.Tests/Commands/ReplayControllerTests.cs(205,0): at Hexalith.EventStore.Server.Tests.Commands.ReplayControllerTests.Replay_UniqueCorrelationCompatibility_ResolvesMessagePrimaryArchive()
        --- End of stack trace from previous location ---
    Hexalith.EventStore.Server.Tests.Commands.ReplayControllerTests.Replay_GeneratesNewCorrelationId [FAIL]
      System.IO.FileNotFoundException : Could not load file or assembly 'Hexalith.Commons.UniqueIds, Version=3.117.1.0, Culture=neutral, PublicKeyToken=null'. The system cannot find the file specified.
      
      Stack Trace:
        src/Hexalith.EventStore.Server/Commands/ArchivedCommandExtensions.cs(35,0): at Hexalith.EventStore.Server.Commands.ArchivedCommandExtensions.ToSubmitCommand(ArchivedCommand archived, String correlationId, String expectedTenant)
        src/Hexalith.EventStore/Controllers/ReplayController.cs(224,0): at Hexalith.EventStore.Controllers.ReplayController.Replay(String correlationId, CancellationToken cancellationToken)
        tests/Hexalith.EventStore.Server.Tests/Commands/ReplayControllerTests.cs(531,0): at Hexalith.EventStore.Server.Tests.Commands.ReplayControllerTests.Replay_GeneratesNewCorrelationId()
        --- End of stack trace from previous location ---
    Hexalith.EventStore.Server.Tests.Commands.ReplayControllerTests.Replay_CorruptedArchive_NullPayload_Returns500ProblemDetails [FAIL]
      System.IO.FileNotFoundException : Could not load file or assembly 'Hexalith.Commons.UniqueIds, Version=3.117.1.0, Culture=neutral, PublicKeyToken=null'. The system cannot find the file specified.
      
      Stack Trace:
        src/Hexalith.EventStore.Server/Commands/ArchivedCommandExtensions.cs(35,0): at Hexalith.EventStore.Server.Commands.ArchivedCommandExtensions.ToSubmitCommand(ArchivedCommand archived, String correlationId, String expectedTenant)
        src/Hexalith.EventStore/Controllers/ReplayController.cs(224,0): at Hexalith.EventStore.Controllers.ReplayController.Replay(String correlationId, CancellationToken cancellationToken)
        tests/Hexalith.EventStore.Server.Tests/Commands/ReplayControllerTests.cs(584,0): at Hexalith.EventStore.Server.Tests.Commands.ReplayControllerTests.Replay_CorruptedArchive_NullPayload_Returns500ProblemDetails()
        --- End of stack trace from previous location ---
    Hexalith.EventStore.Server.Tests.Commands.ReplayControllerTests.Replay_NonGuidCorrelationId_Returns202WithReplayResponse [FAIL]
      System.IO.FileNotFoundException : Could not load file or assembly 'Hexalith.Commons.UniqueIds, Version=3.117.1.0, Culture=neutral, PublicKeyToken=null'. The system cannot find the file specified.
      
      Stack Trace:
        src/Hexalith.EventStore.Server/Commands/ArchivedCommandExtensions.cs(35,0): at Hexalith.EventStore.Server.Commands.ArchivedCommandExtensions.ToSubmitCommand(ArchivedCommand archived, String correlationId, String expectedTenant)
        src/Hexalith.EventStore/Controllers/ReplayController.cs(224,0): at Hexalith.EventStore.Controllers.ReplayController.Replay(String correlationId, CancellationToken cancellationToken)
        tests/Hexalith.EventStore.Server.Tests/Commands/ReplayControllerTests.cs(270,0): at Hexalith.EventStore.Server.Tests.Commands.ReplayControllerTests.Replay_NonGuidCorrelationId_Returns202WithReplayResponse()
        --- End of stack trace from previous location ---
    Hexalith.EventStore.Server.Tests.Commands.ReplayControllerTests.Replay_CorruptedArchive_NullCommandType_Returns500ProblemDetails [FAIL]
      System.IO.FileNotFoundException : Could not load file or assembly 'Hexalith.Commons.UniqueIds, Version=3.117.1.0, Culture=neutral, PublicKeyToken=null'. The system cannot find the file specified.
      
      Stack Trace:
        src/Hexalith.EventStore.Server/Commands/ArchivedCommandExtensions.cs(35,0): at Hexalith.EventStore.Server.Commands.ArchivedCommandExtensions.ToSubmitCommand(ArchivedCommand archived, String correlationId, String expectedTenant)
        src/Hexalith.EventStore/Controllers/ReplayController.cs(224,0): at Hexalith.EventStore.Controllers.ReplayController.Replay(String correlationId, CancellationToken cancellationToken)
        tests/Hexalith.EventStore.Server.Tests/Commands/ReplayControllerTests.cs(617,0): at Hexalith.EventStore.Server.Tests.Commands.ReplayControllerTests.Replay_CorruptedArchive_NullCommandType_Returns500ProblemDetails()
        --- End of stack trace from previous location ---
    Hexalith.EventStore.Server.Tests.Commands.ReplayControllerTests.Replay_StatusResetByHandler [FAIL]
      System.IO.FileNotFoundException : Could not load file or assembly 'Hexalith.Commons.UniqueIds, Version=3.117.1.0, Culture=neutral, PublicKeyToken=null'. The system cannot find the file specified.
      
      Stack Trace:
        src/Hexalith.EventStore.Server/Commands/ArchivedCommandExtensions.cs(35,0): at Hexalith.EventStore.Server.Commands.ArchivedCommandExtensions.ToSubmitCommand(ArchivedCommand archived, String correlationId, String expectedTenant)
        src/Hexalith.EventStore/Controllers/ReplayController.cs(224,0): at Hexalith.EventStore.Controllers.ReplayController.Replay(String correlationId, CancellationToken cancellationToken)
        tests/Hexalith.EventStore.Server.Tests/Commands/ReplayControllerTests.cs(489,0): at Hexalith.EventStore.Server.Tests.Commands.ReplayControllerTests.Replay_StatusResetByHandler()
        --- End of stack trace from previous location ---
    Hexalith.EventStore.Server.Tests.Commands.ReplayControllerTests.Replay_RejectedStatus_Returns202WithReplayResponse [FAIL]
      System.IO.FileNotFoundException : Could not load file or assembly 'Hexalith.Commons.UniqueIds, Version=3.117.1.0, Culture=neutral, PublicKeyToken=null'. The system cannot find the file specified.
      
      Stack Trace:
        src/Hexalith.EventStore.Server/Commands/ArchivedCommandExtensions.cs(35,0): at Hexalith.EventStore.Server.Commands.ArchivedCommandExtensions.ToSubmitCommand(ArchivedCommand archived, String correlationId, String expectedTenant)
        src/Hexalith.EventStore/Controllers/ReplayController.cs(224,0): at Hexalith.EventStore.Controllers.ReplayController.Replay(String correlationId, CancellationToken cancellationToken)
        tests/Hexalith.EventStore.Server.Tests/Commands/ReplayControllerTests.cs(118,0): at Hexalith.EventStore.Server.Tests.Commands.ReplayControllerTests.Replay_RejectedStatus_Returns202WithReplayResponse()
        --- End of stack trace from previous location ---
    Hexalith.EventStore.Server.Tests.Commands.ReplayControllerTests.Replay_CorruptedArchive_MissingAggregateIdentityFields_Returns500ProblemDetails [FAIL]
      System.IO.FileNotFoundException : Could not load file or assembly 'Hexalith.Commons.UniqueIds, Version=3.117.1.0, Culture=neutral, PublicKeyToken=null'. The system cannot find the file specified.
      
      Stack Trace:
        src/Hexalith.EventStore.Server/Commands/ArchivedCommandExtensions.cs(35,0): at Hexalith.EventStore.Server.Commands.ArchivedCommandExtensions.ToSubmitCommand(ArchivedCommand archived, String correlationId, String expectedTenant)
        src/Hexalith.EventStore/Controllers/ReplayController.cs(224,0): at Hexalith.EventStore.Controllers.ReplayController.Replay(String correlationId, CancellationToken cancellationToken)
        tests/Hexalith.EventStore.Server.Tests/Commands/ReplayControllerTests.cs(684,0): at Hexalith.EventStore.Server.Tests.Commands.ReplayControllerTests.Replay_CorruptedArchive_MissingAggregateIdentityFields_Returns500ProblemDetails()
        --- End of stack trace from previous location ---
    Hexalith.EventStore.Server.Tests.Commands.ReplayControllerTests.Replay_PublishFailedStatus_Returns202 [FAIL]
      System.IO.FileNotFoundException : Could not load file or assembly 'Hexalith.Commons.UniqueIds, Version=3.117.1.0, Culture=neutral, PublicKeyToken=null'. The system cannot find the file specified.
      
      Stack Trace:
        src/Hexalith.EventStore.Server/Commands/ArchivedCommandExtensions.cs(35,0): at Hexalith.EventStore.Server.Commands.ArchivedCommandExtensions.ToSubmitCommand(ArchivedCommand archived, String correlationId, String expectedTenant)
        src/Hexalith.EventStore/Controllers/ReplayController.cs(224,0): at Hexalith.EventStore.Controllers.ReplayController.Replay(String correlationId, CancellationToken cancellationToken)
        tests/Hexalith.EventStore.Server.Tests/Commands/ReplayControllerTests.cs(311,0): at Hexalith.EventStore.Server.Tests.Commands.ReplayControllerTests.Replay_PublishFailedStatus_Returns202()
        --- End of stack trace from previous location ---
    Hexalith.EventStore.Server.Tests.Commands.ReplayControllerTests.Replay_StripsColonNamespacedExtensionsAndPreservesCaseDistinctOrdinaryKeysBeforeResubmission [FAIL]
      System.IO.FileNotFoundException : Could not load file or assembly 'Hexalith.Commons.UniqueIds, Version=3.117.1.0, Culture=neutral, PublicKeyToken=null'. The system cannot find the file specified.
      
      Stack Trace:
        src/Hexalith.EventStore.Server/Commands/ArchivedCommandExtensions.cs(35,0): at Hexalith.EventStore.Server.Commands.ArchivedCommandExtensions.ToSubmitCommand(ArchivedCommand archived, String correlationId, String expectedTenant)
        src/Hexalith.EventStore/Controllers/ReplayController.cs(224,0): at Hexalith.EventStore.Controllers.ReplayController.Replay(String correlationId, CancellationToken cancellationToken)
        tests/Hexalith.EventStore.Server.Tests/Commands/ReplayControllerTests.cs(154,0): at Hexalith.EventStore.Server.Tests.Commands.ReplayControllerTests.Replay_StripsColonNamespacedExtensionsAndPreservesCaseDistinctOrdinaryKeysBeforeResubmission()
        --- End of stack trace from previous location ---
    Hexalith.EventStore.Server.Tests.Commands.ReplayControllerTests.Replay_MessagePrimary_UsesNewMessageIdForResponseAndLocation [FAIL]
      System.IO.FileNotFoundException : Could not load file or assembly 'Hexalith.Commons.UniqueIds, Version=3.117.1.0, Culture=neutral, PublicKeyToken=null'. The system cannot find the file specified.
      
      Stack Trace:
        src/Hexalith.EventStore.Server/Commands/ArchivedCommandExtensions.cs(35,0): at Hexalith.EventStore.Server.Commands.ArchivedCommandExtensions.ToSubmitCommand(ArchivedCommand archived, String correlationId, String expectedTenant)
        src/Hexalith.EventStore/Controllers/ReplayController.cs(224,0): at Hexalith.EventStore.Controllers.ReplayController.Replay(String correlationId, CancellationToken cancellationToken)
        tests/Hexalith.EventStore.Server.Tests/Commands/ReplayControllerTests.cs(179,0): at Hexalith.EventStore.Server.Tests.Commands.ReplayControllerTests.Replay_MessagePrimary_UsesNewMessageIdForResponseAndLocation()
        --- End of stack trace from previous location ---
{"EventId":0,"LogLevel":"Warning","Category":"Hexalith.EventStore.Configuration.DaprRateLimitConfigSync","Message":"DAPR config store unavailable for rate limit sync. Falling back to appsettings.json values.","Exception":"Dapr.DaprException: GetConfiguration operation failed: the Dapr endpoint indicated a failure. See InnerException for details.\n ---\u003E Grpc.Core.RpcException: Status(StatusCode=\u0022Unavailable\u0022, Detail=\u0022Error connecting to subchannel.\u0022, DebugException=\u0022System.Net.Sockets.SocketException: Connection refused\u0022)\n ---\u003E System.Net.Sockets.SocketException (111): Connection refused\n   at System.Net.Sockets.Socket.AwaitableSocketAsyncEventArgs.ThrowException(SocketError error, CancellationToken cancellationToken)\n   at System.Net.Sockets.Socket.AwaitableSocketAsyncEventArgs.System.Threading.Tasks.Sources.IValueTaskSource.GetResult(Int16 token)\n   at Grpc.Net.Client.Balancer.Internal.SocketConnectivitySubchannelTransport.TryConnectAsync(ConnectContext context, Int32 attempt)\n   --- End of inner exception stack trace ---\n   at Grpc.Net.Client.Balancer.Internal.ConnectionManager.PickAsync(PickContext context, Boolean waitForReady, CancellationToken cancellationToken)\n   at Grpc.Net.Client.Balancer.Internal.BalancerHttpHandler.SendAsync(HttpRequestMessage request, CancellationToken cancellationToken)\n   at Grpc.Net.Client.Internal.GrpcCall\u00602.RunCall(HttpRequestMessage request, Nullable\u00601 timeout)\n   at Dapr.Client.DaprClientGrpc.GetConfiguration(String storeName, IReadOnlyList\u00601 keys, IReadOnlyDictionary\u00602 metadata, CancellationToken cancellationToken)\n   --- End of inner exception stack trace ---\n   at Dapr.Client.DaprClientGrpc.GetConfiguration(String storeName, IReadOnlyList\u00601 keys, IReadOnlyDictionary\u00602 metadata, CancellationToken cancellationToken)\n   at Hexalith.EventStore.Configuration.DaprRateLimitConfigSync.FetchConfigurationAsync(DaprClient daprClient, String[] keys, CancellationToken cancellationToken) in /home/administrator/projects/hexalith/eventstore/src/Hexalith.EventStore/Configuration/DaprRateLimitConfigSync.cs:line 70\n   at Hexalith.EventStore.Configuration.DaprRateLimitConfigSync.LoadTenantIdsAsync(DaprClient daprClient, CancellationToken cancellationToken) in /home/administrator/projects/hexalith/eventstore/src/Hexalith.EventStore/Configuration/DaprRateLimitConfigSync.cs:line 80\n   at Hexalith.EventStore.Configuration.DaprRateLimitConfigSync.SyncTenantOverridesAsync(DaprClient daprClient, CancellationToken cancellationToken) in /home/administrator/projects/hexalith/eventstore/src/Hexalith.EventStore/Configuration/DaprRateLimitConfigSync.cs:line 158","State":{"{OriginalFormat}":"DAPR config store unavailable for rate limit sync. Falling back to appsettings.json values."}}
{"EventId":1121,"LogLevel":"Information","Category":"Hexalith.EventStore.Server.Projections.ProjectionDiscoveryHostedService","Message":"Projection discovery: domain \u0027counter\u0027 -\u003E immediate mode (fire-and-forget after persistence)","State":{"Message":"Domain=counter,{OriginalFormat}=Projection discovery: domain \u0027{Domain}\u0027 -\u003E immediate mode (fire-and-forget after persistence)","Domain":"counter","{OriginalFormat}":"Projection discovery: domain \u0027{Domain}\u0027 -\u003E immediate mode (fire-and-forget after persistence)"}}
{"EventId":1121,"LogLevel":"Information","Category":"Hexalith.EventStore.Server.Projections.ProjectionDiscoveryHostedService","Message":"Projection discovery: domain \u0027global-administrators\u0027 -\u003E immediate mode (fire-and-forget after persistence)","State":{"Message":"Domain=global-administrators,{OriginalFormat}=Projection discovery: domain \u0027{Domain}\u0027 -\u003E immediate mode (fire-and-forget after persistence)","Domain":"global-administrators","{OriginalFormat}":"Projection discovery: domain \u0027{Domain}\u0027 -\u003E immediate mode (fire-and-forget after persistence)"}}
{"EventId":1121,"LogLevel":"Information","Category":"Hexalith.EventStore.Server.Projections.ProjectionDiscoveryHostedService","Message":"Projection discovery: domain \u0027greeting\u0027 -\u003E immediate mode (fire-and-forget after persistence)","State":{"Message":"Domain=greeting,{OriginalFormat}=Projection discovery: domain \u0027{Domain}\u0027 -\u003E immediate mode (fire-and-forget after persistence)","Domain":"greeting","{OriginalFormat}":"Projection discovery: domain \u0027{Domain}\u0027 -\u003E immediate mode (fire-and-forget after persistence)"}}
{"EventId":1121,"LogLevel":"Information","Category":"Hexalith.EventStore.Server.Projections.ProjectionDiscoveryHostedService","Message":"Projection discovery: domain \u0027tenants\u0027 -\u003E immediate mode (fire-and-forget after persistence)","State":{"Message":"Domain=tenants,{OriginalFormat}=Projection discovery: domain \u0027{Domain}\u0027 -\u003E immediate mode (fire-and-forget after persistence)","Domain":"tenants","{OriginalFormat}":"Projection discovery: domain \u0027{Domain}\u0027 -\u003E immediate mode (fire-and-forget after persistence)"}}
{"EventId":1124,"LogLevel":"Information","Category":"Hexalith.EventStore.Server.Projections.ProjectionDiscoveryHostedService","Message":"Projection discovery complete: 4 domains discovered. Default refresh interval: 0ms (0=immediate).","State":{"Message":"DefaultRefreshIntervalMs=0,DomainCount=4,{OriginalFormat}=Projection discovery complete: {DomainCount} domains discovered. Default refresh interval: {DefaultRefreshIntervalMs}ms (0=immediate).","DefaultRefreshIntervalMs":0,"DomainCount":4,"{OriginalFormat}":"Projection discovery complete: {DomainCount} domains discovered. Default refresh interval: {DefaultRefreshIntervalMs}ms (0=immediate)."}}
{"EventId":1200,"LogLevel":"Information","Category":"Hexalith.EventStore.Server.Projections.ActiveRebuildIndexCleanupService","Message":"Active-rebuild-index cleanup service started: CadenceSeconds=60, Stage=ActiveRebuildIndexCleanupServiceStarted","State":{"Message":"CadenceSeconds=60,{OriginalFormat}=Active-rebuild-index cleanup service started: CadenceSeconds={CadenceSeconds}, Stage=ActiveRebuildIndexCleanupServiceStarted","CadenceSeconds":60,"{OriginalFormat}":"Active-rebuild-index cleanup service started: CadenceSeconds={CadenceSeconds}, Stage=ActiveRebuildIndexCleanupServiceStarted"}}
{"EventId":0,"LogLevel":"Information","Category":"Microsoft.Hosting.Lifetime","Message":"Application started. Press Ctrl\u002BC to shut down.","State":{"{OriginalFormat}":"Application started. Press Ctrl\u002BC to shut down."}}
{"EventId":0,"LogLevel":"Information","Category":"Microsoft.Hosting.Lifetime","Message":"Hosting environment: Development","State":{"EnvName":"Development","{OriginalFormat}":"Hosting environment: {EnvName}"}}
{"EventId":0,"LogLevel":"Information","Category":"Microsoft.Hosting.Lifetime","Message":"Content root path: /home/administrator/projects/hexalith/eventstore/src/Hexalith.EventStore","State":{"ContentRoot":"/home/administrator/projects/hexalith/eventstore/src/Hexalith.EventStore","{OriginalFormat}":"Content root path: {ContentRoot}"}}
{"EventId":0,"LogLevel":"Information","Category":"Microsoft.Hosting.Lifetime","Message":"Application is shutting down...","State":{"{OriginalFormat}":"Application is shutting down..."}}
    Hexalith.EventStore.Server.Tests.Actors.TrustedEffectReceiptTests.EventBatchAcknowledgementLossPreservesReceipt [FAIL]
      System.InvalidOperationException : Trusted effect target outcome has no durable receipt.
      Stack Trace:
        src/Hexalith.EventStore.Server/Actors/AggregateActor.cs(262,0): at Hexalith.EventStore.Server.Actors.AggregateActor.ProcessTrustedEffectAsync(TrustedEffectSubmission submission, TrustedEffectContext context, String gatewayProof)
        tests/Hexalith.EventStore.Server.Tests/Actors/TrustedEffectReceiptTests.cs(243,0): at Hexalith.EventStore.Server.Tests.Actors.TrustedEffectReceiptTests.EventBatchAcknowledgementLossPreservesReceipt()
        --- End of stack trace from previous location ---
    Hexalith.EventStore.Server.Tests.Actors.TrustedEffectReceiptTests.CollisionAfterEventfulOutcomeAppendsNoTargetEventAndAuditsQuarantine [FAIL]
      System.InvalidOperationException : Trusted effect target outcome has no durable receipt.
      Stack Trace:
        src/Hexalith.EventStore.Server/Actors/AggregateActor.cs(262,0): at Hexalith.EventStore.Server.Actors.AggregateActor.ProcessTrustedEffectAsync(TrustedEffectSubmission submission, TrustedEffectContext context, String gatewayProof)
        tests/Hexalith.EventStore.Server.Tests/Actors/TrustedEffectReceiptTests.cs(328,0): at Hexalith.EventStore.Server.Tests.Actors.TrustedEffectReceiptTests.CollisionAfterEventfulOutcomeAppendsNoTargetEventAndAuditsQuarantine()
        --- End of stack trace from previous location ---
    Hexalith.EventStore.Server.Tests.Actors.TrustedEffectReceiptTests.RejectionOutcomeCommitsRejectionReceiptWithEventBatch [FAIL]
      System.InvalidOperationException : Trusted effect target outcome has no durable receipt.
      Stack Trace:
        src/Hexalith.EventStore.Server/Actors/AggregateActor.cs(262,0): at Hexalith.EventStore.Server.Actors.AggregateActor.ProcessTrustedEffectAsync(TrustedEffectSubmission submission, TrustedEffectContext context, String gatewayProof)
        tests/Hexalith.EventStore.Server.Tests/Actors/TrustedEffectReceiptTests.cs(283,0): at Hexalith.EventStore.Server.Tests.Actors.TrustedEffectReceiptTests.RejectionOutcomeCommitsRejectionReceiptWithEventBatch()
        --- End of stack trace from previous location ---
    Hexalith.EventStore.Server.Tests.Actors.TrustedEffectReceiptTests.OrdinaryCommandIsAcceptedWhileOnlyDeletionFenceExists [FAIL]
      Shouldly.ShouldAssertException : result.Accepted
          should be
      True
          but was
      False
      Stack Trace:
        tests/Hexalith.EventStore.Server.Tests/Actors/TrustedEffectReceiptTests.cs(510,0): at Hexalith.EventStore.Server.Tests.Actors.TrustedEffectReceiptTests.OrdinaryCommandIsAcceptedWhileOnlyDeletionFenceExists()
           at System.Runtime.ExceptionServices.ExceptionDispatchInfo.Throw()
           at System.Runtime.CompilerServices.TaskAwaiter.HandleNonSuccessAndDebuggerNotification(Task task, ConfigureAwaitOptions options)
        --- End of stack trace from previous location ---
           at System.Runtime.ExceptionServices.ExceptionDispatchInfo.Throw()
           at System.Runtime.CompilerServices.TaskAwaiter.HandleNonSuccessAndDebuggerNotification(Task task, ConfigureAwaitOptions options)
    Hexalith.EventStore.Server.Tests.Actors.TrustedEffectReceiptTests.ExpiredIdempotencyAndStatusRecordsDoNotAuthorizeRedispatch [FAIL]
      System.InvalidOperationException : Trusted effect target outcome has no durable receipt.
      Stack Trace:
        src/Hexalith.EventStore.Server/Actors/AggregateActor.cs(262,0): at Hexalith.EventStore.Server.Actors.AggregateActor.ProcessTrustedEffectAsync(TrustedEffectSubmission submission, TrustedEffectContext context, String gatewayProof)
        tests/Hexalith.EventStore.Server.Tests/Actors/TrustedEffectReceiptTests.cs(379,0): at Hexalith.EventStore.Server.Tests.Actors.TrustedEffectReceiptTests.ExpiredIdempotencyAndStatusRecordsDoNotAuthorizeRedispatch()
        --- End of stack trace from previous location ---
    Hexalith.EventStore.Server.Tests.Actors.TrustedEffectReceiptTests.EventfulOutcomeCommitsReceiptWithEventBatch [FAIL]
      System.InvalidOperationException : Trusted effect target outcome has no durable receipt.
      Stack Trace:
        src/Hexalith.EventStore.Server/Actors/AggregateActor.cs(262,0): at Hexalith.EventStore.Server.Actors.AggregateActor.ProcessTrustedEffectAsync(TrustedEffectSubmission submission, TrustedEffectContext context, String gatewayProof)
        tests/Hexalith.EventStore.Server.Tests/Actors/TrustedEffectReceiptTests.cs(214,0): at Hexalith.EventStore.Server.Tests.Actors.TrustedEffectReceiptTests.EventfulOutcomeCommitsReceiptWithEventBatch()
        --- End of stack trace from previous location ---
  Finished:    Hexalith.EventStore.Server.Tests (ID = 'a22c81c1644009a3e6b0a7fd61c21c28090d74900df170ecbf330b134b2940c6')
=== TEST EXECUTION SUMMARY ===
   Hexalith.EventStore.Server.Tests  Total: 4018, Errors: 0, Failed: 190, Skipped: 25, Not Run: 0, Time: 115.957s
