xUnit.net v3 In-Process Runner v4.0.1+8ed8aa354c (64-bit .NET 10.0.12)
  Discovering: Hexalith.EventStore.Server.Tests
  Discovered:  Hexalith.EventStore.Server.Tests
  Starting:    Hexalith.EventStore.Server.Tests
    Hexalith.EventStore.Server.Tests.Events.DaprLogicalReplayTests.MalformedCommittedRangeRefusesBeforeNewSourceEffects(corruption: "pointer") [FAIL]
      System.ArgumentException : A B32 field must contain exactly 32 bytes. (Parameter 'value')
      Stack Trace:
        src/Hexalith.EventStore.Client/Events/EventEvolutionBinaryWriter.cs(66,0): at Hexalith.EventStore.Client.Events.EventEvolutionBinaryWriter.WriteHash(ReadOnlySpan`1 value)
        src/Hexalith.EventStore.Client/Events/DaprLogicalReplayCommitmentCodec.cs(138,0): at Hexalith.EventStore.Client.Events.DaprLogicalReplayCommitmentCodec.OptionalHash(EventEvolutionBinaryWriter writer, Nullable`1 value)
        src/Hexalith.EventStore.Client/Events/DaprLogicalReplayCommitmentCodec.cs(78,0): at Hexalith.EventStore.Client.Events.DaprLogicalReplayCommitmentCodec.TranscriptGenesis(String tenant, String operation, ReadOnlyMemory`1 source, ReadOnlyMemory`1 registry, Nullable`1 binding, Nullable`1 state, Nullable`1 command, EventBufferBudget budget)
        src/Hexalith.EventStore.Server/Events/DaprReplayOperationOwner.cs(324,0): at Hexalith.EventStore.Server.Events.DaprReplayOperationOwner.BeginAsync(DaprLogicalReplaySource source, DaprLogicalSourceBinding binding, DaprLogicalClaimTrust trust, String ownerId, Nullable`1 takeoverGeneration, CancellationToken cancellationToken)
        tests/Hexalith.EventStore.Server.Tests/Events/DaprLogicalReplayTests.cs(341,0): at Hexalith.EventStore.Server.Tests.Events.DaprLogicalReplayTests.MalformedCommittedRangeRefusesBeforeNewSourceEffects(String corruption)
        tests/Hexalith.EventStore.Server.Tests/Events/DaprLogicalReplayTests.cs(351,0): at Hexalith.EventStore.Server.Tests.Events.DaprLogicalReplayTests.MalformedCommittedRangeRefusesBeforeNewSourceEffects(String corruption)
        --- End of stack trace from previous location ---
    Hexalith.EventStore.Server.Tests.Events.DaprLogicalReplayTests.MalformedCommittedRangeRefusesBeforeNewSourceEffects(corruption: "ledger") [FAIL]
      System.ArgumentException : A B32 field must contain exactly 32 bytes. (Parameter 'value')
      Stack Trace:
        src/Hexalith.EventStore.Client/Events/EventEvolutionBinaryWriter.cs(66,0): at Hexalith.EventStore.Client.Events.EventEvolutionBinaryWriter.WriteHash(ReadOnlySpan`1 value)
        src/Hexalith.EventStore.Client/Events/DaprLogicalReplayCommitmentCodec.cs(138,0): at Hexalith.EventStore.Client.Events.DaprLogicalReplayCommitmentCodec.OptionalHash(EventEvolutionBinaryWriter writer, Nullable`1 value)
        src/Hexalith.EventStore.Client/Events/DaprLogicalReplayCommitmentCodec.cs(78,0): at Hexalith.EventStore.Client.Events.DaprLogicalReplayCommitmentCodec.TranscriptGenesis(String tenant, String operation, ReadOnlyMemory`1 source, ReadOnlyMemory`1 registry, Nullable`1 binding, Nullable`1 state, Nullable`1 command, EventBufferBudget budget)
        src/Hexalith.EventStore.Server/Events/DaprReplayOperationOwner.cs(324,0): at Hexalith.EventStore.Server.Events.DaprReplayOperationOwner.BeginAsync(DaprLogicalReplaySource source, DaprLogicalSourceBinding binding, DaprLogicalClaimTrust trust, String ownerId, Nullable`1 takeoverGeneration, CancellationToken cancellationToken)
        tests/Hexalith.EventStore.Server.Tests/Events/DaprLogicalReplayTests.cs(341,0): at Hexalith.EventStore.Server.Tests.Events.DaprLogicalReplayTests.MalformedCommittedRangeRefusesBeforeNewSourceEffects(String corruption)
        tests/Hexalith.EventStore.Server.Tests/Events/DaprLogicalReplayTests.cs(351,0): at Hexalith.EventStore.Server.Tests.Events.DaprLogicalReplayTests.MalformedCommittedRangeRefusesBeforeNewSourceEffects(String corruption)
        --- End of stack trace from previous location ---
    Hexalith.EventStore.Server.Tests.Events.DaprLogicalReplayTests.MalformedCommittedRangeRefusesBeforeNewSourceEffects(corruption: "null-pointer-field") [FAIL]
      System.ArgumentException : A B32 field must contain exactly 32 bytes. (Parameter 'value')
      Stack Trace:
        src/Hexalith.EventStore.Client/Events/EventEvolutionBinaryWriter.cs(66,0): at Hexalith.EventStore.Client.Events.EventEvolutionBinaryWriter.WriteHash(ReadOnlySpan`1 value)
        src/Hexalith.EventStore.Client/Events/DaprLogicalReplayCommitmentCodec.cs(138,0): at Hexalith.EventStore.Client.Events.DaprLogicalReplayCommitmentCodec.OptionalHash(EventEvolutionBinaryWriter writer, Nullable`1 value)
        src/Hexalith.EventStore.Client/Events/DaprLogicalReplayCommitmentCodec.cs(78,0): at Hexalith.EventStore.Client.Events.DaprLogicalReplayCommitmentCodec.TranscriptGenesis(String tenant, String operation, ReadOnlyMemory`1 source, ReadOnlyMemory`1 registry, Nullable`1 binding, Nullable`1 state, Nullable`1 command, EventBufferBudget budget)
        src/Hexalith.EventStore.Server/Events/DaprReplayOperationOwner.cs(324,0): at Hexalith.EventStore.Server.Events.DaprReplayOperationOwner.BeginAsync(DaprLogicalReplaySource source, DaprLogicalSourceBinding binding, DaprLogicalClaimTrust trust, String ownerId, Nullable`1 takeoverGeneration, CancellationToken cancellationToken)
        tests/Hexalith.EventStore.Server.Tests/Events/DaprLogicalReplayTests.cs(341,0): at Hexalith.EventStore.Server.Tests.Events.DaprLogicalReplayTests.MalformedCommittedRangeRefusesBeforeNewSourceEffects(String corruption)
        tests/Hexalith.EventStore.Server.Tests/Events/DaprLogicalReplayTests.cs(351,0): at Hexalith.EventStore.Server.Tests.Events.DaprLogicalReplayTests.MalformedCommittedRangeRefusesBeforeNewSourceEffects(String corruption)
        --- End of stack trace from previous location ---
    Hexalith.EventStore.Server.Tests.Events.DaprLogicalReplayTests.MalformedCommittedRangeRefusesBeforeNewSourceEffects(corruption: "null-ledger-field") [FAIL]
      System.ArgumentException : A B32 field must contain exactly 32 bytes. (Parameter 'value')
      Stack Trace:
        src/Hexalith.EventStore.Client/Events/EventEvolutionBinaryWriter.cs(66,0): at Hexalith.EventStore.Client.Events.EventEvolutionBinaryWriter.WriteHash(ReadOnlySpan`1 value)
        src/Hexalith.EventStore.Client/Events/DaprLogicalReplayCommitmentCodec.cs(138,0): at Hexalith.EventStore.Client.Events.DaprLogicalReplayCommitmentCodec.OptionalHash(EventEvolutionBinaryWriter writer, Nullable`1 value)
        src/Hexalith.EventStore.Client/Events/DaprLogicalReplayCommitmentCodec.cs(78,0): at Hexalith.EventStore.Client.Events.DaprLogicalReplayCommitmentCodec.TranscriptGenesis(String tenant, String operation, ReadOnlyMemory`1 source, ReadOnlyMemory`1 registry, Nullable`1 binding, Nullable`1 state, Nullable`1 command, EventBufferBudget budget)
        src/Hexalith.EventStore.Server/Events/DaprReplayOperationOwner.cs(324,0): at Hexalith.EventStore.Server.Events.DaprReplayOperationOwner.BeginAsync(DaprLogicalReplaySource source, DaprLogicalSourceBinding binding, DaprLogicalClaimTrust trust, String ownerId, Nullable`1 takeoverGeneration, CancellationToken cancellationToken)
        tests/Hexalith.EventStore.Server.Tests/Events/DaprLogicalReplayTests.cs(341,0): at Hexalith.EventStore.Server.Tests.Events.DaprLogicalReplayTests.MalformedCommittedRangeRefusesBeforeNewSourceEffects(String corruption)
        tests/Hexalith.EventStore.Server.Tests/Events/DaprLogicalReplayTests.cs(351,0): at Hexalith.EventStore.Server.Tests.Events.DaprLogicalReplayTests.MalformedCommittedRangeRefusesBeforeNewSourceEffects(String corruption)
        --- End of stack trace from previous location ---
    Hexalith.EventStore.Server.Tests.Events.DaprLogicalReplayTests.MalformedCommittedRangeRefusesBeforeNewSourceEffects(corruption: "null-ledger") [FAIL]
      System.ArgumentException : A B32 field must contain exactly 32 bytes. (Parameter 'value')
      Stack Trace:
        src/Hexalith.EventStore.Client/Events/EventEvolutionBinaryWriter.cs(66,0): at Hexalith.EventStore.Client.Events.EventEvolutionBinaryWriter.WriteHash(ReadOnlySpan`1 value)
        src/Hexalith.EventStore.Client/Events/DaprLogicalReplayCommitmentCodec.cs(138,0): at Hexalith.EventStore.Client.Events.DaprLogicalReplayCommitmentCodec.OptionalHash(EventEvolutionBinaryWriter writer, Nullable`1 value)
        src/Hexalith.EventStore.Client/Events/DaprLogicalReplayCommitmentCodec.cs(78,0): at Hexalith.EventStore.Client.Events.DaprLogicalReplayCommitmentCodec.TranscriptGenesis(String tenant, String operation, ReadOnlyMemory`1 source, ReadOnlyMemory`1 registry, Nullable`1 binding, Nullable`1 state, Nullable`1 command, EventBufferBudget budget)
        src/Hexalith.EventStore.Server/Events/DaprReplayOperationOwner.cs(324,0): at Hexalith.EventStore.Server.Events.DaprReplayOperationOwner.BeginAsync(DaprLogicalReplaySource source, DaprLogicalSourceBinding binding, DaprLogicalClaimTrust trust, String ownerId, Nullable`1 takeoverGeneration, CancellationToken cancellationToken)
        tests/Hexalith.EventStore.Server.Tests/Events/DaprLogicalReplayTests.cs(341,0): at Hexalith.EventStore.Server.Tests.Events.DaprLogicalReplayTests.MalformedCommittedRangeRefusesBeforeNewSourceEffects(String corruption)
        tests/Hexalith.EventStore.Server.Tests/Events/DaprLogicalReplayTests.cs(351,0): at Hexalith.EventStore.Server.Tests.Events.DaprLogicalReplayTests.MalformedCommittedRangeRefusesBeforeNewSourceEffects(String corruption)
        --- End of stack trace from previous location ---
    Hexalith.EventStore.Server.Tests.Events.DaprLogicalReplayTests.ChangedExactRetryIdentityRefusesBeforeCallbacksOrSave [FAIL]
      System.ArgumentException : A B32 field must contain exactly 32 bytes. (Parameter 'value')
      Stack Trace:
        src/Hexalith.EventStore.Client/Events/EventEvolutionBinaryWriter.cs(66,0): at Hexalith.EventStore.Client.Events.EventEvolutionBinaryWriter.WriteHash(ReadOnlySpan`1 value)
        src/Hexalith.EventStore.Client/Events/DaprLogicalReplayCommitmentCodec.cs(138,0): at Hexalith.EventStore.Client.Events.DaprLogicalReplayCommitmentCodec.OptionalHash(EventEvolutionBinaryWriter writer, Nullable`1 value)
        src/Hexalith.EventStore.Client/Events/DaprLogicalReplayCommitmentCodec.cs(78,0): at Hexalith.EventStore.Client.Events.DaprLogicalReplayCommitmentCodec.TranscriptGenesis(String tenant, String operation, ReadOnlyMemory`1 source, ReadOnlyMemory`1 registry, Nullable`1 binding, Nullable`1 state, Nullable`1 command, EventBufferBudget budget)
        src/Hexalith.EventStore.Server/Events/DaprReplayOperationOwner.cs(324,0): at Hexalith.EventStore.Server.Events.DaprReplayOperationOwner.BeginAsync(DaprLogicalReplaySource source, DaprLogicalSourceBinding binding, DaprLogicalClaimTrust trust, String ownerId, Nullable`1 takeoverGeneration, CancellationToken cancellationToken)
        tests/Hexalith.EventStore.Server.Tests/Events/DaprLogicalReplayTests.cs(431,0): at Hexalith.EventStore.Server.Tests.Events.DaprLogicalReplayTests.ChangedExactRetryIdentityRefusesBeforeCallbacksOrSave()
        tests/Hexalith.EventStore.Server.Tests/Events/DaprLogicalReplayTests.cs(436,0): at Hexalith.EventStore.Server.Tests.Events.DaprLogicalReplayTests.ChangedExactRetryIdentityRefusesBeforeCallbacksOrSave()
        --- End of stack trace from previous location ---
    Hexalith.EventStore.Server.Tests.Events.DaprLogicalReplayTests.PendingOwnerDeactivationRetainsChargesUntilCacheReleaseAndNeverClearsActorOwnedCopies [FAIL]
      System.ArgumentException : A B32 field must contain exactly 32 bytes. (Parameter 'value')
      Stack Trace:
        src/Hexalith.EventStore.Client/Events/EventEvolutionBinaryWriter.cs(66,0): at Hexalith.EventStore.Client.Events.EventEvolutionBinaryWriter.WriteHash(ReadOnlySpan`1 value)
        src/Hexalith.EventStore.Client/Events/DaprLogicalReplayCommitmentCodec.cs(138,0): at Hexalith.EventStore.Client.Events.DaprLogicalReplayCommitmentCodec.OptionalHash(EventEvolutionBinaryWriter writer, Nullable`1 value)
        src/Hexalith.EventStore.Client/Events/DaprLogicalReplayCommitmentCodec.cs(78,0): at Hexalith.EventStore.Client.Events.DaprLogicalReplayCommitmentCodec.TranscriptGenesis(String tenant, String operation, ReadOnlyMemory`1 source, ReadOnlyMemory`1 registry, Nullable`1 binding, Nullable`1 state, Nullable`1 command, EventBufferBudget budget)
        src/Hexalith.EventStore.Server/Events/DaprReplayOperationOwner.cs(324,0): at Hexalith.EventStore.Server.Events.DaprReplayOperationOwner.BeginAsync(DaprLogicalReplaySource source, DaprLogicalSourceBinding binding, DaprLogicalClaimTrust trust, String ownerId, Nullable`1 takeoverGeneration, CancellationToken cancellationToken)
        tests/Hexalith.EventStore.Server.Tests/Events/DaprLogicalReplayTests.cs(361,0): at Hexalith.EventStore.Server.Tests.Events.DaprLogicalReplayTests.PendingOwnerDeactivationRetainsChargesUntilCacheReleaseAndNeverClearsActorOwnedCopies()
        --- End of stack trace from previous location ---
    Hexalith.EventStore.Server.Tests.Events.DaprLogicalReplayTests.MultiPageLostAckRestartAndExactRetryPreserveCompletePersistedResult [FAIL]
      System.ArgumentException : A B32 field must contain exactly 32 bytes. (Parameter 'value')
      Stack Trace:
        src/Hexalith.EventStore.Client/Events/EventEvolutionBinaryWriter.cs(66,0): at Hexalith.EventStore.Client.Events.EventEvolutionBinaryWriter.WriteHash(ReadOnlySpan`1 value)
        src/Hexalith.EventStore.Client/Events/DaprLogicalReplayCommitmentCodec.cs(138,0): at Hexalith.EventStore.Client.Events.DaprLogicalReplayCommitmentCodec.OptionalHash(EventEvolutionBinaryWriter writer, Nullable`1 value)
        src/Hexalith.EventStore.Client/Events/DaprLogicalReplayCommitmentCodec.cs(78,0): at Hexalith.EventStore.Client.Events.DaprLogicalReplayCommitmentCodec.TranscriptGenesis(String tenant, String operation, ReadOnlyMemory`1 source, ReadOnlyMemory`1 registry, Nullable`1 binding, Nullable`1 state, Nullable`1 command, EventBufferBudget budget)
        src/Hexalith.EventStore.Server/Events/DaprReplayOperationOwner.cs(324,0): at Hexalith.EventStore.Server.Events.DaprReplayOperationOwner.BeginAsync(DaprLogicalReplaySource source, DaprLogicalSourceBinding binding, DaprLogicalClaimTrust trust, String ownerId, Nullable`1 takeoverGeneration, CancellationToken cancellationToken)
        tests/Hexalith.EventStore.Server.Tests/Events/DaprLogicalReplayTests.cs(161,0): at Hexalith.EventStore.Server.Tests.Events.DaprLogicalReplayTests.MultiPageLostAckRestartAndExactRetryPreserveCompletePersistedResult()
        tests/Hexalith.EventStore.Server.Tests/Events/DaprLogicalReplayTests.cs(176,0): at Hexalith.EventStore.Server.Tests.Events.DaprLogicalReplayTests.MultiPageLostAckRestartAndExactRetryPreserveCompletePersistedResult()
        --- End of stack trace from previous location ---
    Hexalith.EventStore.Server.Tests.Events.DaprLogicalReplayTests.CurrentKeyRotationRefusesRetainedProofWithoutCallbackOrSave [FAIL]
      System.ArgumentException : A B32 field must contain exactly 32 bytes. (Parameter 'value')
      Stack Trace:
        src/Hexalith.EventStore.Client/Events/EventEvolutionBinaryWriter.cs(66,0): at Hexalith.EventStore.Client.Events.EventEvolutionBinaryWriter.WriteHash(ReadOnlySpan`1 value)
        src/Hexalith.EventStore.Client/Events/DaprLogicalReplayCommitmentCodec.cs(138,0): at Hexalith.EventStore.Client.Events.DaprLogicalReplayCommitmentCodec.OptionalHash(EventEvolutionBinaryWriter writer, Nullable`1 value)
        src/Hexalith.EventStore.Client/Events/DaprLogicalReplayCommitmentCodec.cs(78,0): at Hexalith.EventStore.Client.Events.DaprLogicalReplayCommitmentCodec.TranscriptGenesis(String tenant, String operation, ReadOnlyMemory`1 source, ReadOnlyMemory`1 registry, Nullable`1 binding, Nullable`1 state, Nullable`1 command, EventBufferBudget budget)
        src/Hexalith.EventStore.Server/Events/DaprReplayOperationOwner.cs(324,0): at Hexalith.EventStore.Server.Events.DaprReplayOperationOwner.BeginAsync(DaprLogicalReplaySource source, DaprLogicalSourceBinding binding, DaprLogicalClaimTrust trust, String ownerId, Nullable`1 takeoverGeneration, CancellationToken cancellationToken)
        tests/Hexalith.EventStore.Server.Tests/Events/DaprLogicalReplayTests.cs(306,0): at Hexalith.EventStore.Server.Tests.Events.DaprLogicalReplayTests.CurrentKeyRotationRefusesRetainedProofWithoutCallbackOrSave()
        tests/Hexalith.EventStore.Server.Tests/Events/DaprLogicalReplayTests.cs(310,0): at Hexalith.EventStore.Server.Tests.Events.DaprLogicalReplayTests.CurrentKeyRotationRefusesRetainedProofWithoutCallbackOrSave()
        --- End of stack trace from previous location ---
    Hexalith.EventStore.Server.Tests.Events.DaprLogicalReplayTests.PostSaveLossPreservesCommittedTruthAndWithholdsStaleResponse(loss: "capability") [FAIL]
      System.ArgumentException : A B32 field must contain exactly 32 bytes. (Parameter 'value')
      Stack Trace:
        src/Hexalith.EventStore.Client/Events/EventEvolutionBinaryWriter.cs(66,0): at Hexalith.EventStore.Client.Events.EventEvolutionBinaryWriter.WriteHash(ReadOnlySpan`1 value)
        src/Hexalith.EventStore.Client/Events/DaprLogicalReplayCommitmentCodec.cs(138,0): at Hexalith.EventStore.Client.Events.DaprLogicalReplayCommitmentCodec.OptionalHash(EventEvolutionBinaryWriter writer, Nullable`1 value)
        src/Hexalith.EventStore.Client/Events/DaprLogicalReplayCommitmentCodec.cs(78,0): at Hexalith.EventStore.Client.Events.DaprLogicalReplayCommitmentCodec.TranscriptGenesis(String tenant, String operation, ReadOnlyMemory`1 source, ReadOnlyMemory`1 registry, Nullable`1 binding, Nullable`1 state, Nullable`1 command, EventBufferBudget budget)
        src/Hexalith.EventStore.Server/Events/DaprReplayOperationOwner.cs(324,0): at Hexalith.EventStore.Server.Events.DaprReplayOperationOwner.BeginAsync(DaprLogicalReplaySource source, DaprLogicalSourceBinding binding, DaprLogicalClaimTrust trust, String ownerId, Nullable`1 takeoverGeneration, CancellationToken cancellationToken)
        tests/Hexalith.EventStore.Server.Tests/Events/DaprLogicalReplayTests.cs(247,0): at Hexalith.EventStore.Server.Tests.Events.DaprLogicalReplayTests.PostSaveLossPreservesCommittedTruthAndWithholdsStaleResponse(String loss)
        tests/Hexalith.EventStore.Server.Tests/Events/DaprLogicalReplayTests.cs(255,0): at Hexalith.EventStore.Server.Tests.Events.DaprLogicalReplayTests.PostSaveLossPreservesCommittedTruthAndWithholdsStaleResponse(String loss)
        --- End of stack trace from previous location ---
    Hexalith.EventStore.Server.Tests.Events.DaprLogicalReplayTests.PostSaveLossPreservesCommittedTruthAndWithholdsStaleResponse(loss: "source") [FAIL]
      System.ArgumentException : A B32 field must contain exactly 32 bytes. (Parameter 'value')
      Stack Trace:
        src/Hexalith.EventStore.Client/Events/EventEvolutionBinaryWriter.cs(66,0): at Hexalith.EventStore.Client.Events.EventEvolutionBinaryWriter.WriteHash(ReadOnlySpan`1 value)
        src/Hexalith.EventStore.Client/Events/DaprLogicalReplayCommitmentCodec.cs(138,0): at Hexalith.EventStore.Client.Events.DaprLogicalReplayCommitmentCodec.OptionalHash(EventEvolutionBinaryWriter writer, Nullable`1 value)
        src/Hexalith.EventStore.Client/Events/DaprLogicalReplayCommitmentCodec.cs(78,0): at Hexalith.EventStore.Client.Events.DaprLogicalReplayCommitmentCodec.TranscriptGenesis(String tenant, String operation, ReadOnlyMemory`1 source, ReadOnlyMemory`1 registry, Nullable`1 binding, Nullable`1 state, Nullable`1 command, EventBufferBudget budget)
        src/Hexalith.EventStore.Server/Events/DaprReplayOperationOwner.cs(324,0): at Hexalith.EventStore.Server.Events.DaprReplayOperationOwner.BeginAsync(DaprLogicalReplaySource source, DaprLogicalSourceBinding binding, DaprLogicalClaimTrust trust, String ownerId, Nullable`1 takeoverGeneration, CancellationToken cancellationToken)
        tests/Hexalith.EventStore.Server.Tests/Events/DaprLogicalReplayTests.cs(247,0): at Hexalith.EventStore.Server.Tests.Events.DaprLogicalReplayTests.PostSaveLossPreservesCommittedTruthAndWithholdsStaleResponse(String loss)
        tests/Hexalith.EventStore.Server.Tests/Events/DaprLogicalReplayTests.cs(255,0): at Hexalith.EventStore.Server.Tests.Events.DaprLogicalReplayTests.PostSaveLossPreservesCommittedTruthAndWithholdsStaleResponse(String loss)
        --- End of stack trace from previous location ---
    Hexalith.EventStore.Server.Tests.Events.DaprLogicalReplayTests.PostSaveLossPreservesCommittedTruthAndWithholdsStaleResponse(loss: "expiry") [FAIL]
      System.ArgumentException : A B32 field must contain exactly 32 bytes. (Parameter 'value')
      Stack Trace:
        src/Hexalith.EventStore.Client/Events/EventEvolutionBinaryWriter.cs(66,0): at Hexalith.EventStore.Client.Events.EventEvolutionBinaryWriter.WriteHash(ReadOnlySpan`1 value)
        src/Hexalith.EventStore.Client/Events/DaprLogicalReplayCommitmentCodec.cs(138,0): at Hexalith.EventStore.Client.Events.DaprLogicalReplayCommitmentCodec.OptionalHash(EventEvolutionBinaryWriter writer, Nullable`1 value)
        src/Hexalith.EventStore.Client/Events/DaprLogicalReplayCommitmentCodec.cs(78,0): at Hexalith.EventStore.Client.Events.DaprLogicalReplayCommitmentCodec.TranscriptGenesis(String tenant, String operation, ReadOnlyMemory`1 source, ReadOnlyMemory`1 registry, Nullable`1 binding, Nullable`1 state, Nullable`1 command, EventBufferBudget budget)
        src/Hexalith.EventStore.Server/Events/DaprReplayOperationOwner.cs(324,0): at Hexalith.EventStore.Server.Events.DaprReplayOperationOwner.BeginAsync(DaprLogicalReplaySource source, DaprLogicalSourceBinding binding, DaprLogicalClaimTrust trust, String ownerId, Nullable`1 takeoverGeneration, CancellationToken cancellationToken)
        tests/Hexalith.EventStore.Server.Tests/Events/DaprLogicalReplayTests.cs(247,0): at Hexalith.EventStore.Server.Tests.Events.DaprLogicalReplayTests.PostSaveLossPreservesCommittedTruthAndWithholdsStaleResponse(String loss)
        tests/Hexalith.EventStore.Server.Tests/Events/DaprLogicalReplayTests.cs(255,0): at Hexalith.EventStore.Server.Tests.Events.DaprLogicalReplayTests.PostSaveLossPreservesCommittedTruthAndWithholdsStaleResponse(String loss)
        --- End of stack trace from previous location ---
    Hexalith.EventStore.Server.Tests.Events.DaprLogicalReplayTests.PreCommitOriginalCancellationLeavesNoMutationAndPostCommitCancellationPreservesTruthWithoutProof [FAIL]
      System.ArgumentException : A B32 field must contain exactly 32 bytes. (Parameter 'value')
      Stack Trace:
        src/Hexalith.EventStore.Client/Events/EventEvolutionBinaryWriter.cs(66,0): at Hexalith.EventStore.Client.Events.EventEvolutionBinaryWriter.WriteHash(ReadOnlySpan`1 value)
        src/Hexalith.EventStore.Client/Events/DaprLogicalReplayCommitmentCodec.cs(138,0): at Hexalith.EventStore.Client.Events.DaprLogicalReplayCommitmentCodec.OptionalHash(EventEvolutionBinaryWriter writer, Nullable`1 value)
        src/Hexalith.EventStore.Client/Events/DaprLogicalReplayCommitmentCodec.cs(78,0): at Hexalith.EventStore.Client.Events.DaprLogicalReplayCommitmentCodec.TranscriptGenesis(String tenant, String operation, ReadOnlyMemory`1 source, ReadOnlyMemory`1 registry, Nullable`1 binding, Nullable`1 state, Nullable`1 command, EventBufferBudget budget)
        src/Hexalith.EventStore.Server/Events/DaprReplayOperationOwner.cs(324,0): at Hexalith.EventStore.Server.Events.DaprReplayOperationOwner.BeginAsync(DaprLogicalReplaySource source, DaprLogicalSourceBinding binding, DaprLogicalClaimTrust trust, String ownerId, Nullable`1 takeoverGeneration, CancellationToken cancellationToken)
        tests/Hexalith.EventStore.Server.Tests/Events/DaprLogicalReplayTests.cs(225,0): at Hexalith.EventStore.Server.Tests.Events.DaprLogicalReplayTests.PreCommitOriginalCancellationLeavesNoMutationAndPostCommitCancellationPreservesTruthWithoutProof()
        tests/Hexalith.EventStore.Server.Tests/Events/DaprLogicalReplayTests.cs(233,0): at Hexalith.EventStore.Server.Tests.Events.DaprLogicalReplayTests.PreCommitOriginalCancellationLeavesNoMutationAndPostCommitCancellationPreservesTruthWithoutProof()
        --- End of stack trace from previous location ---
    Hexalith.EventStore.Server.Tests.Events.DaprLogicalReplayTests.SaveFailureClassifiesActualParticipantReadbackAndKeepsLastGoodState(mode: "no-commit", expectedValue: 1) [FAIL]
      System.ArgumentException : A B32 field must contain exactly 32 bytes. (Parameter 'value')
      Stack Trace:
        src/Hexalith.EventStore.Client/Events/EventEvolutionBinaryWriter.cs(66,0): at Hexalith.EventStore.Client.Events.EventEvolutionBinaryWriter.WriteHash(ReadOnlySpan`1 value)
        src/Hexalith.EventStore.Client/Events/DaprLogicalReplayCommitmentCodec.cs(138,0): at Hexalith.EventStore.Client.Events.DaprLogicalReplayCommitmentCodec.OptionalHash(EventEvolutionBinaryWriter writer, Nullable`1 value)
        src/Hexalith.EventStore.Client/Events/DaprLogicalReplayCommitmentCodec.cs(78,0): at Hexalith.EventStore.Client.Events.DaprLogicalReplayCommitmentCodec.TranscriptGenesis(String tenant, String operation, ReadOnlyMemory`1 source, ReadOnlyMemory`1 registry, Nullable`1 binding, Nullable`1 state, Nullable`1 command, EventBufferBudget budget)
        src/Hexalith.EventStore.Server/Events/DaprReplayOperationOwner.cs(324,0): at Hexalith.EventStore.Server.Events.DaprReplayOperationOwner.BeginAsync(DaprLogicalReplaySource source, DaprLogicalSourceBinding binding, DaprLogicalClaimTrust trust, String ownerId, Nullable`1 takeoverGeneration, CancellationToken cancellationToken)
        tests/Hexalith.EventStore.Server.Tests/Events/DaprLogicalReplayTests.cs(189,0): at Hexalith.EventStore.Server.Tests.Events.DaprLogicalReplayTests.SaveFailureClassifiesActualParticipantReadbackAndKeepsLastGoodState(String mode, Int32 expectedValue)
        tests/Hexalith.EventStore.Server.Tests/Events/DaprLogicalReplayTests.cs(198,0): at Hexalith.EventStore.Server.Tests.Events.DaprLogicalReplayTests.SaveFailureClassifiesActualParticipantReadbackAndKeepsLastGoodState(String mode, Int32 expectedValue)
        --- End of stack trace from previous location ---
    Hexalith.EventStore.Server.Tests.Events.DaprLogicalReplayTests.SaveFailureClassifiesActualParticipantReadbackAndKeepsLastGoodState(mode: "partial", expectedValue: 2) [FAIL]
      System.ArgumentException : A B32 field must contain exactly 32 bytes. (Parameter 'value')
      Stack Trace:
        src/Hexalith.EventStore.Client/Events/EventEvolutionBinaryWriter.cs(66,0): at Hexalith.EventStore.Client.Events.EventEvolutionBinaryWriter.WriteHash(ReadOnlySpan`1 value)
        src/Hexalith.EventStore.Client/Events/DaprLogicalReplayCommitmentCodec.cs(138,0): at Hexalith.EventStore.Client.Events.DaprLogicalReplayCommitmentCodec.OptionalHash(EventEvolutionBinaryWriter writer, Nullable`1 value)
        src/Hexalith.EventStore.Client/Events/DaprLogicalReplayCommitmentCodec.cs(78,0): at Hexalith.EventStore.Client.Events.DaprLogicalReplayCommitmentCodec.TranscriptGenesis(String tenant, String operation, ReadOnlyMemory`1 source, ReadOnlyMemory`1 registry, Nullable`1 binding, Nullable`1 state, Nullable`1 command, EventBufferBudget budget)
        src/Hexalith.EventStore.Server/Events/DaprReplayOperationOwner.cs(324,0): at Hexalith.EventStore.Server.Events.DaprReplayOperationOwner.BeginAsync(DaprLogicalReplaySource source, DaprLogicalSourceBinding binding, DaprLogicalClaimTrust trust, String ownerId, Nullable`1 takeoverGeneration, CancellationToken cancellationToken)
        tests/Hexalith.EventStore.Server.Tests/Events/DaprLogicalReplayTests.cs(189,0): at Hexalith.EventStore.Server.Tests.Events.DaprLogicalReplayTests.SaveFailureClassifiesActualParticipantReadbackAndKeepsLastGoodState(String mode, Int32 expectedValue)
        tests/Hexalith.EventStore.Server.Tests/Events/DaprLogicalReplayTests.cs(198,0): at Hexalith.EventStore.Server.Tests.Events.DaprLogicalReplayTests.SaveFailureClassifiesActualParticipantReadbackAndKeepsLastGoodState(String mode, Int32 expectedValue)
        --- End of stack trace from previous location ---
    Hexalith.EventStore.Server.Tests.Events.DaprLogicalReplayTests.ComposedAdmissionShrinksContiguousPagesAndDisposalLeavesDurableImagesUnchanged [FAIL]
      System.ArgumentException : A B32 field must contain exactly 32 bytes. (Parameter 'value')
      Stack Trace:
        src/Hexalith.EventStore.Client/Events/EventEvolutionBinaryWriter.cs(66,0): at Hexalith.EventStore.Client.Events.EventEvolutionBinaryWriter.WriteHash(ReadOnlySpan`1 value)
        src/Hexalith.EventStore.Client/Events/DaprLogicalReplayCommitmentCodec.cs(138,0): at Hexalith.EventStore.Client.Events.DaprLogicalReplayCommitmentCodec.OptionalHash(EventEvolutionBinaryWriter writer, Nullable`1 value)
        src/Hexalith.EventStore.Client/Events/DaprLogicalReplayCommitmentCodec.cs(78,0): at Hexalith.EventStore.Client.Events.DaprLogicalReplayCommitmentCodec.TranscriptGenesis(String tenant, String operation, ReadOnlyMemory`1 source, ReadOnlyMemory`1 registry, Nullable`1 binding, Nullable`1 state, Nullable`1 command, EventBufferBudget budget)
        src/Hexalith.EventStore.Server/Events/DaprReplayOperationOwner.cs(324,0): at Hexalith.EventStore.Server.Events.DaprReplayOperationOwner.BeginAsync(DaprLogicalReplaySource source, DaprLogicalSourceBinding binding, DaprLogicalClaimTrust trust, String ownerId, Nullable`1 takeoverGeneration, CancellationToken cancellationToken)
        tests/Hexalith.EventStore.Server.Tests/Events/DaprLogicalReplayTests.cs(320,0): at Hexalith.EventStore.Server.Tests.Events.DaprLogicalReplayTests.ComposedAdmissionShrinksContiguousPagesAndDisposalLeavesDurableImagesUnchanged()
        --- End of stack trace from previous location ---
    Hexalith.EventStore.Server.Tests.Events.DaprLogicalReplayTests.EmptyOperationCommitsFinalCountZeroPageAndBeginCannotInventCompletionAfterFinalDeletion [FAIL]
      System.ArgumentException : A B32 field must contain exactly 32 bytes. (Parameter 'value')
      Stack Trace:
        src/Hexalith.EventStore.Client/Events/EventEvolutionBinaryWriter.cs(66,0): at Hexalith.EventStore.Client.Events.EventEvolutionBinaryWriter.WriteHash(ReadOnlySpan`1 value)
        src/Hexalith.EventStore.Client/Events/DaprLogicalReplayCommitmentCodec.cs(138,0): at Hexalith.EventStore.Client.Events.DaprLogicalReplayCommitmentCodec.OptionalHash(EventEvolutionBinaryWriter writer, Nullable`1 value)
        src/Hexalith.EventStore.Client/Events/DaprLogicalReplayCommitmentCodec.cs(78,0): at Hexalith.EventStore.Client.Events.DaprLogicalReplayCommitmentCodec.TranscriptGenesis(String tenant, String operation, ReadOnlyMemory`1 source, ReadOnlyMemory`1 registry, Nullable`1 binding, Nullable`1 state, Nullable`1 command, EventBufferBudget budget)
        src/Hexalith.EventStore.Server/Events/DaprReplayOperationOwner.cs(324,0): at Hexalith.EventStore.Server.Events.DaprReplayOperationOwner.BeginAsync(DaprLogicalReplaySource source, DaprLogicalSourceBinding binding, DaprLogicalClaimTrust trust, String ownerId, Nullable`1 takeoverGeneration, CancellationToken cancellationToken)
        tests/Hexalith.EventStore.Server.Tests/Events/DaprLogicalReplayTests.cs(288,0): at Hexalith.EventStore.Server.Tests.Events.DaprLogicalReplayTests.EmptyOperationCommitsFinalCountZeroPageAndBeginCannotInventCompletionAfterFinalDeletion()
        tests/Hexalith.EventStore.Server.Tests/Events/DaprLogicalReplayTests.cs(296,0): at Hexalith.EventStore.Server.Tests.Events.DaprLogicalReplayTests.EmptyOperationCommitsFinalCountZeroPageAndBeginCannotInventCompletionAfterFinalDeletion()
        --- End of stack trace from previous location ---
    Hexalith.EventStore.Server.Tests.Events.DaprLogicalReplayTests.TakeoverFencesOldGenerationWithoutRepeatingCommittedPages [FAIL]
      System.ArgumentException : A B32 field must contain exactly 32 bytes. (Parameter 'value')
      Stack Trace:
        src/Hexalith.EventStore.Client/Events/EventEvolutionBinaryWriter.cs(66,0): at Hexalith.EventStore.Client.Events.EventEvolutionBinaryWriter.WriteHash(ReadOnlySpan`1 value)
        src/Hexalith.EventStore.Client/Events/DaprLogicalReplayCommitmentCodec.cs(138,0): at Hexalith.EventStore.Client.Events.DaprLogicalReplayCommitmentCodec.OptionalHash(EventEvolutionBinaryWriter writer, Nullable`1 value)
        src/Hexalith.EventStore.Client/Events/DaprLogicalReplayCommitmentCodec.cs(78,0): at Hexalith.EventStore.Client.Events.DaprLogicalReplayCommitmentCodec.TranscriptGenesis(String tenant, String operation, ReadOnlyMemory`1 source, ReadOnlyMemory`1 registry, Nullable`1 binding, Nullable`1 state, Nullable`1 command, EventBufferBudget budget)
        src/Hexalith.EventStore.Server/Events/DaprReplayOperationOwner.cs(324,0): at Hexalith.EventStore.Server.Events.DaprReplayOperationOwner.BeginAsync(DaprLogicalReplaySource source, DaprLogicalSourceBinding binding, DaprLogicalClaimTrust trust, String ownerId, Nullable`1 takeoverGeneration, CancellationToken cancellationToken)
        tests/Hexalith.EventStore.Server.Tests/Events/DaprLogicalReplayTests.cs(208,0): at Hexalith.EventStore.Server.Tests.Events.DaprLogicalReplayTests.TakeoverFencesOldGenerationWithoutRepeatingCommittedPages()
        tests/Hexalith.EventStore.Server.Tests/Events/DaprLogicalReplayTests.cs(215,0): at Hexalith.EventStore.Server.Tests.Events.DaprLogicalReplayTests.TakeoverFencesOldGenerationWithoutRepeatingCommittedPages()
        --- End of stack trace from previous location ---
    Hexalith.EventStore.Server.Tests.Events.DaprLogicalReplayTests.FailedReadbackCacheDetachmentQuarantinesPrivateCapacityUntilAHealthyRetry [FAIL]
      System.ArgumentException : A B32 field must contain exactly 32 bytes. (Parameter 'value')
      Stack Trace:
        src/Hexalith.EventStore.Client/Events/EventEvolutionBinaryWriter.cs(66,0): at Hexalith.EventStore.Client.Events.EventEvolutionBinaryWriter.WriteHash(ReadOnlySpan`1 value)
        src/Hexalith.EventStore.Client/Events/DaprLogicalReplayCommitmentCodec.cs(138,0): at Hexalith.EventStore.Client.Events.DaprLogicalReplayCommitmentCodec.OptionalHash(EventEvolutionBinaryWriter writer, Nullable`1 value)
        src/Hexalith.EventStore.Client/Events/DaprLogicalReplayCommitmentCodec.cs(78,0): at Hexalith.EventStore.Client.Events.DaprLogicalReplayCommitmentCodec.TranscriptGenesis(String tenant, String operation, ReadOnlyMemory`1 source, ReadOnlyMemory`1 registry, Nullable`1 binding, Nullable`1 state, Nullable`1 command, EventBufferBudget budget)
        src/Hexalith.EventStore.Server/Events/DaprReplayOperationOwner.cs(324,0): at Hexalith.EventStore.Server.Events.DaprReplayOperationOwner.BeginAsync(DaprLogicalReplaySource source, DaprLogicalSourceBinding binding, DaprLogicalClaimTrust trust, String ownerId, Nullable`1 takeoverGeneration, CancellationToken cancellationToken)
        tests/Hexalith.EventStore.Server.Tests/Events/DaprLogicalReplayTests.cs(408,0): at Hexalith.EventStore.Server.Tests.Events.DaprLogicalReplayTests.FailedReadbackCacheDetachmentQuarantinesPrivateCapacityUntilAHealthyRetry()
        tests/Hexalith.EventStore.Server.Tests/Events/DaprLogicalReplayTests.cs(421,0): at Hexalith.EventStore.Server.Tests.Events.DaprLogicalReplayTests.FailedReadbackCacheDetachmentQuarantinesPrivateCapacityUntilAHealthyRetry()
        --- End of stack trace from previous location ---
    Hexalith.EventStore.Server.Tests.Events.DaprLogicalReplayTests.UnavailableReadbackRecoversTheSamePinnedRequestWithoutCallbacksOrAnotherSave [FAIL]
      System.ArgumentException : A B32 field must contain exactly 32 bytes. (Parameter 'value')
      Stack Trace:
        src/Hexalith.EventStore.Client/Events/EventEvolutionBinaryWriter.cs(66,0): at Hexalith.EventStore.Client.Events.EventEvolutionBinaryWriter.WriteHash(ReadOnlySpan`1 value)
        src/Hexalith.EventStore.Client/Events/DaprLogicalReplayCommitmentCodec.cs(138,0): at Hexalith.EventStore.Client.Events.DaprLogicalReplayCommitmentCodec.OptionalHash(EventEvolutionBinaryWriter writer, Nullable`1 value)
        src/Hexalith.EventStore.Client/Events/DaprLogicalReplayCommitmentCodec.cs(78,0): at Hexalith.EventStore.Client.Events.DaprLogicalReplayCommitmentCodec.TranscriptGenesis(String tenant, String operation, ReadOnlyMemory`1 source, ReadOnlyMemory`1 registry, Nullable`1 binding, Nullable`1 state, Nullable`1 command, EventBufferBudget budget)
        src/Hexalith.EventStore.Server/Events/DaprReplayOperationOwner.cs(324,0): at Hexalith.EventStore.Server.Events.DaprReplayOperationOwner.BeginAsync(DaprLogicalReplaySource source, DaprLogicalSourceBinding binding, DaprLogicalClaimTrust trust, String ownerId, Nullable`1 takeoverGeneration, CancellationToken cancellationToken)
        tests/Hexalith.EventStore.Server.Tests/Events/DaprLogicalReplayTests.cs(383,0): at Hexalith.EventStore.Server.Tests.Events.DaprLogicalReplayTests.UnavailableReadbackRecoversTheSamePinnedRequestWithoutCallbacksOrAnotherSave()
        tests/Hexalith.EventStore.Server.Tests/Events/DaprLogicalReplayTests.cs(398,0): at Hexalith.EventStore.Server.Tests.Events.DaprLogicalReplayTests.UnavailableReadbackRecoversTheSamePinnedRequestWithoutCallbacksOrAnotherSave()
        --- End of stack trace from previous location ---
    Hexalith.EventStore.Server.Tests.Events.DaprLogicalReplayTests.OrphanAtomicParticipantsRefuseBeforeCallbacksSaveOrOverwrite(corruption: "blob") [FAIL]
      System.ArgumentException : A B32 field must contain exactly 32 bytes. (Parameter 'value')
      Stack Trace:
        src/Hexalith.EventStore.Client/Events/EventEvolutionBinaryWriter.cs(66,0): at Hexalith.EventStore.Client.Events.EventEvolutionBinaryWriter.WriteHash(ReadOnlySpan`1 value)
        src/Hexalith.EventStore.Client/Events/DaprLogicalReplayCommitmentCodec.cs(138,0): at Hexalith.EventStore.Client.Events.DaprLogicalReplayCommitmentCodec.OptionalHash(EventEvolutionBinaryWriter writer, Nullable`1 value)
        src/Hexalith.EventStore.Client/Events/DaprLogicalReplayCommitmentCodec.cs(78,0): at Hexalith.EventStore.Client.Events.DaprLogicalReplayCommitmentCodec.TranscriptGenesis(String tenant, String operation, ReadOnlyMemory`1 source, ReadOnlyMemory`1 registry, Nullable`1 binding, Nullable`1 state, Nullable`1 command, EventBufferBudget budget)
        src/Hexalith.EventStore.Server/Events/DaprReplayOperationOwner.cs(324,0): at Hexalith.EventStore.Server.Events.DaprReplayOperationOwner.BeginAsync(DaprLogicalReplaySource source, DaprLogicalSourceBinding binding, DaprLogicalClaimTrust trust, String ownerId, Nullable`1 takeoverGeneration, CancellationToken cancellationToken)
        tests/Hexalith.EventStore.Server.Tests/Events/DaprLogicalReplayTests.cs(268,0): at Hexalith.EventStore.Server.Tests.Events.DaprLogicalReplayTests.OrphanAtomicParticipantsRefuseBeforeCallbacksSaveOrOverwrite(String corruption)
        tests/Hexalith.EventStore.Server.Tests/Events/DaprLogicalReplayTests.cs(278,0): at Hexalith.EventStore.Server.Tests.Events.DaprLogicalReplayTests.OrphanAtomicParticipantsRefuseBeforeCallbacksSaveOrOverwrite(String corruption)
        --- End of stack trace from previous location ---
    Hexalith.EventStore.Server.Tests.Events.DaprLogicalReplayTests.OrphanAtomicParticipantsRefuseBeforeCallbacksSaveOrOverwrite(corruption: "final") [FAIL]
      System.ArgumentException : A B32 field must contain exactly 32 bytes. (Parameter 'value')
      Stack Trace:
        src/Hexalith.EventStore.Client/Events/EventEvolutionBinaryWriter.cs(66,0): at Hexalith.EventStore.Client.Events.EventEvolutionBinaryWriter.WriteHash(ReadOnlySpan`1 value)
        src/Hexalith.EventStore.Client/Events/DaprLogicalReplayCommitmentCodec.cs(138,0): at Hexalith.EventStore.Client.Events.DaprLogicalReplayCommitmentCodec.OptionalHash(EventEvolutionBinaryWriter writer, Nullable`1 value)
        src/Hexalith.EventStore.Client/Events/DaprLogicalReplayCommitmentCodec.cs(78,0): at Hexalith.EventStore.Client.Events.DaprLogicalReplayCommitmentCodec.TranscriptGenesis(String tenant, String operation, ReadOnlyMemory`1 source, ReadOnlyMemory`1 registry, Nullable`1 binding, Nullable`1 state, Nullable`1 command, EventBufferBudget budget)
        src/Hexalith.EventStore.Server/Events/DaprReplayOperationOwner.cs(324,0): at Hexalith.EventStore.Server.Events.DaprReplayOperationOwner.BeginAsync(DaprLogicalReplaySource source, DaprLogicalSourceBinding binding, DaprLogicalClaimTrust trust, String ownerId, Nullable`1 takeoverGeneration, CancellationToken cancellationToken)
        tests/Hexalith.EventStore.Server.Tests/Events/DaprLogicalReplayTests.cs(268,0): at Hexalith.EventStore.Server.Tests.Events.DaprLogicalReplayTests.OrphanAtomicParticipantsRefuseBeforeCallbacksSaveOrOverwrite(String corruption)
        tests/Hexalith.EventStore.Server.Tests/Events/DaprLogicalReplayTests.cs(278,0): at Hexalith.EventStore.Server.Tests.Events.DaprLogicalReplayTests.OrphanAtomicParticipantsRefuseBeforeCallbacksSaveOrOverwrite(String corruption)
        --- End of stack trace from previous location ---
    Hexalith.EventStore.Server.Tests.Events.DaprLogicalReplayTests.OrphanAtomicParticipantsRefuseBeforeCallbacksSaveOrOverwrite(corruption: "all") [FAIL]
      System.ArgumentException : A B32 field must contain exactly 32 bytes. (Parameter 'value')
      Stack Trace:
        src/Hexalith.EventStore.Client/Events/EventEvolutionBinaryWriter.cs(66,0): at Hexalith.EventStore.Client.Events.EventEvolutionBinaryWriter.WriteHash(ReadOnlySpan`1 value)
        src/Hexalith.EventStore.Client/Events/DaprLogicalReplayCommitmentCodec.cs(138,0): at Hexalith.EventStore.Client.Events.DaprLogicalReplayCommitmentCodec.OptionalHash(EventEvolutionBinaryWriter writer, Nullable`1 value)
        src/Hexalith.EventStore.Client/Events/DaprLogicalReplayCommitmentCodec.cs(78,0): at Hexalith.EventStore.Client.Events.DaprLogicalReplayCommitmentCodec.TranscriptGenesis(String tenant, String operation, ReadOnlyMemory`1 source, ReadOnlyMemory`1 registry, Nullable`1 binding, Nullable`1 state, Nullable`1 command, EventBufferBudget budget)
        src/Hexalith.EventStore.Server/Events/DaprReplayOperationOwner.cs(324,0): at Hexalith.EventStore.Server.Events.DaprReplayOperationOwner.BeginAsync(DaprLogicalReplaySource source, DaprLogicalSourceBinding binding, DaprLogicalClaimTrust trust, String ownerId, Nullable`1 takeoverGeneration, CancellationToken cancellationToken)
        tests/Hexalith.EventStore.Server.Tests/Events/DaprLogicalReplayTests.cs(268,0): at Hexalith.EventStore.Server.Tests.Events.DaprLogicalReplayTests.OrphanAtomicParticipantsRefuseBeforeCallbacksSaveOrOverwrite(String corruption)
        tests/Hexalith.EventStore.Server.Tests/Events/DaprLogicalReplayTests.cs(278,0): at Hexalith.EventStore.Server.Tests.Events.DaprLogicalReplayTests.OrphanAtomicParticipantsRefuseBeforeCallbacksSaveOrOverwrite(String corruption)
        --- End of stack trace from previous location ---
    Hexalith.EventStore.Server.Tests.Events.DaprLogicalReconstructionTests.AddressedReconstructorReturnsOnlyExactFinalState(events: 0, target: 0, value: 0) [FAIL]
      Shouldly.ShouldAssertException : result.Status
          should be
      AggregateReconstructionStatus.Succeeded
          but was
      AggregateReconstructionStatus.Failed
      Stack Trace:
        tests/Hexalith.EventStore.Server.Tests/Events/DaprLogicalReconstructionTests.cs(132,0): at Hexalith.EventStore.Server.Tests.Events.DaprLogicalReconstructionTests.AddressedReconstructorReturnsOnlyExactFinalState(Int32 events, Int64 target, Int32 value)
           at System.Runtime.ExceptionServices.ExceptionDispatchInfo.Throw()
        tests/Hexalith.EventStore.Server.Tests/Events/DaprLogicalReconstructionTests.cs(140,0): at Hexalith.EventStore.Server.Tests.Events.DaprLogicalReconstructionTests.AddressedReconstructorReturnsOnlyExactFinalState(Int32 events, Int64 target, Int32 value)
           at System.Runtime.ExceptionServices.ExceptionDispatchInfo.Throw()
           at System.Runtime.CompilerServices.TaskAwaiter.ThrowForNonSuccess(Task task)
           at System.Runtime.CompilerServices.TaskAwaiter.HandleNonSuccessAndDebuggerNotification(Task task, ConfigureAwaitOptions options)
        --- End of stack trace from previous location ---
           at System.Runtime.ExceptionServices.ExceptionDispatchInfo.Throw()
           at System.Runtime.CompilerServices.TaskAwaiter.ThrowForNonSuccess(Task task)
           at System.Runtime.CompilerServices.TaskAwaiter.HandleNonSuccessAndDebuggerNotification(Task task, ConfigureAwaitOptions options)
    Hexalith.EventStore.Server.Tests.Events.DaprLogicalReconstructionTests.AddressedReconstructorReturnsOnlyExactFinalState(events: 3, target: 0, value: 0) [FAIL]
      Shouldly.ShouldAssertException : result.Status
          should be
      AggregateReconstructionStatus.Succeeded
          but was
      AggregateReconstructionStatus.Failed
      Stack Trace:
        tests/Hexalith.EventStore.Server.Tests/Events/DaprLogicalReconstructionTests.cs(132,0): at Hexalith.EventStore.Server.Tests.Events.DaprLogicalReconstructionTests.AddressedReconstructorReturnsOnlyExactFinalState(Int32 events, Int64 target, Int32 value)
           at System.Runtime.ExceptionServices.ExceptionDispatchInfo.Throw()
        tests/Hexalith.EventStore.Server.Tests/Events/DaprLogicalReconstructionTests.cs(140,0): at Hexalith.EventStore.Server.Tests.Events.DaprLogicalReconstructionTests.AddressedReconstructorReturnsOnlyExactFinalState(Int32 events, Int64 target, Int32 value)
           at System.Runtime.ExceptionServices.ExceptionDispatchInfo.Throw()
           at System.Runtime.CompilerServices.TaskAwaiter.ThrowForNonSuccess(Task task)
           at System.Runtime.CompilerServices.TaskAwaiter.HandleNonSuccessAndDebuggerNotification(Task task, ConfigureAwaitOptions options)
        --- End of stack trace from previous location ---
           at System.Runtime.ExceptionServices.ExceptionDispatchInfo.Throw()
           at System.Runtime.CompilerServices.TaskAwaiter.ThrowForNonSuccess(Task task)
           at System.Runtime.CompilerServices.TaskAwaiter.HandleNonSuccessAndDebuggerNotification(Task task, ConfigureAwaitOptions options)
    Hexalith.EventStore.Server.Tests.Events.DaprLogicalReconstructionTests.AddressedReconstructorReturnsOnlyExactFinalState(events: 3, target: 2, value: 2) [FAIL]
      Shouldly.ShouldAssertException : result.Status
          should be
      AggregateReconstructionStatus.Succeeded
          but was
      AggregateReconstructionStatus.Failed
      Stack Trace:
        tests/Hexalith.EventStore.Server.Tests/Events/DaprLogicalReconstructionTests.cs(132,0): at Hexalith.EventStore.Server.Tests.Events.DaprLogicalReconstructionTests.AddressedReconstructorReturnsOnlyExactFinalState(Int32 events, Int64 target, Int32 value)
           at System.Runtime.ExceptionServices.ExceptionDispatchInfo.Throw()
        tests/Hexalith.EventStore.Server.Tests/Events/DaprLogicalReconstructionTests.cs(140,0): at Hexalith.EventStore.Server.Tests.Events.DaprLogicalReconstructionTests.AddressedReconstructorReturnsOnlyExactFinalState(Int32 events, Int64 target, Int32 value)
           at System.Runtime.ExceptionServices.ExceptionDispatchInfo.Throw()
           at System.Runtime.CompilerServices.TaskAwaiter.ThrowForNonSuccess(Task task)
           at System.Runtime.CompilerServices.TaskAwaiter.HandleNonSuccessAndDebuggerNotification(Task task, ConfigureAwaitOptions options)
        --- End of stack trace from previous location ---
           at System.Runtime.ExceptionServices.ExceptionDispatchInfo.Throw()
           at System.Runtime.CompilerServices.TaskAwaiter.ThrowForNonSuccess(Task task)
           at System.Runtime.CompilerServices.TaskAwaiter.HandleNonSuccessAndDebuggerNotification(Task task, ConfigureAwaitOptions options)
    Hexalith.EventStore.Server.Tests.Events.DaprLogicalReconstructionTests.AddressedReconstructorReturnsOnlyExactFinalState(events: 3, target: 3, value: 3) [FAIL]
      Shouldly.ShouldAssertException : result.Status
          should be
      AggregateReconstructionStatus.Succeeded
          but was
      AggregateReconstructionStatus.Failed
      Stack Trace:
        tests/Hexalith.EventStore.Server.Tests/Events/DaprLogicalReconstructionTests.cs(132,0): at Hexalith.EventStore.Server.Tests.Events.DaprLogicalReconstructionTests.AddressedReconstructorReturnsOnlyExactFinalState(Int32 events, Int64 target, Int32 value)
           at System.Runtime.ExceptionServices.ExceptionDispatchInfo.Throw()
        tests/Hexalith.EventStore.Server.Tests/Events/DaprLogicalReconstructionTests.cs(140,0): at Hexalith.EventStore.Server.Tests.Events.DaprLogicalReconstructionTests.AddressedReconstructorReturnsOnlyExactFinalState(Int32 events, Int64 target, Int32 value)
           at System.Runtime.ExceptionServices.ExceptionDispatchInfo.Throw()
           at System.Runtime.CompilerServices.TaskAwaiter.ThrowForNonSuccess(Task task)
           at System.Runtime.CompilerServices.TaskAwaiter.HandleNonSuccessAndDebuggerNotification(Task task, ConfigureAwaitOptions options)
        --- End of stack trace from previous location ---
           at System.Runtime.ExceptionServices.ExceptionDispatchInfo.Throw()
           at System.Runtime.CompilerServices.TaskAwaiter.ThrowForNonSuccess(Task task)
           at System.Runtime.CompilerServices.TaskAwaiter.HandleNonSuccessAndDebuggerNotification(Task task, ConfigureAwaitOptions options)
    Hexalith.EventStore.Server.Tests.Events.DaprLogicalReconstructionTests.BeginPostSaveLossPreservesExactInitialParticipants(loss: "cancel") [FAIL]
      System.ArgumentException : A B32 field must contain exactly 32 bytes. (Parameter 'value')
      Stack Trace:
        src/Hexalith.EventStore.Client/Events/EventEvolutionBinaryWriter.cs(66,0): at Hexalith.EventStore.Client.Events.EventEvolutionBinaryWriter.WriteHash(ReadOnlySpan`1 value)
        src/Hexalith.EventStore.Client/Events/DaprLogicalReplayCommitmentCodec.cs(138,0): at Hexalith.EventStore.Client.Events.DaprLogicalReplayCommitmentCodec.OptionalHash(EventEvolutionBinaryWriter writer, Nullable`1 value)
        src/Hexalith.EventStore.Client/Events/DaprLogicalReplayCommitmentCodec.cs(78,0): at Hexalith.EventStore.Client.Events.DaprLogicalReplayCommitmentCodec.TranscriptGenesis(String tenant, String operation, ReadOnlyMemory`1 source, ReadOnlyMemory`1 registry, Nullable`1 binding, Nullable`1 state, Nullable`1 command, EventBufferBudget budget)
        src/Hexalith.EventStore.Server/Events/DaprReplayOperationOwner.cs(324,0): at Hexalith.EventStore.Server.Events.DaprReplayOperationOwner.BeginAsync(DaprLogicalReplaySource source, DaprLogicalSourceBinding binding, DaprLogicalClaimTrust trust, String ownerId, Nullable`1 takeoverGeneration, CancellationToken cancellationToken)
        tests/Hexalith.EventStore.Server.Tests/Events/DaprLogicalReconstructionTests.cs(224,0): at Hexalith.EventStore.Server.Tests.Events.DaprLogicalReconstructionTests.BeginPostSaveLossPreservesExactInitialParticipants(String loss)
        tests/Hexalith.EventStore.Server.Tests/Events/DaprLogicalReconstructionTests.cs(229,0): at Hexalith.EventStore.Server.Tests.Events.DaprLogicalReconstructionTests.BeginPostSaveLossPreservesExactInitialParticipants(String loss)
        --- End of stack trace from previous location ---
    Hexalith.EventStore.Server.Tests.Events.DaprLogicalReconstructionTests.BeginPostSaveLossPreservesExactInitialParticipants(loss: "source") [FAIL]
      System.ArgumentException : A B32 field must contain exactly 32 bytes. (Parameter 'value')
      Stack Trace:
        src/Hexalith.EventStore.Client/Events/EventEvolutionBinaryWriter.cs(66,0): at Hexalith.EventStore.Client.Events.EventEvolutionBinaryWriter.WriteHash(ReadOnlySpan`1 value)
        src/Hexalith.EventStore.Client/Events/DaprLogicalReplayCommitmentCodec.cs(138,0): at Hexalith.EventStore.Client.Events.DaprLogicalReplayCommitmentCodec.OptionalHash(EventEvolutionBinaryWriter writer, Nullable`1 value)
        src/Hexalith.EventStore.Client/Events/DaprLogicalReplayCommitmentCodec.cs(78,0): at Hexalith.EventStore.Client.Events.DaprLogicalReplayCommitmentCodec.TranscriptGenesis(String tenant, String operation, ReadOnlyMemory`1 source, ReadOnlyMemory`1 registry, Nullable`1 binding, Nullable`1 state, Nullable`1 command, EventBufferBudget budget)
        src/Hexalith.EventStore.Server/Events/DaprReplayOperationOwner.cs(324,0): at Hexalith.EventStore.Server.Events.DaprReplayOperationOwner.BeginAsync(DaprLogicalReplaySource source, DaprLogicalSourceBinding binding, DaprLogicalClaimTrust trust, String ownerId, Nullable`1 takeoverGeneration, CancellationToken cancellationToken)
        tests/Hexalith.EventStore.Server.Tests/Events/DaprLogicalReconstructionTests.cs(224,0): at Hexalith.EventStore.Server.Tests.Events.DaprLogicalReconstructionTests.BeginPostSaveLossPreservesExactInitialParticipants(String loss)
        tests/Hexalith.EventStore.Server.Tests/Events/DaprLogicalReconstructionTests.cs(229,0): at Hexalith.EventStore.Server.Tests.Events.DaprLogicalReconstructionTests.BeginPostSaveLossPreservesExactInitialParticipants(String loss)
        --- End of stack trace from previous location ---
    Hexalith.EventStore.Server.Tests.Events.DaprLogicalReconstructionTests.BeginPostSaveLossPreservesExactInitialParticipants(loss: "trust") [FAIL]
      System.ArgumentException : A B32 field must contain exactly 32 bytes. (Parameter 'value')
      Stack Trace:
        src/Hexalith.EventStore.Client/Events/EventEvolutionBinaryWriter.cs(66,0): at Hexalith.EventStore.Client.Events.EventEvolutionBinaryWriter.WriteHash(ReadOnlySpan`1 value)
        src/Hexalith.EventStore.Client/Events/DaprLogicalReplayCommitmentCodec.cs(138,0): at Hexalith.EventStore.Client.Events.DaprLogicalReplayCommitmentCodec.OptionalHash(EventEvolutionBinaryWriter writer, Nullable`1 value)
        src/Hexalith.EventStore.Client/Events/DaprLogicalReplayCommitmentCodec.cs(78,0): at Hexalith.EventStore.Client.Events.DaprLogicalReplayCommitmentCodec.TranscriptGenesis(String tenant, String operation, ReadOnlyMemory`1 source, ReadOnlyMemory`1 registry, Nullable`1 binding, Nullable`1 state, Nullable`1 command, EventBufferBudget budget)
        src/Hexalith.EventStore.Server/Events/DaprReplayOperationOwner.cs(324,0): at Hexalith.EventStore.Server.Events.DaprReplayOperationOwner.BeginAsync(DaprLogicalReplaySource source, DaprLogicalSourceBinding binding, DaprLogicalClaimTrust trust, String ownerId, Nullable`1 takeoverGeneration, CancellationToken cancellationToken)
        tests/Hexalith.EventStore.Server.Tests/Events/DaprLogicalReconstructionTests.cs(224,0): at Hexalith.EventStore.Server.Tests.Events.DaprLogicalReconstructionTests.BeginPostSaveLossPreservesExactInitialParticipants(String loss)
        tests/Hexalith.EventStore.Server.Tests/Events/DaprLogicalReconstructionTests.cs(229,0): at Hexalith.EventStore.Server.Tests.Events.DaprLogicalReconstructionTests.BeginPostSaveLossPreservesExactInitialParticipants(String loss)
        --- End of stack trace from previous location ---
    Hexalith.EventStore.Server.Tests.Events.DaprLogicalReconstructionTests.BeginPostSaveLossPreservesExactInitialParticipants(loss: "loss") [FAIL]
      System.ArgumentException : A B32 field must contain exactly 32 bytes. (Parameter 'value')
      Stack Trace:
        src/Hexalith.EventStore.Client/Events/EventEvolutionBinaryWriter.cs(66,0): at Hexalith.EventStore.Client.Events.EventEvolutionBinaryWriter.WriteHash(ReadOnlySpan`1 value)
        src/Hexalith.EventStore.Client/Events/DaprLogicalReplayCommitmentCodec.cs(138,0): at Hexalith.EventStore.Client.Events.DaprLogicalReplayCommitmentCodec.OptionalHash(EventEvolutionBinaryWriter writer, Nullable`1 value)
        src/Hexalith.EventStore.Client/Events/DaprLogicalReplayCommitmentCodec.cs(78,0): at Hexalith.EventStore.Client.Events.DaprLogicalReplayCommitmentCodec.TranscriptGenesis(String tenant, String operation, ReadOnlyMemory`1 source, ReadOnlyMemory`1 registry, Nullable`1 binding, Nullable`1 state, Nullable`1 command, EventBufferBudget budget)
        src/Hexalith.EventStore.Server/Events/DaprReplayOperationOwner.cs(324,0): at Hexalith.EventStore.Server.Events.DaprReplayOperationOwner.BeginAsync(DaprLogicalReplaySource source, DaprLogicalSourceBinding binding, DaprLogicalClaimTrust trust, String ownerId, Nullable`1 takeoverGeneration, CancellationToken cancellationToken)
        tests/Hexalith.EventStore.Server.Tests/Events/DaprLogicalReconstructionTests.cs(224,0): at Hexalith.EventStore.Server.Tests.Events.DaprLogicalReconstructionTests.BeginPostSaveLossPreservesExactInitialParticipants(String loss)
        tests/Hexalith.EventStore.Server.Tests/Events/DaprLogicalReconstructionTests.cs(229,0): at Hexalith.EventStore.Server.Tests.Events.DaprLogicalReconstructionTests.BeginPostSaveLossPreservesExactInitialParticipants(String loss)
        --- End of stack trace from previous location ---
    Hexalith.EventStore.Server.Tests.Events.DaprLogicalReconstructionTests.PostSaveLossPreservesProvenCanonicalTruthAndWithholdsResponse(loss: "cancel") [FAIL]
      System.ArgumentException : A B32 field must contain exactly 32 bytes. (Parameter 'value')
      Stack Trace:
        src/Hexalith.EventStore.Client/Events/EventEvolutionBinaryWriter.cs(66,0): at Hexalith.EventStore.Client.Events.EventEvolutionBinaryWriter.WriteHash(ReadOnlySpan`1 value)
        src/Hexalith.EventStore.Client/Events/DaprLogicalReplayCommitmentCodec.cs(138,0): at Hexalith.EventStore.Client.Events.DaprLogicalReplayCommitmentCodec.OptionalHash(EventEvolutionBinaryWriter writer, Nullable`1 value)
        src/Hexalith.EventStore.Client/Events/DaprLogicalReplayCommitmentCodec.cs(78,0): at Hexalith.EventStore.Client.Events.DaprLogicalReplayCommitmentCodec.TranscriptGenesis(String tenant, String operation, ReadOnlyMemory`1 source, ReadOnlyMemory`1 registry, Nullable`1 binding, Nullable`1 state, Nullable`1 command, EventBufferBudget budget)
        src/Hexalith.EventStore.Server/Events/DaprReplayOperationOwner.cs(324,0): at Hexalith.EventStore.Server.Events.DaprReplayOperationOwner.BeginAsync(DaprLogicalReplaySource source, DaprLogicalSourceBinding binding, DaprLogicalClaimTrust trust, String ownerId, Nullable`1 takeoverGeneration, CancellationToken cancellationToken)
        tests/Hexalith.EventStore.Server.Tests/Events/DaprLogicalReconstructionTests.cs(590,0): at Hexalith.EventStore.Server.Tests.Events.DaprLogicalReconstructionTests.Begin(DaprLogicalReconstructionFixture fixture)
        tests/Hexalith.EventStore.Server.Tests/Events/DaprLogicalReconstructionTests.cs(202,0): at Hexalith.EventStore.Server.Tests.Events.DaprLogicalReconstructionTests.PostSaveLossPreservesProvenCanonicalTruthAndWithholdsResponse(String loss)
        tests/Hexalith.EventStore.Server.Tests/Events/DaprLogicalReconstructionTests.cs(210,0): at Hexalith.EventStore.Server.Tests.Events.DaprLogicalReconstructionTests.PostSaveLossPreservesProvenCanonicalTruthAndWithholdsResponse(String loss)
        --- End of stack trace from previous location ---
    Hexalith.EventStore.Server.Tests.Events.DaprLogicalReconstructionTests.PostSaveLossPreservesProvenCanonicalTruthAndWithholdsResponse(loss: "source") [FAIL]
      System.ArgumentException : A B32 field must contain exactly 32 bytes. (Parameter 'value')
      Stack Trace:
        src/Hexalith.EventStore.Client/Events/EventEvolutionBinaryWriter.cs(66,0): at Hexalith.EventStore.Client.Events.EventEvolutionBinaryWriter.WriteHash(ReadOnlySpan`1 value)
        src/Hexalith.EventStore.Client/Events/DaprLogicalReplayCommitmentCodec.cs(138,0): at Hexalith.EventStore.Client.Events.DaprLogicalReplayCommitmentCodec.OptionalHash(EventEvolutionBinaryWriter writer, Nullable`1 value)
        src/Hexalith.EventStore.Client/Events/DaprLogicalReplayCommitmentCodec.cs(78,0): at Hexalith.EventStore.Client.Events.DaprLogicalReplayCommitmentCodec.TranscriptGenesis(String tenant, String operation, ReadOnlyMemory`1 source, ReadOnlyMemory`1 registry, Nullable`1 binding, Nullable`1 state, Nullable`1 command, EventBufferBudget budget)
        src/Hexalith.EventStore.Server/Events/DaprReplayOperationOwner.cs(324,0): at Hexalith.EventStore.Server.Events.DaprReplayOperationOwner.BeginAsync(DaprLogicalReplaySource source, DaprLogicalSourceBinding binding, DaprLogicalClaimTrust trust, String ownerId, Nullable`1 takeoverGeneration, CancellationToken cancellationToken)
        tests/Hexalith.EventStore.Server.Tests/Events/DaprLogicalReconstructionTests.cs(590,0): at Hexalith.EventStore.Server.Tests.Events.DaprLogicalReconstructionTests.Begin(DaprLogicalReconstructionFixture fixture)
        tests/Hexalith.EventStore.Server.Tests/Events/DaprLogicalReconstructionTests.cs(202,0): at Hexalith.EventStore.Server.Tests.Events.DaprLogicalReconstructionTests.PostSaveLossPreservesProvenCanonicalTruthAndWithholdsResponse(String loss)
        tests/Hexalith.EventStore.Server.Tests/Events/DaprLogicalReconstructionTests.cs(210,0): at Hexalith.EventStore.Server.Tests.Events.DaprLogicalReconstructionTests.PostSaveLossPreservesProvenCanonicalTruthAndWithholdsResponse(String loss)
        --- End of stack trace from previous location ---
    Hexalith.EventStore.Server.Tests.Events.DaprLogicalReconstructionTests.PostSaveLossPreservesProvenCanonicalTruthAndWithholdsResponse(loss: "trust") [FAIL]
      System.ArgumentException : A B32 field must contain exactly 32 bytes. (Parameter 'value')
      Stack Trace:
        src/Hexalith.EventStore.Client/Events/EventEvolutionBinaryWriter.cs(66,0): at Hexalith.EventStore.Client.Events.EventEvolutionBinaryWriter.WriteHash(ReadOnlySpan`1 value)
        src/Hexalith.EventStore.Client/Events/DaprLogicalReplayCommitmentCodec.cs(138,0): at Hexalith.EventStore.Client.Events.DaprLogicalReplayCommitmentCodec.OptionalHash(EventEvolutionBinaryWriter writer, Nullable`1 value)
        src/Hexalith.EventStore.Client/Events/DaprLogicalReplayCommitmentCodec.cs(78,0): at Hexalith.EventStore.Client.Events.DaprLogicalReplayCommitmentCodec.TranscriptGenesis(String tenant, String operation, ReadOnlyMemory`1 source, ReadOnlyMemory`1 registry, Nullable`1 binding, Nullable`1 state, Nullable`1 command, EventBufferBudget budget)
        src/Hexalith.EventStore.Server/Events/DaprReplayOperationOwner.cs(324,0): at Hexalith.EventStore.Server.Events.DaprReplayOperationOwner.BeginAsync(DaprLogicalReplaySource source, DaprLogicalSourceBinding binding, DaprLogicalClaimTrust trust, String ownerId, Nullable`1 takeoverGeneration, CancellationToken cancellationToken)
        tests/Hexalith.EventStore.Server.Tests/Events/DaprLogicalReconstructionTests.cs(590,0): at Hexalith.EventStore.Server.Tests.Events.DaprLogicalReconstructionTests.Begin(DaprLogicalReconstructionFixture fixture)
        tests/Hexalith.EventStore.Server.Tests/Events/DaprLogicalReconstructionTests.cs(202,0): at Hexalith.EventStore.Server.Tests.Events.DaprLogicalReconstructionTests.PostSaveLossPreservesProvenCanonicalTruthAndWithholdsResponse(String loss)
        tests/Hexalith.EventStore.Server.Tests/Events/DaprLogicalReconstructionTests.cs(210,0): at Hexalith.EventStore.Server.Tests.Events.DaprLogicalReconstructionTests.PostSaveLossPreservesProvenCanonicalTruthAndWithholdsResponse(String loss)
        --- End of stack trace from previous location ---
    Hexalith.EventStore.Server.Tests.Events.DaprLogicalReconstructionTests.PostSaveLossPreservesProvenCanonicalTruthAndWithholdsResponse(loss: "loss") [FAIL]
      System.ArgumentException : A B32 field must contain exactly 32 bytes. (Parameter 'value')
      Stack Trace:
        src/Hexalith.EventStore.Client/Events/EventEvolutionBinaryWriter.cs(66,0): at Hexalith.EventStore.Client.Events.EventEvolutionBinaryWriter.WriteHash(ReadOnlySpan`1 value)
        src/Hexalith.EventStore.Client/Events/DaprLogicalReplayCommitmentCodec.cs(138,0): at Hexalith.EventStore.Client.Events.DaprLogicalReplayCommitmentCodec.OptionalHash(EventEvolutionBinaryWriter writer, Nullable`1 value)
        src/Hexalith.EventStore.Client/Events/DaprLogicalReplayCommitmentCodec.cs(78,0): at Hexalith.EventStore.Client.Events.DaprLogicalReplayCommitmentCodec.TranscriptGenesis(String tenant, String operation, ReadOnlyMemory`1 source, ReadOnlyMemory`1 registry, Nullable`1 binding, Nullable`1 state, Nullable`1 command, EventBufferBudget budget)
        src/Hexalith.EventStore.Server/Events/DaprReplayOperationOwner.cs(324,0): at Hexalith.EventStore.Server.Events.DaprReplayOperationOwner.BeginAsync(DaprLogicalReplaySource source, DaprLogicalSourceBinding binding, DaprLogicalClaimTrust trust, String ownerId, Nullable`1 takeoverGeneration, CancellationToken cancellationToken)
        tests/Hexalith.EventStore.Server.Tests/Events/DaprLogicalReconstructionTests.cs(590,0): at Hexalith.EventStore.Server.Tests.Events.DaprLogicalReconstructionTests.Begin(DaprLogicalReconstructionFixture fixture)
        tests/Hexalith.EventStore.Server.Tests/Events/DaprLogicalReconstructionTests.cs(202,0): at Hexalith.EventStore.Server.Tests.Events.DaprLogicalReconstructionTests.PostSaveLossPreservesProvenCanonicalTruthAndWithholdsResponse(String loss)
        tests/Hexalith.EventStore.Server.Tests/Events/DaprLogicalReconstructionTests.cs(210,0): at Hexalith.EventStore.Server.Tests.Events.DaprLogicalReconstructionTests.PostSaveLossPreservesProvenCanonicalTruthAndWithholdsResponse(String loss)
        --- End of stack trace from previous location ---
    Hexalith.EventStore.Server.Tests.Events.DaprLogicalReconstructionTests.EventCallbackLossStopsBeforeAnyLaterCandidateApplyOrTransition(deserialize: False, loss: "source") [FAIL]
      System.ArgumentException : A B32 field must contain exactly 32 bytes. (Parameter 'value')
      Stack Trace:
        src/Hexalith.EventStore.Client/Events/EventEvolutionBinaryWriter.cs(66,0): at Hexalith.EventStore.Client.Events.EventEvolutionBinaryWriter.WriteHash(ReadOnlySpan`1 value)
        src/Hexalith.EventStore.Client/Events/DaprLogicalReplayCommitmentCodec.cs(138,0): at Hexalith.EventStore.Client.Events.DaprLogicalReplayCommitmentCodec.OptionalHash(EventEvolutionBinaryWriter writer, Nullable`1 value)
        src/Hexalith.EventStore.Client/Events/DaprLogicalReplayCommitmentCodec.cs(78,0): at Hexalith.EventStore.Client.Events.DaprLogicalReplayCommitmentCodec.TranscriptGenesis(String tenant, String operation, ReadOnlyMemory`1 source, ReadOnlyMemory`1 registry, Nullable`1 binding, Nullable`1 state, Nullable`1 command, EventBufferBudget budget)
        src/Hexalith.EventStore.Server/Events/DaprReplayOperationOwner.cs(324,0): at Hexalith.EventStore.Server.Events.DaprReplayOperationOwner.BeginAsync(DaprLogicalReplaySource source, DaprLogicalSourceBinding binding, DaprLogicalClaimTrust trust, String ownerId, Nullable`1 takeoverGeneration, CancellationToken cancellationToken)
        tests/Hexalith.EventStore.Server.Tests/Events/DaprLogicalReconstructionTests.cs(590,0): at Hexalith.EventStore.Server.Tests.Events.DaprLogicalReconstructionTests.Begin(DaprLogicalReconstructionFixture fixture)
        tests/Hexalith.EventStore.Server.Tests/Events/DaprLogicalReconstructionTests.cs(484,0): at Hexalith.EventStore.Server.Tests.Events.DaprLogicalReconstructionTests.EventCallbackLossStopsBeforeAnyLaterCandidateApplyOrTransition(Boolean deserialize, String loss)
        tests/Hexalith.EventStore.Server.Tests/Events/DaprLogicalReconstructionTests.cs(511,0): at Hexalith.EventStore.Server.Tests.Events.DaprLogicalReconstructionTests.EventCallbackLossStopsBeforeAnyLaterCandidateApplyOrTransition(Boolean deserialize, String loss)
        --- End of stack trace from previous location ---
    Hexalith.EventStore.Server.Tests.Events.DaprLogicalReconstructionTests.EventCallbackLossStopsBeforeAnyLaterCandidateApplyOrTransition(deserialize: False, loss: "trust") [FAIL]
      System.ArgumentException : A B32 field must contain exactly 32 bytes. (Parameter 'value')
      Stack Trace:
        src/Hexalith.EventStore.Client/Events/EventEvolutionBinaryWriter.cs(66,0): at Hexalith.EventStore.Client.Events.EventEvolutionBinaryWriter.WriteHash(ReadOnlySpan`1 value)
        src/Hexalith.EventStore.Client/Events/DaprLogicalReplayCommitmentCodec.cs(138,0): at Hexalith.EventStore.Client.Events.DaprLogicalReplayCommitmentCodec.OptionalHash(EventEvolutionBinaryWriter writer, Nullable`1 value)
        src/Hexalith.EventStore.Client/Events/DaprLogicalReplayCommitmentCodec.cs(78,0): at Hexalith.EventStore.Client.Events.DaprLogicalReplayCommitmentCodec.TranscriptGenesis(String tenant, String operation, ReadOnlyMemory`1 source, ReadOnlyMemory`1 registry, Nullable`1 binding, Nullable`1 state, Nullable`1 command, EventBufferBudget budget)
        src/Hexalith.EventStore.Server/Events/DaprReplayOperationOwner.cs(324,0): at Hexalith.EventStore.Server.Events.DaprReplayOperationOwner.BeginAsync(DaprLogicalReplaySource source, DaprLogicalSourceBinding binding, DaprLogicalClaimTrust trust, String ownerId, Nullable`1 takeoverGeneration, CancellationToken cancellationToken)
        tests/Hexalith.EventStore.Server.Tests/Events/DaprLogicalReconstructionTests.cs(590,0): at Hexalith.EventStore.Server.Tests.Events.DaprLogicalReconstructionTests.Begin(DaprLogicalReconstructionFixture fixture)
        tests/Hexalith.EventStore.Server.Tests/Events/DaprLogicalReconstructionTests.cs(484,0): at Hexalith.EventStore.Server.Tests.Events.DaprLogicalReconstructionTests.EventCallbackLossStopsBeforeAnyLaterCandidateApplyOrTransition(Boolean deserialize, String loss)
        tests/Hexalith.EventStore.Server.Tests/Events/DaprLogicalReconstructionTests.cs(511,0): at Hexalith.EventStore.Server.Tests.Events.DaprLogicalReconstructionTests.EventCallbackLossStopsBeforeAnyLaterCandidateApplyOrTransition(Boolean deserialize, String loss)
        --- End of stack trace from previous location ---
    Hexalith.EventStore.Server.Tests.Events.DaprLogicalReconstructionTests.EventCallbackLossStopsBeforeAnyLaterCandidateApplyOrTransition(deserialize: False, loss: "loss") [FAIL]
      System.ArgumentException : A B32 field must contain exactly 32 bytes. (Parameter 'value')
      Stack Trace:
        src/Hexalith.EventStore.Client/Events/EventEvolutionBinaryWriter.cs(66,0): at Hexalith.EventStore.Client.Events.EventEvolutionBinaryWriter.WriteHash(ReadOnlySpan`1 value)
        src/Hexalith.EventStore.Client/Events/DaprLogicalReplayCommitmentCodec.cs(138,0): at Hexalith.EventStore.Client.Events.DaprLogicalReplayCommitmentCodec.OptionalHash(EventEvolutionBinaryWriter writer, Nullable`1 value)
        src/Hexalith.EventStore.Client/Events/DaprLogicalReplayCommitmentCodec.cs(78,0): at Hexalith.EventStore.Client.Events.DaprLogicalReplayCommitmentCodec.TranscriptGenesis(String tenant, String operation, ReadOnlyMemory`1 source, ReadOnlyMemory`1 registry, Nullable`1 binding, Nullable`1 state, Nullable`1 command, EventBufferBudget budget)
        src/Hexalith.EventStore.Server/Events/DaprReplayOperationOwner.cs(324,0): at Hexalith.EventStore.Server.Events.DaprReplayOperationOwner.BeginAsync(DaprLogicalReplaySource source, DaprLogicalSourceBinding binding, DaprLogicalClaimTrust trust, String ownerId, Nullable`1 takeoverGeneration, CancellationToken cancellationToken)
        tests/Hexalith.EventStore.Server.Tests/Events/DaprLogicalReconstructionTests.cs(590,0): at Hexalith.EventStore.Server.Tests.Events.DaprLogicalReconstructionTests.Begin(DaprLogicalReconstructionFixture fixture)
        tests/Hexalith.EventStore.Server.Tests/Events/DaprLogicalReconstructionTests.cs(484,0): at Hexalith.EventStore.Server.Tests.Events.DaprLogicalReconstructionTests.EventCallbackLossStopsBeforeAnyLaterCandidateApplyOrTransition(Boolean deserialize, String loss)
        tests/Hexalith.EventStore.Server.Tests/Events/DaprLogicalReconstructionTests.cs(511,0): at Hexalith.EventStore.Server.Tests.Events.DaprLogicalReconstructionTests.EventCallbackLossStopsBeforeAnyLaterCandidateApplyOrTransition(Boolean deserialize, String loss)
        --- End of stack trace from previous location ---
    Hexalith.EventStore.Server.Tests.Events.DaprLogicalReconstructionTests.EventCallbackLossStopsBeforeAnyLaterCandidateApplyOrTransition(deserialize: True, loss: "source") [FAIL]
      System.ArgumentException : A B32 field must contain exactly 32 bytes. (Parameter 'value')
      Stack Trace:
        src/Hexalith.EventStore.Client/Events/EventEvolutionBinaryWriter.cs(66,0): at Hexalith.EventStore.Client.Events.EventEvolutionBinaryWriter.WriteHash(ReadOnlySpan`1 value)
        src/Hexalith.EventStore.Client/Events/DaprLogicalReplayCommitmentCodec.cs(138,0): at Hexalith.EventStore.Client.Events.DaprLogicalReplayCommitmentCodec.OptionalHash(EventEvolutionBinaryWriter writer, Nullable`1 value)
        src/Hexalith.EventStore.Client/Events/DaprLogicalReplayCommitmentCodec.cs(78,0): at Hexalith.EventStore.Client.Events.DaprLogicalReplayCommitmentCodec.TranscriptGenesis(String tenant, String operation, ReadOnlyMemory`1 source, ReadOnlyMemory`1 registry, Nullable`1 binding, Nullable`1 state, Nullable`1 command, EventBufferBudget budget)
        src/Hexalith.EventStore.Server/Events/DaprReplayOperationOwner.cs(324,0): at Hexalith.EventStore.Server.Events.DaprReplayOperationOwner.BeginAsync(DaprLogicalReplaySource source, DaprLogicalSourceBinding binding, DaprLogicalClaimTrust trust, String ownerId, Nullable`1 takeoverGeneration, CancellationToken cancellationToken)
        tests/Hexalith.EventStore.Server.Tests/Events/DaprLogicalReconstructionTests.cs(590,0): at Hexalith.EventStore.Server.Tests.Events.DaprLogicalReconstructionTests.Begin(DaprLogicalReconstructionFixture fixture)
        tests/Hexalith.EventStore.Server.Tests/Events/DaprLogicalReconstructionTests.cs(484,0): at Hexalith.EventStore.Server.Tests.Events.DaprLogicalReconstructionTests.EventCallbackLossStopsBeforeAnyLaterCandidateApplyOrTransition(Boolean deserialize, String loss)
        tests/Hexalith.EventStore.Server.Tests/Events/DaprLogicalReconstructionTests.cs(511,0): at Hexalith.EventStore.Server.Tests.Events.DaprLogicalReconstructionTests.EventCallbackLossStopsBeforeAnyLaterCandidateApplyOrTransition(Boolean deserialize, String loss)
        --- End of stack trace from previous location ---
    Hexalith.EventStore.Server.Tests.Events.DaprLogicalReconstructionTests.EventCallbackLossStopsBeforeAnyLaterCandidateApplyOrTransition(deserialize: True, loss: "trust") [FAIL]
      System.ArgumentException : A B32 field must contain exactly 32 bytes. (Parameter 'value')
      Stack Trace:
        src/Hexalith.EventStore.Client/Events/EventEvolutionBinaryWriter.cs(66,0): at Hexalith.EventStore.Client.Events.EventEvolutionBinaryWriter.WriteHash(ReadOnlySpan`1 value)
        src/Hexalith.EventStore.Client/Events/DaprLogicalReplayCommitmentCodec.cs(138,0): at Hexalith.EventStore.Client.Events.DaprLogicalReplayCommitmentCodec.OptionalHash(EventEvolutionBinaryWriter writer, Nullable`1 value)
        src/Hexalith.EventStore.Client/Events/DaprLogicalReplayCommitmentCodec.cs(78,0): at Hexalith.EventStore.Client.Events.DaprLogicalReplayCommitmentCodec.TranscriptGenesis(String tenant, String operation, ReadOnlyMemory`1 source, ReadOnlyMemory`1 registry, Nullable`1 binding, Nullable`1 state, Nullable`1 command, EventBufferBudget budget)
        src/Hexalith.EventStore.Server/Events/DaprReplayOperationOwner.cs(324,0): at Hexalith.EventStore.Server.Events.DaprReplayOperationOwner.BeginAsync(DaprLogicalReplaySource source, DaprLogicalSourceBinding binding, DaprLogicalClaimTrust trust, String ownerId, Nullable`1 takeoverGeneration, CancellationToken cancellationToken)
        tests/Hexalith.EventStore.Server.Tests/Events/DaprLogicalReconstructionTests.cs(590,0): at Hexalith.EventStore.Server.Tests.Events.DaprLogicalReconstructionTests.Begin(DaprLogicalReconstructionFixture fixture)
        tests/Hexalith.EventStore.Server.Tests/Events/DaprLogicalReconstructionTests.cs(484,0): at Hexalith.EventStore.Server.Tests.Events.DaprLogicalReconstructionTests.EventCallbackLossStopsBeforeAnyLaterCandidateApplyOrTransition(Boolean deserialize, String loss)
        tests/Hexalith.EventStore.Server.Tests/Events/DaprLogicalReconstructionTests.cs(511,0): at Hexalith.EventStore.Server.Tests.Events.DaprLogicalReconstructionTests.EventCallbackLossStopsBeforeAnyLaterCandidateApplyOrTransition(Boolean deserialize, String loss)
        --- End of stack trace from previous location ---
    Hexalith.EventStore.Server.Tests.Events.DaprLogicalReconstructionTests.EventCallbackLossStopsBeforeAnyLaterCandidateApplyOrTransition(deserialize: True, loss: "loss") [FAIL]
      System.ArgumentException : A B32 field must contain exactly 32 bytes. (Parameter 'value')
      Stack Trace:
        src/Hexalith.EventStore.Client/Events/EventEvolutionBinaryWriter.cs(66,0): at Hexalith.EventStore.Client.Events.EventEvolutionBinaryWriter.WriteHash(ReadOnlySpan`1 value)
        src/Hexalith.EventStore.Client/Events/DaprLogicalReplayCommitmentCodec.cs(138,0): at Hexalith.EventStore.Client.Events.DaprLogicalReplayCommitmentCodec.OptionalHash(EventEvolutionBinaryWriter writer, Nullable`1 value)
        src/Hexalith.EventStore.Client/Events/DaprLogicalReplayCommitmentCodec.cs(78,0): at Hexalith.EventStore.Client.Events.DaprLogicalReplayCommitmentCodec.TranscriptGenesis(String tenant, String operation, ReadOnlyMemory`1 source, ReadOnlyMemory`1 registry, Nullable`1 binding, Nullable`1 state, Nullable`1 command, EventBufferBudget budget)
        src/Hexalith.EventStore.Server/Events/DaprReplayOperationOwner.cs(324,0): at Hexalith.EventStore.Server.Events.DaprReplayOperationOwner.BeginAsync(DaprLogicalReplaySource source, DaprLogicalSourceBinding binding, DaprLogicalClaimTrust trust, String ownerId, Nullable`1 takeoverGeneration, CancellationToken cancellationToken)
        tests/Hexalith.EventStore.Server.Tests/Events/DaprLogicalReconstructionTests.cs(590,0): at Hexalith.EventStore.Server.Tests.Events.DaprLogicalReconstructionTests.Begin(DaprLogicalReconstructionFixture fixture)
        tests/Hexalith.EventStore.Server.Tests/Events/DaprLogicalReconstructionTests.cs(484,0): at Hexalith.EventStore.Server.Tests.Events.DaprLogicalReconstructionTests.EventCallbackLossStopsBeforeAnyLaterCandidateApplyOrTransition(Boolean deserialize, String loss)
        tests/Hexalith.EventStore.Server.Tests/Events/DaprLogicalReconstructionTests.cs(511,0): at Hexalith.EventStore.Server.Tests.Events.DaprLogicalReconstructionTests.EventCallbackLossStopsBeforeAnyLaterCandidateApplyOrTransition(Boolean deserialize, String loss)
        --- End of stack trace from previous location ---
    Hexalith.EventStore.Server.Tests.Events.DaprLogicalReconstructionTests.ProofHeavySingleEventFitsConservativeIntakePartitionBeforeCallbacks [FAIL]
      System.ArgumentException : A B32 field must contain exactly 32 bytes. (Parameter 'value')
      Stack Trace:
        src/Hexalith.EventStore.Client/Events/EventEvolutionBinaryWriter.cs(66,0): at Hexalith.EventStore.Client.Events.EventEvolutionBinaryWriter.WriteHash(ReadOnlySpan`1 value)
        src/Hexalith.EventStore.Client/Events/DaprLogicalReplayCommitmentCodec.cs(138,0): at Hexalith.EventStore.Client.Events.DaprLogicalReplayCommitmentCodec.OptionalHash(EventEvolutionBinaryWriter writer, Nullable`1 value)
        src/Hexalith.EventStore.Client/Events/DaprLogicalReplayCommitmentCodec.cs(78,0): at Hexalith.EventStore.Client.Events.DaprLogicalReplayCommitmentCodec.TranscriptGenesis(String tenant, String operation, ReadOnlyMemory`1 source, ReadOnlyMemory`1 registry, Nullable`1 binding, Nullable`1 state, Nullable`1 command, EventBufferBudget budget)
        src/Hexalith.EventStore.Server/Events/DaprReplayOperationOwner.cs(324,0): at Hexalith.EventStore.Server.Events.DaprReplayOperationOwner.BeginAsync(DaprLogicalReplaySource source, DaprLogicalSourceBinding binding, DaprLogicalClaimTrust trust, String ownerId, Nullable`1 takeoverGeneration, CancellationToken cancellationToken)
        tests/Hexalith.EventStore.Server.Tests/Events/DaprLogicalReconstructionTests.cs(590,0): at Hexalith.EventStore.Server.Tests.Events.DaprLogicalReconstructionTests.Begin(DaprLogicalReconstructionFixture fixture)
        tests/Hexalith.EventStore.Server.Tests/Events/DaprLogicalReconstructionTests.cs(464,0): at Hexalith.EventStore.Server.Tests.Events.DaprLogicalReconstructionTests.ProofHeavySingleEventFitsConservativeIntakePartitionBeforeCallbacks()
        tests/Hexalith.EventStore.Server.Tests/Events/DaprLogicalReconstructionTests.cs(470,0): at Hexalith.EventStore.Server.Tests.Events.DaprLogicalReconstructionTests.ProofHeavySingleEventFitsConservativeIntakePartitionBeforeCallbacks()
        --- End of stack trace from previous location ---
    Hexalith.EventStore.Server.Tests.Events.DaprLogicalReconstructionTests.PageUncertainReadbackRetainsCandidateAndRetriesWithoutApply [FAIL]
      System.ArgumentException : A B32 field must contain exactly 32 bytes. (Parameter 'value')
      Stack Trace:
        src/Hexalith.EventStore.Client/Events/EventEvolutionBinaryWriter.cs(66,0): at Hexalith.EventStore.Client.Events.EventEvolutionBinaryWriter.WriteHash(ReadOnlySpan`1 value)
        src/Hexalith.EventStore.Client/Events/DaprLogicalReplayCommitmentCodec.cs(138,0): at Hexalith.EventStore.Client.Events.DaprLogicalReplayCommitmentCodec.OptionalHash(EventEvolutionBinaryWriter writer, Nullable`1 value)
        src/Hexalith.EventStore.Client/Events/DaprLogicalReplayCommitmentCodec.cs(78,0): at Hexalith.EventStore.Client.Events.DaprLogicalReplayCommitmentCodec.TranscriptGenesis(String tenant, String operation, ReadOnlyMemory`1 source, ReadOnlyMemory`1 registry, Nullable`1 binding, Nullable`1 state, Nullable`1 command, EventBufferBudget budget)
        src/Hexalith.EventStore.Server/Events/DaprReplayOperationOwner.cs(324,0): at Hexalith.EventStore.Server.Events.DaprReplayOperationOwner.BeginAsync(DaprLogicalReplaySource source, DaprLogicalSourceBinding binding, DaprLogicalClaimTrust trust, String ownerId, Nullable`1 takeoverGeneration, CancellationToken cancellationToken)
        tests/Hexalith.EventStore.Server.Tests/Events/DaprLogicalReconstructionTests.cs(590,0): at Hexalith.EventStore.Server.Tests.Events.DaprLogicalReconstructionTests.Begin(DaprLogicalReconstructionFixture fixture)
        tests/Hexalith.EventStore.Server.Tests/Events/DaprLogicalReconstructionTests.cs(537,0): at Hexalith.EventStore.Server.Tests.Events.DaprLogicalReconstructionTests.PageUncertainReadbackRetainsCandidateAndRetriesWithoutApply()
        tests/Hexalith.EventStore.Server.Tests/Events/DaprLogicalReconstructionTests.cs(545,0): at Hexalith.EventStore.Server.Tests.Events.DaprLogicalReconstructionTests.PageUncertainReadbackRetainsCandidateAndRetriesWithoutApply()
        --- End of stack trace from previous location ---
    Hexalith.EventStore.Server.Tests.Events.DaprLogicalReconstructionTests.CompleteReconstructionCapacityShrinksBeforeAnyApplyAndSingleEventFits [FAIL]
      System.ArgumentException : A B32 field must contain exactly 32 bytes. (Parameter 'value')
      Stack Trace:
        src/Hexalith.EventStore.Client/Events/EventEvolutionBinaryWriter.cs(66,0): at Hexalith.EventStore.Client.Events.EventEvolutionBinaryWriter.WriteHash(ReadOnlySpan`1 value)
        src/Hexalith.EventStore.Client/Events/DaprLogicalReplayCommitmentCodec.cs(138,0): at Hexalith.EventStore.Client.Events.DaprLogicalReplayCommitmentCodec.OptionalHash(EventEvolutionBinaryWriter writer, Nullable`1 value)
        src/Hexalith.EventStore.Client/Events/DaprLogicalReplayCommitmentCodec.cs(78,0): at Hexalith.EventStore.Client.Events.DaprLogicalReplayCommitmentCodec.TranscriptGenesis(String tenant, String operation, ReadOnlyMemory`1 source, ReadOnlyMemory`1 registry, Nullable`1 binding, Nullable`1 state, Nullable`1 command, EventBufferBudget budget)
        src/Hexalith.EventStore.Server/Events/DaprReplayOperationOwner.cs(324,0): at Hexalith.EventStore.Server.Events.DaprReplayOperationOwner.BeginAsync(DaprLogicalReplaySource source, DaprLogicalSourceBinding binding, DaprLogicalClaimTrust trust, String ownerId, Nullable`1 takeoverGeneration, CancellationToken cancellationToken)
        tests/Hexalith.EventStore.Server.Tests/Events/DaprLogicalReconstructionTests.cs(590,0): at Hexalith.EventStore.Server.Tests.Events.DaprLogicalReconstructionTests.Begin(DaprLogicalReconstructionFixture fixture)
        tests/Hexalith.EventStore.Server.Tests/Events/DaprLogicalReconstructionTests.cs(432,0): at Hexalith.EventStore.Server.Tests.Events.DaprLogicalReconstructionTests.CompleteReconstructionCapacityShrinksBeforeAnyApplyAndSingleEventFits()
        tests/Hexalith.EventStore.Server.Tests/Events/DaprLogicalReconstructionTests.cs(453,0): at Hexalith.EventStore.Server.Tests.Events.DaprLogicalReconstructionTests.CompleteReconstructionCapacityShrinksBeforeAnyApplyAndSingleEventFits()
        --- End of stack trace from previous location ---
    Hexalith.EventStore.Server.Tests.Events.DaprLogicalReconstructionTests.CallbackLossStopsBeforeAnyLaterCallbackOrTransition(boundary: "read", loss: "cancel") [FAIL]
      System.ArgumentException : A B32 field must contain exactly 32 bytes. (Parameter 'value')
      Stack Trace:
        src/Hexalith.EventStore.Client/Events/EventEvolutionBinaryWriter.cs(66,0): at Hexalith.EventStore.Client.Events.EventEvolutionBinaryWriter.WriteHash(ReadOnlySpan`1 value)
        src/Hexalith.EventStore.Client/Events/DaprLogicalReplayCommitmentCodec.cs(138,0): at Hexalith.EventStore.Client.Events.DaprLogicalReplayCommitmentCodec.OptionalHash(EventEvolutionBinaryWriter writer, Nullable`1 value)
        src/Hexalith.EventStore.Client/Events/DaprLogicalReplayCommitmentCodec.cs(78,0): at Hexalith.EventStore.Client.Events.DaprLogicalReplayCommitmentCodec.TranscriptGenesis(String tenant, String operation, ReadOnlyMemory`1 source, ReadOnlyMemory`1 registry, Nullable`1 binding, Nullable`1 state, Nullable`1 command, EventBufferBudget budget)
        src/Hexalith.EventStore.Server/Events/DaprReplayOperationOwner.cs(324,0): at Hexalith.EventStore.Server.Events.DaprReplayOperationOwner.BeginAsync(DaprLogicalReplaySource source, DaprLogicalSourceBinding binding, DaprLogicalClaimTrust trust, String ownerId, Nullable`1 takeoverGeneration, CancellationToken cancellationToken)
        tests/Hexalith.EventStore.Server.Tests/Events/DaprLogicalReconstructionTests.cs(590,0): at Hexalith.EventStore.Server.Tests.Events.DaprLogicalReconstructionTests.Begin(DaprLogicalReconstructionFixture fixture)
        tests/Hexalith.EventStore.Server.Tests/Events/DaprLogicalReconstructionTests.cs(245,0): at Hexalith.EventStore.Server.Tests.Events.DaprLogicalReconstructionTests.CallbackLossStopsBeforeAnyLaterCallbackOrTransition(String boundary, String loss)
        tests/Hexalith.EventStore.Server.Tests/Events/DaprLogicalReconstructionTests.cs(271,0): at Hexalith.EventStore.Server.Tests.Events.DaprLogicalReconstructionTests.CallbackLossStopsBeforeAnyLaterCallbackOrTransition(String boundary, String loss)
        --- End of stack trace from previous location ---
    Hexalith.EventStore.Server.Tests.Events.DaprLogicalReconstructionTests.CallbackLossStopsBeforeAnyLaterCallbackOrTransition(boundary: "read", loss: "source") [FAIL]
      System.ArgumentException : A B32 field must contain exactly 32 bytes. (Parameter 'value')
      Stack Trace:
        src/Hexalith.EventStore.Client/Events/EventEvolutionBinaryWriter.cs(66,0): at Hexalith.EventStore.Client.Events.EventEvolutionBinaryWriter.WriteHash(ReadOnlySpan`1 value)
        src/Hexalith.EventStore.Client/Events/DaprLogicalReplayCommitmentCodec.cs(138,0): at Hexalith.EventStore.Client.Events.DaprLogicalReplayCommitmentCodec.OptionalHash(EventEvolutionBinaryWriter writer, Nullable`1 value)
        src/Hexalith.EventStore.Client/Events/DaprLogicalReplayCommitmentCodec.cs(78,0): at Hexalith.EventStore.Client.Events.DaprLogicalReplayCommitmentCodec.TranscriptGenesis(String tenant, String operation, ReadOnlyMemory`1 source, ReadOnlyMemory`1 registry, Nullable`1 binding, Nullable`1 state, Nullable`1 command, EventBufferBudget budget)
        src/Hexalith.EventStore.Server/Events/DaprReplayOperationOwner.cs(324,0): at Hexalith.EventStore.Server.Events.DaprReplayOperationOwner.BeginAsync(DaprLogicalReplaySource source, DaprLogicalSourceBinding binding, DaprLogicalClaimTrust trust, String ownerId, Nullable`1 takeoverGeneration, CancellationToken cancellationToken)
        tests/Hexalith.EventStore.Server.Tests/Events/DaprLogicalReconstructionTests.cs(590,0): at Hexalith.EventStore.Server.Tests.Events.DaprLogicalReconstructionTests.Begin(DaprLogicalReconstructionFixture fixture)
        tests/Hexalith.EventStore.Server.Tests/Events/DaprLogicalReconstructionTests.cs(245,0): at Hexalith.EventStore.Server.Tests.Events.DaprLogicalReconstructionTests.CallbackLossStopsBeforeAnyLaterCallbackOrTransition(String boundary, String loss)
        tests/Hexalith.EventStore.Server.Tests/Events/DaprLogicalReconstructionTests.cs(271,0): at Hexalith.EventStore.Server.Tests.Events.DaprLogicalReconstructionTests.CallbackLossStopsBeforeAnyLaterCallbackOrTransition(String boundary, String loss)
        --- End of stack trace from previous location ---
    Hexalith.EventStore.Server.Tests.Events.DaprLogicalReconstructionTests.CallbackLossStopsBeforeAnyLaterCallbackOrTransition(boundary: "read", loss: "trust") [FAIL]
      System.ArgumentException : A B32 field must contain exactly 32 bytes. (Parameter 'value')
      Stack Trace:
        src/Hexalith.EventStore.Client/Events/EventEvolutionBinaryWriter.cs(66,0): at Hexalith.EventStore.Client.Events.EventEvolutionBinaryWriter.WriteHash(ReadOnlySpan`1 value)
        src/Hexalith.EventStore.Client/Events/DaprLogicalReplayCommitmentCodec.cs(138,0): at Hexalith.EventStore.Client.Events.DaprLogicalReplayCommitmentCodec.OptionalHash(EventEvolutionBinaryWriter writer, Nullable`1 value)
        src/Hexalith.EventStore.Client/Events/DaprLogicalReplayCommitmentCodec.cs(78,0): at Hexalith.EventStore.Client.Events.DaprLogicalReplayCommitmentCodec.TranscriptGenesis(String tenant, String operation, ReadOnlyMemory`1 source, ReadOnlyMemory`1 registry, Nullable`1 binding, Nullable`1 state, Nullable`1 command, EventBufferBudget budget)
        src/Hexalith.EventStore.Server/Events/DaprReplayOperationOwner.cs(324,0): at Hexalith.EventStore.Server.Events.DaprReplayOperationOwner.BeginAsync(DaprLogicalReplaySource source, DaprLogicalSourceBinding binding, DaprLogicalClaimTrust trust, String ownerId, Nullable`1 takeoverGeneration, CancellationToken cancellationToken)
        tests/Hexalith.EventStore.Server.Tests/Events/DaprLogicalReconstructionTests.cs(590,0): at Hexalith.EventStore.Server.Tests.Events.DaprLogicalReconstructionTests.Begin(DaprLogicalReconstructionFixture fixture)
        tests/Hexalith.EventStore.Server.Tests/Events/DaprLogicalReconstructionTests.cs(245,0): at Hexalith.EventStore.Server.Tests.Events.DaprLogicalReconstructionTests.CallbackLossStopsBeforeAnyLaterCallbackOrTransition(String boundary, String loss)
        tests/Hexalith.EventStore.Server.Tests/Events/DaprLogicalReconstructionTests.cs(271,0): at Hexalith.EventStore.Server.Tests.Events.DaprLogicalReconstructionTests.CallbackLossStopsBeforeAnyLaterCallbackOrTransition(String boundary, String loss)
        --- End of stack trace from previous location ---
    Hexalith.EventStore.Server.Tests.Events.DaprLogicalReconstructionTests.CallbackLossStopsBeforeAnyLaterCallbackOrTransition(boundary: "apply", loss: "cancel") [FAIL]
      System.ArgumentException : A B32 field must contain exactly 32 bytes. (Parameter 'value')
      Stack Trace:
        src/Hexalith.EventStore.Client/Events/EventEvolutionBinaryWriter.cs(66,0): at Hexalith.EventStore.Client.Events.EventEvolutionBinaryWriter.WriteHash(ReadOnlySpan`1 value)
        src/Hexalith.EventStore.Client/Events/DaprLogicalReplayCommitmentCodec.cs(138,0): at Hexalith.EventStore.Client.Events.DaprLogicalReplayCommitmentCodec.OptionalHash(EventEvolutionBinaryWriter writer, Nullable`1 value)
        src/Hexalith.EventStore.Client/Events/DaprLogicalReplayCommitmentCodec.cs(78,0): at Hexalith.EventStore.Client.Events.DaprLogicalReplayCommitmentCodec.TranscriptGenesis(String tenant, String operation, ReadOnlyMemory`1 source, ReadOnlyMemory`1 registry, Nullable`1 binding, Nullable`1 state, Nullable`1 command, EventBufferBudget budget)
        src/Hexalith.EventStore.Server/Events/DaprReplayOperationOwner.cs(324,0): at Hexalith.EventStore.Server.Events.DaprReplayOperationOwner.BeginAsync(DaprLogicalReplaySource source, DaprLogicalSourceBinding binding, DaprLogicalClaimTrust trust, String ownerId, Nullable`1 takeoverGeneration, CancellationToken cancellationToken)
        tests/Hexalith.EventStore.Server.Tests/Events/DaprLogicalReconstructionTests.cs(590,0): at Hexalith.EventStore.Server.Tests.Events.DaprLogicalReconstructionTests.Begin(DaprLogicalReconstructionFixture fixture)
        tests/Hexalith.EventStore.Server.Tests/Events/DaprLogicalReconstructionTests.cs(245,0): at Hexalith.EventStore.Server.Tests.Events.DaprLogicalReconstructionTests.CallbackLossStopsBeforeAnyLaterCallbackOrTransition(String boundary, String loss)
        tests/Hexalith.EventStore.Server.Tests/Events/DaprLogicalReconstructionTests.cs(271,0): at Hexalith.EventStore.Server.Tests.Events.DaprLogicalReconstructionTests.CallbackLossStopsBeforeAnyLaterCallbackOrTransition(String boundary, String loss)
        --- End of stack trace from previous location ---
    Hexalith.EventStore.Server.Tests.Events.DaprLogicalReconstructionTests.CallbackLossStopsBeforeAnyLaterCallbackOrTransition(boundary: "apply", loss: "source") [FAIL]
      System.ArgumentException : A B32 field must contain exactly 32 bytes. (Parameter 'value')
      Stack Trace:
        src/Hexalith.EventStore.Client/Events/EventEvolutionBinaryWriter.cs(66,0): at Hexalith.EventStore.Client.Events.EventEvolutionBinaryWriter.WriteHash(ReadOnlySpan`1 value)
        src/Hexalith.EventStore.Client/Events/DaprLogicalReplayCommitmentCodec.cs(138,0): at Hexalith.EventStore.Client.Events.DaprLogicalReplayCommitmentCodec.OptionalHash(EventEvolutionBinaryWriter writer, Nullable`1 value)
        src/Hexalith.EventStore.Client/Events/DaprLogicalReplayCommitmentCodec.cs(78,0): at Hexalith.EventStore.Client.Events.DaprLogicalReplayCommitmentCodec.TranscriptGenesis(String tenant, String operation, ReadOnlyMemory`1 source, ReadOnlyMemory`1 registry, Nullable`1 binding, Nullable`1 state, Nullable`1 command, EventBufferBudget budget)
        src/Hexalith.EventStore.Server/Events/DaprReplayOperationOwner.cs(324,0): at Hexalith.EventStore.Server.Events.DaprReplayOperationOwner.BeginAsync(DaprLogicalReplaySource source, DaprLogicalSourceBinding binding, DaprLogicalClaimTrust trust, String ownerId, Nullable`1 takeoverGeneration, CancellationToken cancellationToken)
        tests/Hexalith.EventStore.Server.Tests/Events/DaprLogicalReconstructionTests.cs(590,0): at Hexalith.EventStore.Server.Tests.Events.DaprLogicalReconstructionTests.Begin(DaprLogicalReconstructionFixture fixture)
        tests/Hexalith.EventStore.Server.Tests/Events/DaprLogicalReconstructionTests.cs(245,0): at Hexalith.EventStore.Server.Tests.Events.DaprLogicalReconstructionTests.CallbackLossStopsBeforeAnyLaterCallbackOrTransition(String boundary, String loss)
        tests/Hexalith.EventStore.Server.Tests/Events/DaprLogicalReconstructionTests.cs(271,0): at Hexalith.EventStore.Server.Tests.Events.DaprLogicalReconstructionTests.CallbackLossStopsBeforeAnyLaterCallbackOrTransition(String boundary, String loss)
        --- End of stack trace from previous location ---
    Hexalith.EventStore.Server.Tests.Events.DaprLogicalReconstructionTests.CallbackLossStopsBeforeAnyLaterCallbackOrTransition(boundary: "apply", loss: "trust") [FAIL]
      System.ArgumentException : A B32 field must contain exactly 32 bytes. (Parameter 'value')
      Stack Trace:
        src/Hexalith.EventStore.Client/Events/EventEvolutionBinaryWriter.cs(66,0): at Hexalith.EventStore.Client.Events.EventEvolutionBinaryWriter.WriteHash(ReadOnlySpan`1 value)
        src/Hexalith.EventStore.Client/Events/DaprLogicalReplayCommitmentCodec.cs(138,0): at Hexalith.EventStore.Client.Events.DaprLogicalReplayCommitmentCodec.OptionalHash(EventEvolutionBinaryWriter writer, Nullable`1 value)
        src/Hexalith.EventStore.Client/Events/DaprLogicalReplayCommitmentCodec.cs(78,0): at Hexalith.EventStore.Client.Events.DaprLogicalReplayCommitmentCodec.TranscriptGenesis(String tenant, String operation, ReadOnlyMemory`1 source, ReadOnlyMemory`1 registry, Nullable`1 binding, Nullable`1 state, Nullable`1 command, EventBufferBudget budget)
        src/Hexalith.EventStore.Server/Events/DaprReplayOperationOwner.cs(324,0): at Hexalith.EventStore.Server.Events.DaprReplayOperationOwner.BeginAsync(DaprLogicalReplaySource source, DaprLogicalSourceBinding binding, DaprLogicalClaimTrust trust, String ownerId, Nullable`1 takeoverGeneration, CancellationToken cancellationToken)
        tests/Hexalith.EventStore.Server.Tests/Events/DaprLogicalReconstructionTests.cs(590,0): at Hexalith.EventStore.Server.Tests.Events.DaprLogicalReconstructionTests.Begin(DaprLogicalReconstructionFixture fixture)
        tests/Hexalith.EventStore.Server.Tests/Events/DaprLogicalReconstructionTests.cs(245,0): at Hexalith.EventStore.Server.Tests.Events.DaprLogicalReconstructionTests.CallbackLossStopsBeforeAnyLaterCallbackOrTransition(String boundary, String loss)
        tests/Hexalith.EventStore.Server.Tests/Events/DaprLogicalReconstructionTests.cs(271,0): at Hexalith.EventStore.Server.Tests.Events.DaprLogicalReconstructionTests.CallbackLossStopsBeforeAnyLaterCallbackOrTransition(String boundary, String loss)
        --- End of stack trace from previous location ---
    Hexalith.EventStore.Server.Tests.Events.DaprLogicalReconstructionTests.CallbackLossStopsBeforeAnyLaterCallbackOrTransition(boundary: "apply", loss: "loss") [FAIL]
      System.ArgumentException : A B32 field must contain exactly 32 bytes. (Parameter 'value')
      Stack Trace:
        src/Hexalith.EventStore.Client/Events/EventEvolutionBinaryWriter.cs(66,0): at Hexalith.EventStore.Client.Events.EventEvolutionBinaryWriter.WriteHash(ReadOnlySpan`1 value)
        src/Hexalith.EventStore.Client/Events/DaprLogicalReplayCommitmentCodec.cs(138,0): at Hexalith.EventStore.Client.Events.DaprLogicalReplayCommitmentCodec.OptionalHash(EventEvolutionBinaryWriter writer, Nullable`1 value)
        src/Hexalith.EventStore.Client/Events/DaprLogicalReplayCommitmentCodec.cs(78,0): at Hexalith.EventStore.Client.Events.DaprLogicalReplayCommitmentCodec.TranscriptGenesis(String tenant, String operation, ReadOnlyMemory`1 source, ReadOnlyMemory`1 registry, Nullable`1 binding, Nullable`1 state, Nullable`1 command, EventBufferBudget budget)
        src/Hexalith.EventStore.Server/Events/DaprReplayOperationOwner.cs(324,0): at Hexalith.EventStore.Server.Events.DaprReplayOperationOwner.BeginAsync(DaprLogicalReplaySource source, DaprLogicalSourceBinding binding, DaprLogicalClaimTrust trust, String ownerId, Nullable`1 takeoverGeneration, CancellationToken cancellationToken)
        tests/Hexalith.EventStore.Server.Tests/Events/DaprLogicalReconstructionTests.cs(590,0): at Hexalith.EventStore.Server.Tests.Events.DaprLogicalReconstructionTests.Begin(DaprLogicalReconstructionFixture fixture)
        tests/Hexalith.EventStore.Server.Tests/Events/DaprLogicalReconstructionTests.cs(245,0): at Hexalith.EventStore.Server.Tests.Events.DaprLogicalReconstructionTests.CallbackLossStopsBeforeAnyLaterCallbackOrTransition(String boundary, String loss)
        tests/Hexalith.EventStore.Server.Tests/Events/DaprLogicalReconstructionTests.cs(271,0): at Hexalith.EventStore.Server.Tests.Events.DaprLogicalReconstructionTests.CallbackLossStopsBeforeAnyLaterCallbackOrTransition(String boundary, String loss)
        --- End of stack trace from previous location ---
    Hexalith.EventStore.Server.Tests.Events.DaprLogicalReconstructionTests.CallbackLossStopsBeforeAnyLaterCallbackOrTransition(boundary: "write", loss: "source") [FAIL]
      System.ArgumentException : A B32 field must contain exactly 32 bytes. (Parameter 'value')
      Stack Trace:
        src/Hexalith.EventStore.Client/Events/EventEvolutionBinaryWriter.cs(66,0): at Hexalith.EventStore.Client.Events.EventEvolutionBinaryWriter.WriteHash(ReadOnlySpan`1 value)
        src/Hexalith.EventStore.Client/Events/DaprLogicalReplayCommitmentCodec.cs(138,0): at Hexalith.EventStore.Client.Events.DaprLogicalReplayCommitmentCodec.OptionalHash(EventEvolutionBinaryWriter writer, Nullable`1 value)
        src/Hexalith.EventStore.Client/Events/DaprLogicalReplayCommitmentCodec.cs(78,0): at Hexalith.EventStore.Client.Events.DaprLogicalReplayCommitmentCodec.TranscriptGenesis(String tenant, String operation, ReadOnlyMemory`1 source, ReadOnlyMemory`1 registry, Nullable`1 binding, Nullable`1 state, Nullable`1 command, EventBufferBudget budget)
        src/Hexalith.EventStore.Server/Events/DaprReplayOperationOwner.cs(324,0): at Hexalith.EventStore.Server.Events.DaprReplayOperationOwner.BeginAsync(DaprLogicalReplaySource source, DaprLogicalSourceBinding binding, DaprLogicalClaimTrust trust, String ownerId, Nullable`1 takeoverGeneration, CancellationToken cancellationToken)
        tests/Hexalith.EventStore.Server.Tests/Events/DaprLogicalReconstructionTests.cs(590,0): at Hexalith.EventStore.Server.Tests.Events.DaprLogicalReconstructionTests.Begin(DaprLogicalReconstructionFixture fixture)
        tests/Hexalith.EventStore.Server.Tests/Events/DaprLogicalReconstructionTests.cs(245,0): at Hexalith.EventStore.Server.Tests.Events.DaprLogicalReconstructionTests.CallbackLossStopsBeforeAnyLaterCallbackOrTransition(String boundary, String loss)
        tests/Hexalith.EventStore.Server.Tests/Events/DaprLogicalReconstructionTests.cs(271,0): at Hexalith.EventStore.Server.Tests.Events.DaprLogicalReconstructionTests.CallbackLossStopsBeforeAnyLaterCallbackOrTransition(String boundary, String loss)
        --- End of stack trace from previous location ---
    Hexalith.EventStore.Server.Tests.Events.DaprLogicalReconstructionTests.SaveClassificationAdmitsAllCanonicalParticipants(mode: "commit-throw", expected: "Proven") [FAIL]
      System.ArgumentException : A B32 field must contain exactly 32 bytes. (Parameter 'value')
      Stack Trace:
        src/Hexalith.EventStore.Client/Events/EventEvolutionBinaryWriter.cs(66,0): at Hexalith.EventStore.Client.Events.EventEvolutionBinaryWriter.WriteHash(ReadOnlySpan`1 value)
        src/Hexalith.EventStore.Client/Events/DaprLogicalReplayCommitmentCodec.cs(138,0): at Hexalith.EventStore.Client.Events.DaprLogicalReplayCommitmentCodec.OptionalHash(EventEvolutionBinaryWriter writer, Nullable`1 value)
        src/Hexalith.EventStore.Client/Events/DaprLogicalReplayCommitmentCodec.cs(78,0): at Hexalith.EventStore.Client.Events.DaprLogicalReplayCommitmentCodec.TranscriptGenesis(String tenant, String operation, ReadOnlyMemory`1 source, ReadOnlyMemory`1 registry, Nullable`1 binding, Nullable`1 state, Nullable`1 command, EventBufferBudget budget)
        src/Hexalith.EventStore.Server/Events/DaprReplayOperationOwner.cs(324,0): at Hexalith.EventStore.Server.Events.DaprReplayOperationOwner.BeginAsync(DaprLogicalReplaySource source, DaprLogicalSourceBinding binding, DaprLogicalClaimTrust trust, String ownerId, Nullable`1 takeoverGeneration, CancellationToken cancellationToken)
        tests/Hexalith.EventStore.Server.Tests/Events/DaprLogicalReconstructionTests.cs(590,0): at Hexalith.EventStore.Server.Tests.Events.DaprLogicalReconstructionTests.Begin(DaprLogicalReconstructionFixture fixture)
        tests/Hexalith.EventStore.Server.Tests/Events/DaprLogicalReconstructionTests.cs(174,0): at Hexalith.EventStore.Server.Tests.Events.DaprLogicalReconstructionTests.SaveClassificationAdmitsAllCanonicalParticipants(String mode, String expected)
        tests/Hexalith.EventStore.Server.Tests/Events/DaprLogicalReconstructionTests.cs(190,0): at Hexalith.EventStore.Server.Tests.Events.DaprLogicalReconstructionTests.SaveClassificationAdmitsAllCanonicalParticipants(String mode, String expected)
        --- End of stack trace from previous location ---
    Hexalith.EventStore.Server.Tests.Events.DaprLogicalReconstructionTests.SaveClassificationAdmitsAllCanonicalParticipants(mode: "no-commit", expected: "NoCommit") [FAIL]
      System.ArgumentException : A B32 field must contain exactly 32 bytes. (Parameter 'value')
      Stack Trace:
        src/Hexalith.EventStore.Client/Events/EventEvolutionBinaryWriter.cs(66,0): at Hexalith.EventStore.Client.Events.EventEvolutionBinaryWriter.WriteHash(ReadOnlySpan`1 value)
        src/Hexalith.EventStore.Client/Events/DaprLogicalReplayCommitmentCodec.cs(138,0): at Hexalith.EventStore.Client.Events.DaprLogicalReplayCommitmentCodec.OptionalHash(EventEvolutionBinaryWriter writer, Nullable`1 value)
        src/Hexalith.EventStore.Client/Events/DaprLogicalReplayCommitmentCodec.cs(78,0): at Hexalith.EventStore.Client.Events.DaprLogicalReplayCommitmentCodec.TranscriptGenesis(String tenant, String operation, ReadOnlyMemory`1 source, ReadOnlyMemory`1 registry, Nullable`1 binding, Nullable`1 state, Nullable`1 command, EventBufferBudget budget)
        src/Hexalith.EventStore.Server/Events/DaprReplayOperationOwner.cs(324,0): at Hexalith.EventStore.Server.Events.DaprReplayOperationOwner.BeginAsync(DaprLogicalReplaySource source, DaprLogicalSourceBinding binding, DaprLogicalClaimTrust trust, String ownerId, Nullable`1 takeoverGeneration, CancellationToken cancellationToken)
        tests/Hexalith.EventStore.Server.Tests/Events/DaprLogicalReconstructionTests.cs(590,0): at Hexalith.EventStore.Server.Tests.Events.DaprLogicalReconstructionTests.Begin(DaprLogicalReconstructionFixture fixture)
        tests/Hexalith.EventStore.Server.Tests/Events/DaprLogicalReconstructionTests.cs(174,0): at Hexalith.EventStore.Server.Tests.Events.DaprLogicalReconstructionTests.SaveClassificationAdmitsAllCanonicalParticipants(String mode, String expected)
        tests/Hexalith.EventStore.Server.Tests/Events/DaprLogicalReconstructionTests.cs(190,0): at Hexalith.EventStore.Server.Tests.Events.DaprLogicalReconstructionTests.SaveClassificationAdmitsAllCanonicalParticipants(String mode, String expected)
        --- End of stack trace from previous location ---
    Hexalith.EventStore.Server.Tests.Events.DaprLogicalReconstructionTests.SaveClassificationAdmitsAllCanonicalParticipants(mode: "partial", expected: "Indeterminate") [FAIL]
      System.ArgumentException : A B32 field must contain exactly 32 bytes. (Parameter 'value')
      Stack Trace:
        src/Hexalith.EventStore.Client/Events/EventEvolutionBinaryWriter.cs(66,0): at Hexalith.EventStore.Client.Events.EventEvolutionBinaryWriter.WriteHash(ReadOnlySpan`1 value)
        src/Hexalith.EventStore.Client/Events/DaprLogicalReplayCommitmentCodec.cs(138,0): at Hexalith.EventStore.Client.Events.DaprLogicalReplayCommitmentCodec.OptionalHash(EventEvolutionBinaryWriter writer, Nullable`1 value)
        src/Hexalith.EventStore.Client/Events/DaprLogicalReplayCommitmentCodec.cs(78,0): at Hexalith.EventStore.Client.Events.DaprLogicalReplayCommitmentCodec.TranscriptGenesis(String tenant, String operation, ReadOnlyMemory`1 source, ReadOnlyMemory`1 registry, Nullable`1 binding, Nullable`1 state, Nullable`1 command, EventBufferBudget budget)
        src/Hexalith.EventStore.Server/Events/DaprReplayOperationOwner.cs(324,0): at Hexalith.EventStore.Server.Events.DaprReplayOperationOwner.BeginAsync(DaprLogicalReplaySource source, DaprLogicalSourceBinding binding, DaprLogicalClaimTrust trust, String ownerId, Nullable`1 takeoverGeneration, CancellationToken cancellationToken)
        tests/Hexalith.EventStore.Server.Tests/Events/DaprLogicalReconstructionTests.cs(590,0): at Hexalith.EventStore.Server.Tests.Events.DaprLogicalReconstructionTests.Begin(DaprLogicalReconstructionFixture fixture)
        tests/Hexalith.EventStore.Server.Tests/Events/DaprLogicalReconstructionTests.cs(174,0): at Hexalith.EventStore.Server.Tests.Events.DaprLogicalReconstructionTests.SaveClassificationAdmitsAllCanonicalParticipants(String mode, String expected)
        tests/Hexalith.EventStore.Server.Tests/Events/DaprLogicalReconstructionTests.cs(190,0): at Hexalith.EventStore.Server.Tests.Events.DaprLogicalReconstructionTests.SaveClassificationAdmitsAllCanonicalParticipants(String mode, String expected)
        --- End of stack trace from previous location ---
    Hexalith.EventStore.Server.Tests.Events.DaprLogicalReconstructionTests.MultiPageCanonicalStateAndExactRetriesShareCommittedAuthority [FAIL]
      System.ArgumentException : A B32 field must contain exactly 32 bytes. (Parameter 'value')
      Stack Trace:
        src/Hexalith.EventStore.Client/Events/EventEvolutionBinaryWriter.cs(66,0): at Hexalith.EventStore.Client.Events.EventEvolutionBinaryWriter.WriteHash(ReadOnlySpan`1 value)
        src/Hexalith.EventStore.Client/Events/DaprLogicalReplayCommitmentCodec.cs(138,0): at Hexalith.EventStore.Client.Events.DaprLogicalReplayCommitmentCodec.OptionalHash(EventEvolutionBinaryWriter writer, Nullable`1 value)
        src/Hexalith.EventStore.Client/Events/DaprLogicalReplayCommitmentCodec.cs(78,0): at Hexalith.EventStore.Client.Events.DaprLogicalReplayCommitmentCodec.TranscriptGenesis(String tenant, String operation, ReadOnlyMemory`1 source, ReadOnlyMemory`1 registry, Nullable`1 binding, Nullable`1 state, Nullable`1 command, EventBufferBudget budget)
        src/Hexalith.EventStore.Server/Events/DaprReplayOperationOwner.cs(324,0): at Hexalith.EventStore.Server.Events.DaprReplayOperationOwner.BeginAsync(DaprLogicalReplaySource source, DaprLogicalSourceBinding binding, DaprLogicalClaimTrust trust, String ownerId, Nullable`1 takeoverGeneration, CancellationToken cancellationToken)
        tests/Hexalith.EventStore.Server.Tests/Events/DaprLogicalReconstructionTests.cs(58,0): at Hexalith.EventStore.Server.Tests.Events.DaprLogicalReconstructionTests.MultiPageCanonicalStateAndExactRetriesShareCommittedAuthority()
        tests/Hexalith.EventStore.Server.Tests/Events/DaprLogicalReconstructionTests.cs(73,0): at Hexalith.EventStore.Server.Tests.Events.DaprLogicalReconstructionTests.MultiPageCanonicalStateAndExactRetriesShareCommittedAuthority()
        --- End of stack trace from previous location ---
    Hexalith.EventStore.Server.Tests.Events.DaprLogicalReconstructionTests.MutatingApplyFailureRetainsPrivateWithinPageLastGoodWithoutAnyTransition [FAIL]
      System.ArgumentException : A B32 field must contain exactly 32 bytes. (Parameter 'value')
      Stack Trace:
        src/Hexalith.EventStore.Client/Events/EventEvolutionBinaryWriter.cs(66,0): at Hexalith.EventStore.Client.Events.EventEvolutionBinaryWriter.WriteHash(ReadOnlySpan`1 value)
        src/Hexalith.EventStore.Client/Events/DaprLogicalReplayCommitmentCodec.cs(138,0): at Hexalith.EventStore.Client.Events.DaprLogicalReplayCommitmentCodec.OptionalHash(EventEvolutionBinaryWriter writer, Nullable`1 value)
        src/Hexalith.EventStore.Client/Events/DaprLogicalReplayCommitmentCodec.cs(78,0): at Hexalith.EventStore.Client.Events.DaprLogicalReplayCommitmentCodec.TranscriptGenesis(String tenant, String operation, ReadOnlyMemory`1 source, ReadOnlyMemory`1 registry, Nullable`1 binding, Nullable`1 state, Nullable`1 command, EventBufferBudget budget)
        src/Hexalith.EventStore.Server/Events/DaprReplayOperationOwner.cs(324,0): at Hexalith.EventStore.Server.Events.DaprReplayOperationOwner.BeginAsync(DaprLogicalReplaySource source, DaprLogicalSourceBinding binding, DaprLogicalClaimTrust trust, String ownerId, Nullable`1 takeoverGeneration, CancellationToken cancellationToken)
        tests/Hexalith.EventStore.Server.Tests/Events/DaprLogicalReconstructionTests.cs(590,0): at Hexalith.EventStore.Server.Tests.Events.DaprLogicalReconstructionTests.Begin(DaprLogicalReconstructionFixture fixture)
        tests/Hexalith.EventStore.Server.Tests/Events/DaprLogicalReconstructionTests.cs(150,0): at Hexalith.EventStore.Server.Tests.Events.DaprLogicalReconstructionTests.MutatingApplyFailureRetainsPrivateWithinPageLastGoodWithoutAnyTransition()
        tests/Hexalith.EventStore.Server.Tests/Events/DaprLogicalReconstructionTests.cs(163,0): at Hexalith.EventStore.Server.Tests.Events.DaprLogicalReconstructionTests.MutatingApplyFailureRetainsPrivateWithinPageLastGoodWithoutAnyTransition()
        --- End of stack trace from previous location ---
    Hexalith.EventStore.Server.Tests.Events.DaprLogicalReconstructionTests.StateCallbackBorrowsExpireBeforeAsyncFenceAndLaterApplyOrWrite [FAIL]
      System.ArgumentException : A B32 field must contain exactly 32 bytes. (Parameter 'value')
      Stack Trace:
        src/Hexalith.EventStore.Client/Events/EventEvolutionBinaryWriter.cs(66,0): at Hexalith.EventStore.Client.Events.EventEvolutionBinaryWriter.WriteHash(ReadOnlySpan`1 value)
        src/Hexalith.EventStore.Client/Events/DaprLogicalReplayCommitmentCodec.cs(138,0): at Hexalith.EventStore.Client.Events.DaprLogicalReplayCommitmentCodec.OptionalHash(EventEvolutionBinaryWriter writer, Nullable`1 value)
        src/Hexalith.EventStore.Client/Events/DaprLogicalReplayCommitmentCodec.cs(78,0): at Hexalith.EventStore.Client.Events.DaprLogicalReplayCommitmentCodec.TranscriptGenesis(String tenant, String operation, ReadOnlyMemory`1 source, ReadOnlyMemory`1 registry, Nullable`1 binding, Nullable`1 state, Nullable`1 command, EventBufferBudget budget)
        src/Hexalith.EventStore.Server/Events/DaprReplayOperationOwner.cs(324,0): at Hexalith.EventStore.Server.Events.DaprReplayOperationOwner.BeginAsync(DaprLogicalReplaySource source, DaprLogicalSourceBinding binding, DaprLogicalClaimTrust trust, String ownerId, Nullable`1 takeoverGeneration, CancellationToken cancellationToken)
        tests/Hexalith.EventStore.Server.Tests/Events/DaprLogicalReconstructionTests.cs(590,0): at Hexalith.EventStore.Server.Tests.Events.DaprLogicalReconstructionTests.Begin(DaprLogicalReconstructionFixture fixture)
        tests/Hexalith.EventStore.Server.Tests/Events/DaprLogicalReconstructionTests.cs(112,0): at Hexalith.EventStore.Server.Tests.Events.DaprLogicalReconstructionTests.StateCallbackBorrowsExpireBeforeAsyncFenceAndLaterApplyOrWrite()
        tests/Hexalith.EventStore.Server.Tests/Events/DaprLogicalReconstructionTests.cs(118,0): at Hexalith.EventStore.Server.Tests.Events.DaprLogicalReconstructionTests.StateCallbackBorrowsExpireBeforeAsyncFenceAndLaterApplyOrWrite()
        --- End of stack trace from previous location ---
    Hexalith.EventStore.Server.Tests.Events.DaprLogicalReconstructionTests.PrivateResponseAndCanonicalBuffersClearAfterDisposal [FAIL]
      System.ArgumentException : A B32 field must contain exactly 32 bytes. (Parameter 'value')
      Stack Trace:
        src/Hexalith.EventStore.Client/Events/EventEvolutionBinaryWriter.cs(66,0): at Hexalith.EventStore.Client.Events.EventEvolutionBinaryWriter.WriteHash(ReadOnlySpan`1 value)
        src/Hexalith.EventStore.Client/Events/DaprLogicalReplayCommitmentCodec.cs(138,0): at Hexalith.EventStore.Client.Events.DaprLogicalReplayCommitmentCodec.OptionalHash(EventEvolutionBinaryWriter writer, Nullable`1 value)
        src/Hexalith.EventStore.Client/Events/DaprLogicalReplayCommitmentCodec.cs(78,0): at Hexalith.EventStore.Client.Events.DaprLogicalReplayCommitmentCodec.TranscriptGenesis(String tenant, String operation, ReadOnlyMemory`1 source, ReadOnlyMemory`1 registry, Nullable`1 binding, Nullable`1 state, Nullable`1 command, EventBufferBudget budget)
        src/Hexalith.EventStore.Server/Events/DaprReplayOperationOwner.cs(324,0): at Hexalith.EventStore.Server.Events.DaprReplayOperationOwner.BeginAsync(DaprLogicalReplaySource source, DaprLogicalSourceBinding binding, DaprLogicalClaimTrust trust, String ownerId, Nullable`1 takeoverGeneration, CancellationToken cancellationToken)
        tests/Hexalith.EventStore.Server.Tests/Events/DaprLogicalReconstructionTests.cs(590,0): at Hexalith.EventStore.Server.Tests.Events.DaprLogicalReconstructionTests.Begin(DaprLogicalReconstructionFixture fixture)
        tests/Hexalith.EventStore.Server.Tests/Events/DaprLogicalReconstructionTests.cs(571,0): at Hexalith.EventStore.Server.Tests.Events.DaprLogicalReconstructionTests.PrivateResponseAndCanonicalBuffersClearAfterDisposal()
        tests/Hexalith.EventStore.Server.Tests/Events/DaprLogicalReconstructionTests.cs(578,0): at Hexalith.EventStore.Server.Tests.Events.DaprLogicalReconstructionTests.PrivateResponseAndCanonicalBuffersClearAfterDisposal()
        --- End of stack trace from previous location ---
    Hexalith.EventStore.Server.Tests.Events.DaprLogicalReconstructionTests.MixedHistoryNontrivialUpcastEqualsIndependentCanonicalBaseline(pageSize: 1) [FAIL]
      Shouldly.ShouldAssertException : result.Status
          should be
      AggregateReconstructionStatus.Succeeded
          but was
      AggregateReconstructionStatus.Failed
      Stack Trace:
        tests/Hexalith.EventStore.Server.Tests/Events/DaprLogicalReconstructionTests.cs(40,0): at Hexalith.EventStore.Server.Tests.Events.DaprLogicalReconstructionTests.MixedHistoryNontrivialUpcastEqualsIndependentCanonicalBaseline(Int32 pageSize)
           at System.Runtime.ExceptionServices.ExceptionDispatchInfo.Throw()
        tests/Hexalith.EventStore.Server.Tests/Events/DaprLogicalReconstructionTests.cs(46,0): at Hexalith.EventStore.Server.Tests.Events.DaprLogicalReconstructionTests.MixedHistoryNontrivialUpcastEqualsIndependentCanonicalBaseline(Int32 pageSize)
           at System.Runtime.ExceptionServices.ExceptionDispatchInfo.Throw()
           at System.Runtime.CompilerServices.TaskAwaiter.HandleNonSuccessAndDebuggerNotification(Task task, ConfigureAwaitOptions options)
        --- End of stack trace from previous location ---
           at System.Runtime.ExceptionServices.ExceptionDispatchInfo.Throw()
           at System.Runtime.CompilerServices.TaskAwaiter.HandleNonSuccessAndDebuggerNotification(Task task, ConfigureAwaitOptions options)
    Hexalith.EventStore.Server.Tests.Events.DaprLogicalReconstructionTests.MixedHistoryNontrivialUpcastEqualsIndependentCanonicalBaseline(pageSize: 3) [FAIL]
      Shouldly.ShouldAssertException : result.Status
          should be
      AggregateReconstructionStatus.Succeeded
          but was
      AggregateReconstructionStatus.Failed
      Stack Trace:
        tests/Hexalith.EventStore.Server.Tests/Events/DaprLogicalReconstructionTests.cs(40,0): at Hexalith.EventStore.Server.Tests.Events.DaprLogicalReconstructionTests.MixedHistoryNontrivialUpcastEqualsIndependentCanonicalBaseline(Int32 pageSize)
           at System.Runtime.ExceptionServices.ExceptionDispatchInfo.Throw()
        tests/Hexalith.EventStore.Server.Tests/Events/DaprLogicalReconstructionTests.cs(46,0): at Hexalith.EventStore.Server.Tests.Events.DaprLogicalReconstructionTests.MixedHistoryNontrivialUpcastEqualsIndependentCanonicalBaseline(Int32 pageSize)
           at System.Runtime.ExceptionServices.ExceptionDispatchInfo.Throw()
           at System.Runtime.CompilerServices.TaskAwaiter.HandleNonSuccessAndDebuggerNotification(Task task, ConfigureAwaitOptions options)
        --- End of stack trace from previous location ---
           at System.Runtime.ExceptionServices.ExceptionDispatchInfo.Throw()
           at System.Runtime.CompilerServices.TaskAwaiter.HandleNonSuccessAndDebuggerNotification(Task task, ConfigureAwaitOptions options)
    Hexalith.EventStore.Server.Tests.Events.DaprLogicalReconstructionTests.AddressedApplyFailureReturnsExactSignedDiagnosticIdentityWithoutState [FAIL]
      Shouldly.ShouldAssertException : result.ErrorCategory
          should be
      AggregateReconstructionErrorCategory.ApplyFailed
          but was
      AggregateReconstructionErrorCategory.Conflict
      Stack Trace:
        tests/Hexalith.EventStore.Server.Tests/Events/DaprLogicalReconstructionTests.cs(559,0): at Hexalith.EventStore.Server.Tests.Events.DaprLogicalReconstructionTests.AddressedApplyFailureReturnsExactSignedDiagnosticIdentityWithoutState()
           at System.Runtime.ExceptionServices.ExceptionDispatchInfo.Throw()
        tests/Hexalith.EventStore.Server.Tests/Events/DaprLogicalReconstructionTests.cs(564,0): at Hexalith.EventStore.Server.Tests.Events.DaprLogicalReconstructionTests.AddressedApplyFailureReturnsExactSignedDiagnosticIdentityWithoutState()
           at System.Runtime.ExceptionServices.ExceptionDispatchInfo.Throw()
           at System.Runtime.CompilerServices.TaskAwaiter.HandleNonSuccessAndDebuggerNotification(Task task, ConfigureAwaitOptions options)
        --- End of stack trace from previous location ---
           at System.Runtime.ExceptionServices.ExceptionDispatchInfo.Throw()
           at System.Runtime.CompilerServices.TaskAwaiter.HandleNonSuccessAndDebuggerNotification(Task task, ConfigureAwaitOptions options)
    Hexalith.EventStore.Server.Tests.Events.DaprLogicalReconstructionTests.MalformedSuccessorLedgerBlocksTakeoverBeforeCallbacksOrSave [FAIL]
      System.ArgumentException : A B32 field must contain exactly 32 bytes. (Parameter 'value')
      Stack Trace:
        src/Hexalith.EventStore.Client/Events/EventEvolutionBinaryWriter.cs(66,0): at Hexalith.EventStore.Client.Events.EventEvolutionBinaryWriter.WriteHash(ReadOnlySpan`1 value)
        src/Hexalith.EventStore.Client/Events/DaprLogicalReplayCommitmentCodec.cs(138,0): at Hexalith.EventStore.Client.Events.DaprLogicalReplayCommitmentCodec.OptionalHash(EventEvolutionBinaryWriter writer, Nullable`1 value)
        src/Hexalith.EventStore.Client/Events/DaprLogicalReplayCommitmentCodec.cs(78,0): at Hexalith.EventStore.Client.Events.DaprLogicalReplayCommitmentCodec.TranscriptGenesis(String tenant, String operation, ReadOnlyMemory`1 source, ReadOnlyMemory`1 registry, Nullable`1 binding, Nullable`1 state, Nullable`1 command, EventBufferBudget budget)
        src/Hexalith.EventStore.Server/Events/DaprReplayOperationOwner.cs(324,0): at Hexalith.EventStore.Server.Events.DaprReplayOperationOwner.BeginAsync(DaprLogicalReplaySource source, DaprLogicalSourceBinding binding, DaprLogicalClaimTrust trust, String ownerId, Nullable`1 takeoverGeneration, CancellationToken cancellationToken)
        tests/Hexalith.EventStore.Server.Tests/Events/DaprLogicalReconstructionTests.cs(590,0): at Hexalith.EventStore.Server.Tests.Events.DaprLogicalReconstructionTests.Begin(DaprLogicalReconstructionFixture fixture)
        tests/Hexalith.EventStore.Server.Tests/Events/DaprLogicalReconstructionTests.cs(374,0): at Hexalith.EventStore.Server.Tests.Events.DaprLogicalReconstructionTests.MalformedSuccessorLedgerBlocksTakeoverBeforeCallbacksOrSave()
        tests/Hexalith.EventStore.Server.Tests/Events/DaprLogicalReconstructionTests.cs(386,0): at Hexalith.EventStore.Server.Tests.Events.DaprLogicalReconstructionTests.MalformedSuccessorLedgerBlocksTakeoverBeforeCallbacksOrSave()
        --- End of stack trace from previous location ---
    Hexalith.EventStore.Server.Tests.Events.DaprLogicalReconstructionTests.BeginUncertainReadbackRetainsInitialBytesAndRetriesWithoutCallbacks [FAIL]
      System.ArgumentException : A B32 field must contain exactly 32 bytes. (Parameter 'value')
      Stack Trace:
        src/Hexalith.EventStore.Client/Events/EventEvolutionBinaryWriter.cs(66,0): at Hexalith.EventStore.Client.Events.EventEvolutionBinaryWriter.WriteHash(ReadOnlySpan`1 value)
        src/Hexalith.EventStore.Client/Events/DaprLogicalReplayCommitmentCodec.cs(138,0): at Hexalith.EventStore.Client.Events.DaprLogicalReplayCommitmentCodec.OptionalHash(EventEvolutionBinaryWriter writer, Nullable`1 value)
        src/Hexalith.EventStore.Client/Events/DaprLogicalReplayCommitmentCodec.cs(78,0): at Hexalith.EventStore.Client.Events.DaprLogicalReplayCommitmentCodec.TranscriptGenesis(String tenant, String operation, ReadOnlyMemory`1 source, ReadOnlyMemory`1 registry, Nullable`1 binding, Nullable`1 state, Nullable`1 command, EventBufferBudget budget)
        src/Hexalith.EventStore.Server/Events/DaprReplayOperationOwner.cs(324,0): at Hexalith.EventStore.Server.Events.DaprReplayOperationOwner.BeginAsync(DaprLogicalReplaySource source, DaprLogicalSourceBinding binding, DaprLogicalClaimTrust trust, String ownerId, Nullable`1 takeoverGeneration, CancellationToken cancellationToken)
        tests/Hexalith.EventStore.Server.Tests/Events/DaprLogicalReconstructionTests.cs(406,0): at Hexalith.EventStore.Server.Tests.Events.DaprLogicalReconstructionTests.BeginUncertainReadbackRetainsInitialBytesAndRetriesWithoutCallbacks()
        tests/Hexalith.EventStore.Server.Tests/Events/DaprLogicalReconstructionTests.cs(425,0): at Hexalith.EventStore.Server.Tests.Events.DaprLogicalReconstructionTests.BeginUncertainReadbackRetainsInitialBytesAndRetriesWithoutCallbacks()
        --- End of stack trace from previous location ---
    Hexalith.EventStore.Server.Tests.Events.DaprLogicalReconstructionTests.CompletePageRefusalRunsZeroStateApplyOrEventDeserializers [FAIL]
      System.ArgumentException : A B32 field must contain exactly 32 bytes. (Parameter 'value')
      Stack Trace:
        src/Hexalith.EventStore.Client/Events/EventEvolutionBinaryWriter.cs(66,0): at Hexalith.EventStore.Client.Events.EventEvolutionBinaryWriter.WriteHash(ReadOnlySpan`1 value)
        src/Hexalith.EventStore.Client/Events/DaprLogicalReplayCommitmentCodec.cs(138,0): at Hexalith.EventStore.Client.Events.DaprLogicalReplayCommitmentCodec.OptionalHash(EventEvolutionBinaryWriter writer, Nullable`1 value)
        src/Hexalith.EventStore.Client/Events/DaprLogicalReplayCommitmentCodec.cs(78,0): at Hexalith.EventStore.Client.Events.DaprLogicalReplayCommitmentCodec.TranscriptGenesis(String tenant, String operation, ReadOnlyMemory`1 source, ReadOnlyMemory`1 registry, Nullable`1 binding, Nullable`1 state, Nullable`1 command, EventBufferBudget budget)
        src/Hexalith.EventStore.Server/Events/DaprReplayOperationOwner.cs(324,0): at Hexalith.EventStore.Server.Events.DaprReplayOperationOwner.BeginAsync(DaprLogicalReplaySource source, DaprLogicalSourceBinding binding, DaprLogicalClaimTrust trust, String ownerId, Nullable`1 takeoverGeneration, CancellationToken cancellationToken)
        tests/Hexalith.EventStore.Server.Tests/Events/DaprLogicalReconstructionTests.cs(590,0): at Hexalith.EventStore.Server.Tests.Events.DaprLogicalReconstructionTests.Begin(DaprLogicalReconstructionFixture fixture)
        tests/Hexalith.EventStore.Server.Tests/Events/DaprLogicalReconstructionTests.cs(356,0): at Hexalith.EventStore.Server.Tests.Events.DaprLogicalReconstructionTests.CompletePageRefusalRunsZeroStateApplyOrEventDeserializers()
        tests/Hexalith.EventStore.Server.Tests/Events/DaprLogicalReconstructionTests.cs(367,0): at Hexalith.EventStore.Server.Tests.Events.DaprLogicalReconstructionTests.CompletePageRefusalRunsZeroStateApplyOrEventDeserializers()
        --- End of stack trace from previous location ---
    Hexalith.EventStore.Server.Tests.Events.DaprLogicalReconstructionTests.TakeoverRetainsCurrentCanonicalStateAfterCommittedPage [FAIL]
      System.ArgumentException : A B32 field must contain exactly 32 bytes. (Parameter 'value')
      Stack Trace:
        src/Hexalith.EventStore.Client/Events/EventEvolutionBinaryWriter.cs(66,0): at Hexalith.EventStore.Client.Events.EventEvolutionBinaryWriter.WriteHash(ReadOnlySpan`1 value)
        src/Hexalith.EventStore.Client/Events/DaprLogicalReplayCommitmentCodec.cs(138,0): at Hexalith.EventStore.Client.Events.DaprLogicalReplayCommitmentCodec.OptionalHash(EventEvolutionBinaryWriter writer, Nullable`1 value)
        src/Hexalith.EventStore.Client/Events/DaprLogicalReplayCommitmentCodec.cs(78,0): at Hexalith.EventStore.Client.Events.DaprLogicalReplayCommitmentCodec.TranscriptGenesis(String tenant, String operation, ReadOnlyMemory`1 source, ReadOnlyMemory`1 registry, Nullable`1 binding, Nullable`1 state, Nullable`1 command, EventBufferBudget budget)
        src/Hexalith.EventStore.Server/Events/DaprReplayOperationOwner.cs(324,0): at Hexalith.EventStore.Server.Events.DaprReplayOperationOwner.BeginAsync(DaprLogicalReplaySource source, DaprLogicalSourceBinding binding, DaprLogicalClaimTrust trust, String ownerId, Nullable`1 takeoverGeneration, CancellationToken cancellationToken)
        tests/Hexalith.EventStore.Server.Tests/Events/DaprLogicalReconstructionTests.cs(590,0): at Hexalith.EventStore.Server.Tests.Events.DaprLogicalReconstructionTests.Begin(DaprLogicalReconstructionFixture fixture)
        tests/Hexalith.EventStore.Server.Tests/Events/DaprLogicalReconstructionTests.cs(341,0): at Hexalith.EventStore.Server.Tests.Events.DaprLogicalReconstructionTests.TakeoverRetainsCurrentCanonicalStateAfterCommittedPage()
        tests/Hexalith.EventStore.Server.Tests/Events/DaprLogicalReconstructionTests.cs(349,0): at Hexalith.EventStore.Server.Tests.Events.DaprLogicalReconstructionTests.TakeoverRetainsCurrentCanonicalStateAfterCommittedPage()
        --- End of stack trace from previous location ---
  Finished:    Hexalith.EventStore.Server.Tests (ID = 'a22c81c1644009a3e6b0a7fd61c21c28090d74900df170ecbf330b134b2940c6')
=== TEST EXECUTION SUMMARY ===
   Hexalith.EventStore.Server.Tests  Total: 92, Errors: 0, Failed: 66, Skipped: 0, Not Run: 0, Time: 20.377s
