Getting logs...
{
  "logs": [
    {
      "resourceName": "sample-api-dapr-cli",
      "content": "Waiting for resource 'eventstore' to enter the 'Running' state.",
      "isError": false
    },
    {
      "resourceName": "eventstore-admin-dapr-cli",
      "content": "Waiting for resource 'security' to enter the 'Running' state.",
      "isError": false
    },
    {
      "resourceName": "sample-api",
      "content": "Waiting for resource 'eventstore' to enter the 'Running' state.",
      "isError": false
    },
    {
      "resourceName": "eventstore",
      "content": "Waiting for resource 'security' to enter the 'Running' state.",
      "isError": false
    },
    {
      "resourceName": "tenants-api-dapr-cli",
      "content": "Waiting for resource 'eventstore' to enter the 'Running' state.",
      "isError": false
    },
    {
      "resourceName": "tenants-dapr-cli",
      "content": "Waiting for resource 'eventstore' to enter the 'Running' state.",
      "isError": false
    },
    {
      "resourceName": "eventstore-dapr-cli",
      "content": "Waiting for resource 'security' to enter the 'Running' state.",
      "isError": false
    },
    {
      "resourceName": "sample-blazor-ui",
      "content": "Waiting for resource 'eventstore' to enter the 'Running' state.",
      "isError": false
    },
    {
      "resourceName": "sample-blazor-ui-dapr-cli",
      "content": "Waiting for resource 'eventstore' to enter the 'Running' state.",
      "isError": false
    },
    {
      "resourceName": "sample-dapr-cli",
      "content": "Waiting for resource 'eventstore' to enter the 'Running' state.",
      "isError": false
    },
    {
      "resourceName": "sample",
      "content": "Waiting for resource 'eventstore' to enter the 'Running' state.",
      "isError": false
    },
    {
      "resourceName": "eventstore-admin-ui-dapr-cli",
      "content": "Waiting for resource 'eventstore-admin' to enter the 'Running' state.",
      "isError": false
    },
    {
      "resourceName": "sample-api-dapr-cli",
      "content": "Waiting for resource 'security' to enter the 'Running' state.",
      "isError": false
    },
    {
      "resourceName": "eventstore-admin-ui-dapr-cli",
      "content": "Waiting for resource 'security' to enter the 'Running' state.",
      "isError": false
    },
    {
      "resourceName": "eventstore-admin-dapr-cli",
      "content": "Waiting for resource 'statestore' to enter the 'Running' state.",
      "isError": false
    },
    {
      "resourceName": "sample-api",
      "content": "Waiting for resource 'security' to enter the 'Running' state.",
      "isError": false
    },
    {
      "resourceName": "tenants-api-dapr-cli",
      "content": "Waiting for resource 'security' to enter the 'Running' state.",
      "isError": false
    },
    {
      "resourceName": "sample-blazor-ui-dapr-cli",
      "content": "Waiting for resource 'security' to enter the 'Running' state.",
      "isError": false
    },
    {
      "resourceName": "sample",
      "content": "Waiting for resource 'security' to enter the 'Running' state.",
      "isError": false
    },
    {
      "resourceName": "sample-dapr-cli",
      "content": "Waiting for resource 'security' to enter the 'Running' state.",
      "isError": false
    },
    {
      "resourceName": "tenants-dapr-cli",
      "content": "Waiting for resource 'security' to enter the 'Running' state.",
      "isError": false
    },
    {
      "resourceName": "eventstore-dapr-cli",
      "content": "Waiting for resource 'statestore' to enter the 'Running' state.",
      "isError": false
    },
    {
      "resourceName": "sample-blazor-ui",
      "content": "Waiting for resource 'security' to enter the 'Running' state.",
      "isError": false
    },
    {
      "resourceName": "tenants-dapr-cli",
      "content": "Waiting for resource 'statestore' to enter the 'Running' state.",
      "isError": false
    },
    {
      "resourceName": "eventstore-admin-dapr-cli",
      "content": "Waiting for resource ready to execute for 'statestore'.",
      "isError": false
    },
    {
      "resourceName": "eventstore-dapr-cli",
      "content": "Waiting for resource ready to execute for 'statestore'.",
      "isError": false
    },
    {
      "resourceName": "tenants-dapr-cli",
      "content": "Waiting for resource ready to execute for 'statestore'.",
      "isError": false
    },
    {
      "resourceName": "tenants-dapr-cli",
      "content": "Finished waiting for resource 'statestore'.",
      "isError": false
    },
    {
      "resourceName": "eventstore-admin-dapr-cli",
      "content": "Finished waiting for resource 'statestore'.",
      "isError": false
    },
    {
      "resourceName": "eventstore-dapr-cli",
      "content": "Finished waiting for resource 'statestore'.",
      "isError": false
    },
    {
      "resourceName": "tenants-dapr-cli",
      "content": "Waiting for resource 'pubsub' to enter the 'Running' state.",
      "isError": false
    },
    {
      "resourceName": "eventstore-dapr-cli",
      "content": "Waiting for resource 'pubsub' to enter the 'Running' state.",
      "isError": false
    },
    {
      "resourceName": "eventstore-dapr-cli",
      "content": "Waiting for resource ready to execute for 'pubsub'.",
      "isError": false
    },
    {
      "resourceName": "tenants-dapr-cli",
      "content": "Waiting for resource ready to execute for 'pubsub'.",
      "isError": false
    },
    {
      "resourceName": "eventstore-dapr-cli",
      "content": "Finished waiting for resource 'pubsub'.",
      "isError": false
    },
    {
      "resourceName": "tenants-dapr-cli",
      "content": "Finished waiting for resource 'pubsub'.",
      "isError": false
    },
    {
      "resourceName": "eventstore-admin",
      "content": "Waiting for resource 'security' to enter the 'Running' state.",
      "isError": false
    },
    {
      "resourceName": "tenants-api",
      "content": "Waiting for resource 'eventstore' to enter the 'Running' state.",
      "isError": false
    },
    {
      "resourceName": "tenants-api",
      "content": "Waiting for resource 'security' to enter the 'Running' state.",
      "isError": false
    },
    {
      "resourceName": "eventstore-admin-ui",
      "content": "Waiting for resource 'eventstore-admin' to enter the 'Running' state.",
      "isError": false
    },
    {
      "resourceName": "eventstore-admin-ui",
      "content": "Waiting for resource 'security' to enter the 'Running' state.",
      "isError": false
    },
    {
      "resourceName": "tenants",
      "content": "Waiting for resource 'eventstore' to enter the 'Running' state.",
      "isError": false
    },
    {
      "resourceName": "tenants",
      "content": "Waiting for resource 'security' to enter the 'Running' state.",
      "isError": false
    },
    {
      "resourceName": "security",
      "content": "cbe7de16fb9bb7ea1a5701bc6e9756715a2179a2f0e0ffd7c65e7368605c5d50",
      "isError": false
    },
    {
      "resourceName": "security",
      "content": "",
      "isError": false
    },
    {
      "resourceName": "security",
      "content": "cbe7de16fb9bb7ea1a5701bc6e9756715a2179a2f0e0ffd7c65e7368605c5d50",
      "isError": false
    },
    {
      "resourceName": "security",
      "content": "[sys] Added new ContainerNetworkConnection: ContainerName = security-eavsgudt",
      "isError": false
    },
    {
      "resourceName": "tenants-api-dapr-cli",
      "content": "Waiting for resource 'security' to become healthy.",
      "isError": false
    },
    {
      "resourceName": "eventstore-admin-ui-dapr-cli",
      "content": "Waiting for resource 'security' to become healthy.",
      "isError": false
    },
    {
      "resourceName": "eventstore-dapr-cli",
      "content": "Waiting for resource 'security' to become healthy.",
      "isError": false
    },
    {
      "resourceName": "sample-blazor-ui",
      "content": "Waiting for resource 'security' to become healthy.",
      "isError": false
    },
    {
      "resourceName": "tenants-dapr-cli",
      "content": "Waiting for resource 'security' to become healthy.",
      "isError": false
    },
    {
      "resourceName": "eventstore-admin-dapr-cli",
      "content": "Waiting for resource 'security' to become healthy.",
      "isError": false
    },
    {
      "resourceName": "sample-blazor-ui-dapr-cli",
      "content": "Waiting for resource 'security' to become healthy.",
      "isError": false
    },
    {
      "resourceName": "eventstore",
      "content": "Waiting for resource 'security' to become healthy.",
      "isError": false
    },
    {
      "resourceName": "sample",
      "content": "Waiting for resource 'security' to become healthy.",
      "isError": false
    },
    {
      "resourceName": "sample-api-dapr-cli",
      "content": "Waiting for resource 'security' to become healthy.",
      "isError": false
    },
    {
      "resourceName": "sample-api",
      "content": "Waiting for resource 'security' to become healthy.",
      "isError": false
    },
    {
      "resourceName": "eventstore-admin",
      "content": "Waiting for resource 'security' to become healthy.",
      "isError": false
    },
    {
      "resourceName": "sample-dapr-cli",
      "content": "Waiting for resource 'security' to become healthy.",
      "isError": false
    },
    {
      "resourceName": "tenants-api",
      "content": "Waiting for resource 'security' to become healthy.",
      "isError": false
    },
    {
      "resourceName": "eventstore-admin-ui",
      "content": "Waiting for resource 'security' to become healthy.",
      "isError": false
    },
    {
      "resourceName": "tenants",
      "content": "Waiting for resource 'security' to become healthy.",
      "isError": false
    },
    {
      "resourceName": "security",
      "content": "Updating the configuration and installing your custom providers, if any. Please wait.",
      "isError": false
    },
    {
      "resourceName": "security",
      "content": "2026-10-08 08:33:45,642 INFO  [io.quarkus.deployment.QuarkusAugmentor] (main) Quarkus augmentation completed in 7930ms",
      "isError": false
    },
    {
      "resourceName": "security",
      "content": "Running the server in development mode. DO NOT use this configuration in production.",
      "isError": false
    },
    {
      "resourceName": "security",
      "content": "2026-10-08 08:33:48,797 INFO  [org.infinispan.CONTAINER] (main) ISPN000974: Virtual threads support: enabled",
      "isError": false
    },
    {
      "resourceName": "security",
      "content": "2026-10-08 08:33:49,730 INFO  [org.hibernate.orm.jdbc.batch] (JPA Startup Thread) HHH100501: Automatic JDBC statement batching enabled (maximum batch size 32)",
      "isError": false
    },
    {
      "resourceName": "security",
      "content": "2026-10-08 08:33:50,552 INFO  [org.keycloak.quarkus.runtime.storage.database.liquibase.QuarkusJpaUpdaterProvider] (main) Initializing database schema. Using changelog META-INF/jpa-changelog-master.xml",
      "isError": false
    },
    {
      "resourceName": "security",
      "content": "2026-10-08 08:33:54,307 INFO  [org.infinispan.CONTAINER] (main) ISPN000556: Starting user marshaller 'org.infinispan.commons.marshall.ImmutableProtoStreamMarshaller'",
      "isError": false
    },
    {
      "resourceName": "security",
      "content": "2026-10-08 08:33:54,629 INFO  [org.keycloak.connections.infinispan.DefaultInfinispanConnectionProviderFactory] (main) Node name: node_547849, Site name: null",
      "isError": false
    },
    {
      "resourceName": "security",
      "content": "2026-10-08 08:33:54,790 INFO  [org.keycloak.models.workflow.WorkflowsEventListenerFactory] (main) Workflow runner task scheduled: next execution at 20:33:54, then every PT12H",
      "isError": false
    },
    {
      "resourceName": "security",
      "content": "2026-10-08 08:33:54,891 INFO  [org.keycloak.exportimport.dir.DirImportProvider] (main) Importing from directory /opt/keycloak/bin/../data/import",
      "isError": false
    },
    {
      "resourceName": "security",
      "content": "2026-10-08 08:33:54,900 INFO  [org.keycloak.services] (main) KC-SERVICES0050: Initializing master realm",
      "isError": false
    },
    {
      "resourceName": "security",
      "content": "2026-10-08 08:33:55,948 INFO  [org.keycloak.services] (main) KC-SERVICES0030: Full model import requested. Strategy: IGNORE_EXISTING",
      "isError": false
    },
    {
      "resourceName": "security",
      "content": "2026-10-08 08:33:57,586 INFO  [org.keycloak.exportimport.util.ImportUtils] (main) Realm 'hexalith' imported",
      "isError": false
    },
    {
      "resourceName": "security",
      "content": "2026-10-08 08:33:57,591 INFO  [org.keycloak.services] (main) KC-SERVICES0032: Import finished successfully",
      "isError": false
    },
    {
      "resourceName": "security",
      "content": "2026-10-08 08:33:57,664 INFO  [org.keycloak.services] (main) KC-SERVICES0077: Created temporary admin user with username admin",
      "isError": false
    },
    {
      "resourceName": "security",
      "content": "2026-10-08 08:33:57,797 INFO  [org.keycloak.services.resources.KeycloakApplication] (main) Bootstrap completed in 8.036000 seconds",
      "isError": false
    },
    {
      "resourceName": "security",
      "content": "2026-10-08 08:33:57,983 INFO  [io.quarkus] (main) Keycloak 26.6.2 on JVM (powered by Quarkus 3.33.1.1) started in 12.014s. Listening on: http://0.0.0.0:8080 and https://0.0.0.0:8443. Management interface listening on https://0.0.0.0:9000.",
      "isError": false
    },
    {
      "resourceName": "security",
      "content": "2026-10-08 08:33:57,983 INFO  [io.quarkus] (main) Profile dev activated. ",
      "isError": false
    },
    {
      "resourceName": "security",
      "content": "2026-10-08 08:33:57,984 INFO  [io.quarkus] (main) Installed features: [agroal, cdi, hibernate-orm, jdbc-h2, keycloak, narayana-jta, opentelemetry, reactive-routes, rest, rest-jackson, smallrye-context-propagation, smallrye-health, vertx]",
      "isError": false
    },
    {
      "resourceName": "tenants-api-dapr-cli",
      "content": "Waiting for resource ready to execute for 'security'.",
      "isError": false
    },
    {
      "resourceName": "sample-blazor-ui",
      "content": "Waiting for resource ready to execute for 'security'.",
      "isError": false
    },
    {
      "resourceName": "sample-blazor-ui",
      "content": "Finished waiting for resource 'security'.",
      "isError": false
    },
    {
      "resourceName": "tenants-api-dapr-cli",
      "content": "Finished waiting for resource 'security'.",
      "isError": false
    },
    {
      "resourceName": "eventstore-dapr-cli",
      "content": "Waiting for resource ready to execute for 'security'.",
      "isError": false
    },
    {
      "resourceName": "eventstore-dapr-cli",
      "content": "Finished waiting for resource 'security'.",
      "isError": false
    },
    {
      "resourceName": "eventstore-admin-dapr-cli",
      "content": "Waiting for resource ready to execute for 'security'.",
      "isError": false
    },
    {
      "resourceName": "eventstore-admin-dapr-cli",
      "content": "Finished waiting for resource 'security'.",
      "isError": false
    },
    {
      "resourceName": "eventstore-admin-ui-dapr-cli",
      "content": "Waiting for resource ready to execute for 'security'.",
      "isError": false
    },
    {
      "resourceName": "tenants-dapr-cli",
      "content": "Waiting for resource ready to execute for 'security'.",
      "isError": false
    },
    {
      "resourceName": "eventstore-admin-ui-dapr-cli",
      "content": "Finished waiting for resource 'security'.",
      "isError": false
    },
    {
      "resourceName": "tenants-dapr-cli",
      "content": "Finished waiting for resource 'security'.",
      "isError": false
    },
    {
      "resourceName": "sample-blazor-ui-dapr-cli",
      "content": "Waiting for resource ready to execute for 'security'.",
      "isError": false
    },
    {
      "resourceName": "sample-blazor-ui-dapr-cli",
      "content": "Finished waiting for resource 'security'.",
      "isError": false
    },
    {
      "resourceName": "eventstore",
      "content": "Waiting for resource ready to execute for 'security'.",
      "isError": false
    },
    {
      "resourceName": "eventstore",
      "content": "Finished waiting for resource 'security'.",
      "isError": false
    },
    {
      "resourceName": "sample-api-dapr-cli",
      "content": "Waiting for resource ready to execute for 'security'.",
      "isError": false
    },
    {
      "resourceName": "sample-api-dapr-cli",
      "content": "Finished waiting for resource 'security'.",
      "isError": false
    },
    {
      "resourceName": "sample-api",
      "content": "Waiting for resource ready to execute for 'security'.",
      "isError": false
    },
    {
      "resourceName": "sample-api",
      "content": "Finished waiting for resource 'security'.",
      "isError": false
    },
    {
      "resourceName": "eventstore-admin",
      "content": "Waiting for resource ready to execute for 'security'.",
      "isError": false
    },
    {
      "resourceName": "sample-dapr-cli",
      "content": "Waiting for resource ready to execute for 'security'.",
      "isError": false
    },
    {
      "resourceName": "sample-dapr-cli",
      "content": "Finished waiting for resource 'security'.",
      "isError": false
    },
    {
      "resourceName": "tenants-api",
      "content": "Waiting for resource ready to execute for 'security'.",
      "isError": false
    },
    {
      "resourceName": "eventstore-admin",
      "content": "Finished waiting for resource 'security'.",
      "isError": false
    },
    {
      "resourceName": "tenants",
      "content": "Waiting for resource ready to execute for 'security'.",
      "isError": false
    },
    {
      "resourceName": "tenants",
      "content": "Finished waiting for resource 'security'.",
      "isError": false
    },
    {
      "resourceName": "tenants-api",
      "content": "Finished waiting for resource 'security'.",
      "isError": false
    },
    {
      "resourceName": "eventstore-admin-ui",
      "content": "Waiting for resource ready to execute for 'security'.",
      "isError": false
    },
    {
      "resourceName": "sample",
      "content": "Waiting for resource ready to execute for 'security'.",
      "isError": false
    },
    {
      "resourceName": "eventstore-admin-ui",
      "content": "Finished waiting for resource 'security'.",
      "isError": false
    },
    {
      "resourceName": "sample",
      "content": "Finished waiting for resource 'security'.",
      "isError": false
    },
    {
      "resourceName": "eventstore-admin-dapr-cli",
      "content": "[sys] Starting process...: Cmd = /usr/local/bin/dapr, Args = [\"run\", \"--app-id\", \"eventstore-admin\", \"--config\", \"/home/administrator/projects/hexalith/eventstore/src/Hexalith.EventStore.AppHost/DaprComponents/accesscontrol.eventstore-admin.yaml\", \"--placement-host-address\", \"localhost:50005\", \"--resources-path\", \"/tmp/hexalith-eventstore-dapr-components/statestore\", \"--scheduler-host-address\", \"localhost:50006\", \"--app-port\", \"44861\", \"--dapr-grpc-port\", \"19599\", \"--dapr-http-port\", \"19598\", \"--metrics-port\", \"19597\", \"--app-channel-address\", \"localhost\", \"--app-protocol\", \"http\"]",
      "isError": false
    },
    {
      "resourceName": "eventstore-dapr-cli",
      "content": "[sys] Starting process...: Cmd = /usr/local/bin/dapr, Args = [\"run\", \"--app-id\", \"eventstore\", \"--config\", \"/home/administrator/projects/hexalith/eventstore/src/Hexalith.EventStore.AppHost/DaprComponents/accesscontrol.yaml\", \"--placement-host-address\", \"localhost:50005\", \"--resources-path\", \"/tmp/hexalith-eventstore-dapr-components/statestore\", \"--resources-path\", \"/tmp/aspire-dapr.7k4Lun/pubsub\", \"--scheduler-host-address\", \"localhost:50006\", \"--app-port\", \"42947\", \"--dapr-grpc-port\", \"19602\", \"--dapr-http-port\", \"19601\", \"--metrics-port\", \"19600\", \"--app-channel-address\", \"localhost\", \"--app-protocol\", \"http\"]",
      "isError": false
    },
    {
      "resourceName": "eventstore-admin",
      "content": "[sys] Starting process...: Cmd = /home/administrator/.dotnet/dotnet, Args = [\"run\", \"--project\", \"/home/administrator/projects/hexalith/eventstore/src/Hexalith.EventStore.Admin.Server.Host/Hexalith.EventStore.Admin.Server.Host.csproj\", \"--no-build\", \"--configuration\", \"Debug\", \"--no-launch-profile\"]",
      "isError": false
    },
    {
      "resourceName": "eventstore",
      "content": "[sys] Starting process...: Cmd = /home/administrator/.dotnet/dotnet, Args = [\"run\", \"--project\", \"/home/administrator/projects/hexalith/eventstore/src/Hexalith.EventStore/Hexalith.EventStore.csproj\", \"--no-build\", \"--configuration\", \"Debug\", \"--no-launch-profile\"]",
      "isError": false
    },
    {
      "resourceName": "sample-api-dapr-cli",
      "content": "Waiting for resource ready to execute for 'eventstore'.",
      "isError": false
    },
    {
      "resourceName": "sample-api-dapr-cli",
      "content": "Finished waiting for resource 'eventstore'.",
      "isError": false
    },
    {
      "resourceName": "sample",
      "content": "Waiting for resource ready to execute for 'eventstore'.",
      "isError": false
    },
    {
      "resourceName": "sample",
      "content": "Finished waiting for resource 'eventstore'.",
      "isError": false
    },
    {
      "resourceName": "tenants-dapr-cli",
      "content": "Waiting for resource ready to execute for 'eventstore'.",
      "isError": false
    },
    {
      "resourceName": "tenants-dapr-cli",
      "content": "Finished waiting for resource 'eventstore'.",
      "isError": false
    },
    {
      "resourceName": "sample-dapr-cli",
      "content": "Waiting for resource ready to execute for 'eventstore'.",
      "isError": false
    },
    {
      "resourceName": "sample-dapr-cli",
      "content": "Finished waiting for resource 'eventstore'.",
      "isError": false
    },
    {
      "resourceName": "sample-blazor-ui",
      "content": "Waiting for resource ready to execute for 'eventstore'.",
      "isError": false
    },
    {
      "resourceName": "sample-blazor-ui",
      "content": "Finished waiting for resource 'eventstore'.",
      "isError": false
    },
    {
      "resourceName": "sample-blazor-ui-dapr-cli",
      "content": "Waiting for resource ready to execute for 'eventstore'.",
      "isError": false
    },
    {
      "resourceName": "sample-blazor-ui-dapr-cli",
      "content": "Finished waiting for resource 'eventstore'.",
      "isError": false
    },
    {
      "resourceName": "sample-api",
      "content": "Waiting for resource ready to execute for 'eventstore'.",
      "isError": false
    },
    {
      "resourceName": "sample-api",
      "content": "Finished waiting for resource 'eventstore'.",
      "isError": false
    },
    {
      "resourceName": "tenants-api-dapr-cli",
      "content": "Waiting for resource ready to execute for 'eventstore'.",
      "isError": false
    },
    {
      "resourceName": "tenants-api-dapr-cli",
      "content": "Finished waiting for resource 'eventstore'.",
      "isError": false
    },
    {
      "resourceName": "tenants-api",
      "content": "Waiting for resource ready to execute for 'eventstore'.",
      "isError": false
    },
    {
      "resourceName": "tenants-api",
      "content": "Finished waiting for resource 'eventstore'.",
      "isError": false
    },
    {
      "resourceName": "tenants",
      "content": "Waiting for resource ready to execute for 'eventstore'.",
      "isError": false
    },
    {
      "resourceName": "tenants",
      "content": "Finished waiting for resource 'eventstore'.",
      "isError": false
    },
    {
      "resourceName": "eventstore-admin-ui-dapr-cli",
      "content": "Waiting for resource ready to execute for 'eventstore-admin'.",
      "isError": false
    },
    {
      "resourceName": "eventstore-admin-ui",
      "content": "Waiting for resource ready to execute for 'eventstore-admin'.",
      "isError": false
    },
    {
      "resourceName": "eventstore-admin-ui-dapr-cli",
      "content": "Finished waiting for resource 'eventstore-admin'.",
      "isError": false
    },
    {
      "resourceName": "eventstore-admin-ui",
      "content": "Finished waiting for resource 'eventstore-admin'.",
      "isError": false
    },
    {
      "resourceName": "sample-api-dapr-cli",
      "content": "[sys] Starting process...: Cmd = /usr/local/bin/dapr, Args = [\"run\", \"--app-id\", \"sample-api\", \"--placement-host-address\", \"localhost:50005\", \"--scheduler-host-address\", \"localhost:50006\", \"--app-port\", \"35549\", \"--dapr-grpc-port\", \"19581\", \"--dapr-http-port\", \"19580\", \"--metrics-port\", \"19579\", \"--app-channel-address\", \"localhost\", \"--app-protocol\", \"http\"]",
      "isError": false
    },
    {
      "resourceName": "sample-blazor-ui",
      "content": "[sys] Starting process...: Cmd = /home/administrator/.dotnet/dotnet, Args = [\"run\", \"--project\", \"/home/administrator/projects/hexalith/eventstore/samples/Hexalith.EventStore.Sample.BlazorUI/Hexalith.EventStore.Sample.BlazorUI.csproj\", \"--no-build\", \"--configuration\", \"Debug\", \"--no-launch-profile\"]",
      "isError": false
    },
    {
      "resourceName": "sample-blazor-ui-dapr-cli",
      "content": "[sys] Starting process...: Cmd = /usr/local/bin/dapr, Args = [\"run\", \"--app-id\", \"sample-blazor-ui\", \"--placement-host-address\", \"localhost:50005\", \"--scheduler-host-address\", \"localhost:50006\", \"--app-port\", \"35715\", \"--dapr-grpc-port\", \"19584\", \"--dapr-http-port\", \"19583\", \"--metrics-port\", \"19582\", \"--app-channel-address\", \"localhost\", \"--app-protocol\", \"http\"]",
      "isError": false
    },
    {
      "resourceName": "eventstore-admin-ui",
      "content": "[sys] Starting process...: Cmd = /home/administrator/.dotnet/dotnet, Args = [\"run\", \"--project\", \"/home/administrator/projects/hexalith/eventstore/src/Hexalith.EventStore.Admin.UI/Hexalith.EventStore.Admin.UI.csproj\", \"--no-build\", \"--configuration\", \"Debug\", \"--no-launch-profile\"]",
      "isError": false
    },
    {
      "resourceName": "eventstore-dapr-cli",
      "content": "WARNING: no application command found.",
      "isError": false
    },
    {
      "resourceName": "tenants-api-dapr-cli",
      "content": "[sys] Starting process...: Cmd = /usr/local/bin/dapr, Args = [\"run\", \"--app-id\", \"tenants-api\", \"--placement-host-address\", \"localhost:50005\", \"--scheduler-host-address\", \"localhost:50006\", \"--app-port\", \"36439\", \"--dapr-grpc-port\", \"19590\", \"--dapr-http-port\", \"19589\", \"--metrics-port\", \"19588\", \"--app-channel-address\", \"localhost\", \"--app-protocol\", \"http\"]",
      "isError": false
    },
    {
      "resourceName": "sample-api",
      "content": "[sys] Starting process...: Cmd = /home/administrator/.dotnet/dotnet, Args = [\"run\", \"--project\", \"/home/administrator/projects/hexalith/eventstore/samples/Hexalith.EventStore.Sample.Api/Hexalith.EventStore.Sample.Api.csproj\", \"--no-build\", \"--configuration\", \"Debug\", \"--no-launch-profile\"]",
      "isError": false
    },
    {
      "resourceName": "tenants-api",
      "content": "[sys] Starting process...: Cmd = /home/administrator/.dotnet/dotnet, Args = [\"run\", \"--project\", \"/home/administrator/projects/hexalith/eventstore/references/Hexalith.Tenants/src/Hexalith.Tenants.Api/Hexalith.Tenants.Api.csproj\", \"--configuration\", \"Debug\", \"--no-launch-profile\"]",
      "isError": false
    },
    {
      "resourceName": "eventstore-admin-ui-dapr-cli",
      "content": "[sys] Starting process...: Cmd = /usr/local/bin/dapr, Args = [\"run\", \"--app-id\", \"eventstore-admin-ui\", \"--placement-host-address\", \"localhost:50005\", \"--scheduler-host-address\", \"localhost:50006\", \"--app-port\", \"34263\", \"--dapr-grpc-port\", \"19596\", \"--dapr-http-port\", \"19595\", \"--metrics-port\", \"19594\", \"--app-channel-address\", \"localhost\", \"--app-protocol\", \"http\"]",
      "isError": false
    },
    {
      "resourceName": "eventstore-dapr-cli",
      "content": "ℹ️  Starting Dapr with id eventstore. HTTP Port: 19601. gRPC Port: 19602",
      "isError": false
    },
    {
      "resourceName": "sample-dapr-cli",
      "content": "[sys] Starting process...: Cmd = /usr/local/bin/dapr, Args = [\"run\", \"--app-health-check-path\", \"/alive\", \"--app-id\", \"sample\", \"--config\", \"/home/administrator/projects/hexalith/eventstore/src/Hexalith.EventStore.AppHost/DaprComponents/accesscontrol.sample.yaml\", \"--enable-app-health-check\", \"--placement-host-address\", \"localhost:50005\", \"--resources-path\", \"/tmp/hexalith-eventstore-empty-dapr-resources\", \"--scheduler-host-address\", \"localhost:50006\", \"--app-port\", \"43921\", \"--dapr-grpc-port\", \"19587\", \"--dapr-http-port\", \"19586\", \"--metrics-port\", \"19585\", \"--app-channel-address\", \"localhost\", \"--app-protocol\", \"http\"]",
      "isError": false
    },
    {
      "resourceName": "tenants-dapr-cli",
      "content": "[sys] Starting process...: Cmd = /usr/local/bin/dapr, Args = [\"run\", \"--app-health-check-path\", \"/alive\", \"--app-id\", \"tenants\", \"--config\", \"/home/administrator/projects/hexalith/eventstore/src/Hexalith.EventStore.AppHost/DaprComponents/accesscontrol.tenants.yaml\", \"--enable-app-health-check\", \"--placement-host-address\", \"localhost:50005\", \"--resources-path\", \"/tmp/hexalith-eventstore-dapr-components/statestore\", \"--resources-path\", \"/tmp/aspire-dapr.7k4Lun/pubsub\", \"--scheduler-host-address\", \"localhost:50006\", \"--app-port\", \"46221\", \"--dapr-grpc-port\", \"19593\", \"--dapr-http-port\", \"19592\", \"--metrics-port\", \"19591\", \"--app-channel-address\", \"localhost\", \"--app-protocol\", \"http\"]",
      "isError": false
    },
    {
      "resourceName": "tenants",
      "content": "[sys] Starting process...: Cmd = /home/administrator/.dotnet/dotnet, Args = [\"run\", \"--project\", \"/home/administrator/projects/hexalith/eventstore/references/Hexalith.Tenants/src/Hexalith.Tenants/Hexalith.Tenants.csproj\", \"--configuration\", \"Debug\", \"--no-launch-profile\"]",
      "isError": false
    },
    {
      "resourceName": "sample",
      "content": "[sys] Starting process...: Cmd = /home/administrator/.dotnet/dotnet, Args = [\"run\", \"--project\", \"/home/administrator/projects/hexalith/eventstore/samples/Hexalith.EventStore.Sample/Hexalith.EventStore.Sample.csproj\", \"--no-build\", \"--configuration\", \"Debug\", \"--no-launch-profile\"]",
      "isError": false
    },
    {
      "resourceName": "eventstore-admin-dapr-cli",
      "content": "WARNING: no application command found.",
      "isError": false
    },
    {
      "resourceName": "eventstore-dapr-cli",
      "content": "time=\"2026-10-08T10:34:02.352344303+02:00\" level=info msg=\"Starting Dapr Runtime -- version 1.18.4 -- commit 6d1c53f430205c0c0f3bc3589ce5a3ec3f6f1647\" app_id=eventstore instance=DESKTOP-VIOG240 scope=dapr.runtime type=log ver=1.18.4",
      "isError": false
    },
    {
      "resourceName": "eventstore-dapr-cli",
      "content": "time=\"2026-10-08T10:34:02.35236876+02:00\" level=info msg=\"Log level set to: info\" app_id=eventstore instance=DESKTOP-VIOG240 scope=dapr.runtime type=log ver=1.18.4",
      "isError": false
    },
    {
      "resourceName": "eventstore-dapr-cli",
      "content": "time=\"2026-10-08T10:34:02.35302962+02:00\" level=warning msg=\"mTLS is disabled. Skipping certificate request and tls validation\" app_id=eventstore instance=DESKTOP-VIOG240 scope=dapr.runtime.security type=log ver=1.18.4",
      "isError": false
    },
    {
      "resourceName": "eventstore-dapr-cli",
      "content": "time=\"2026-10-08T10:34:02.354235072+02:00\" level=info msg=\"Enabled features: WorkflowsRemoteActivityReminder HotReload\" app_id=eventstore instance=DESKTOP-VIOG240 scope=dapr.runtime type=log ver=1.18.4",
      "isError": false
    },
    {
      "resourceName": "eventstore-dapr-cli",
      "content": "time=\"2026-10-08T10:34:02.35433159+02:00\" level=info msg=\"metric spec: {\\\"enabled\\\":true}\" app_id=eventstore instance=DESKTOP-VIOG240 scope=dapr.runtime.diagnostics type=log ver=1.18.4",
      "isError": false
    },
    {
      "resourceName": "eventstore-dapr-cli",
      "content": "time=\"2026-10-08T10:34:02.354372419+02:00\" level=info msg=\"Using default latency distribution buckets: [1 2 3 4 5 6 8 10 13 16 20 25 30 40 50 65 80 100 130 160 200 250 300 400 500 650 800 1000 2000 5000 10000 20000 50000 100000]\" app_id=eventstore instance=DESKTOP-VIOG240 scope=dapr.runtime.diagnostics type=log ver=1.18.4",
      "isError": false
    },
    {
      "resourceName": "eventstore-dapr-cli",
      "content": "time=\"2026-10-08T10:34:02.354466532+02:00\" level=warning msg=\"The default value for 'spec.metric.http.increasedCardinality' will change to 'false' in Dapr 1.15 or later\" app_id=eventstore instance=DESKTOP-VIOG240 scope=dapr.runtime.diagnostics type=log ver=1.18.4",
      "isError": false
    },
    {
      "resourceName": "eventstore-dapr-cli",
      "content": "time=\"2026-10-08T10:34:02.356095507+02:00\" level=info msg=\"Watching directories: [/tmp/hexalith-eventstore-dapr-components/statestore, /tmp/aspire-dapr.7k4Lun/pubsub]\" app_id=eventstore instance=DESKTOP-VIOG240 scope=dapr.runtime.hotreload.loader.disk type=log ver=1.18.4",
      "isError": false
    },
    {
      "resourceName": "eventstore-dapr-cli",
      "content": "time=\"2026-10-08T10:34:02.358843056+02:00\" level=info msg=\"standalone mode configured\" app_id=eventstore instance=DESKTOP-VIOG240 scope=dapr.runtime type=log ver=1.18.4",
      "isError": false
    },
    {
      "resourceName": "eventstore-dapr-cli",
      "content": "time=\"2026-10-08T10:34:02.358853766+02:00\" level=info msg=\"app id: eventstore\" app_id=eventstore instance=DESKTOP-VIOG240 scope=dapr.runtime type=log ver=1.18.4",
      "isError": false
    },
    {
      "resourceName": "eventstore-dapr-cli",
      "content": "time=\"2026-10-08T10:34:02.360226915+02:00\" level=info msg=\"metrics server started on 0.0.0.0:19600/\" app_id=eventstore instance=DESKTOP-VIOG240 scope=dapr.runtime type=log ver=1.18.4",
      "isError": false
    },
    {
      "resourceName": "eventstore-dapr-cli",
      "content": "time=\"2026-10-08T10:34:02.360496779+02:00\" level=info msg=\"Dapr trace sampler initialized: ParentBased{root:TraceIDRatioBased{1},remoteParentSampled:AlwaysOnSampler,remoteParentNotSampled:AlwaysOffSampler,localParentSampled:AlwaysOnSampler,localParentNotSampled:AlwaysOffSampler}\" app_id=eventstore instance=DESKTOP-VIOG240 scope=dapr.runtime type=log ver=1.18.4",
      "isError": false
    },
    {
      "resourceName": "eventstore-dapr-cli",
      "content": "time=\"2026-10-08T10:34:02.360790009+02:00\" level=info msg=\"local service entry announced: eventstore -> 172.21.201.86:42187\" app_id=eventstore component=\"nr (mdns/v1)\" instance=DESKTOP-VIOG240 scope=dapr.contrib type=log ver=1.18.4",
      "isError": false
    },
    {
      "resourceName": "eventstore-dapr-cli",
      "content": "time=\"2026-10-08T10:34:02.360810278+02:00\" level=info msg=\"Initialized name resolution to mdns\" app_id=eventstore instance=DESKTOP-VIOG240 scope=dapr.runtime type=log ver=1.18.4",
      "isError": false
    },
    {
      "resourceName": "eventstore-dapr-cli",
      "content": "time=\"2026-10-08T10:34:02.360849304+02:00\" level=info msg=\"Loading components…\" app_id=eventstore instance=DESKTOP-VIOG240 scope=dapr.runtime type=log ver=1.18.4",
      "isError": false
    },
    {
      "resourceName": "eventstore-dapr-cli",
      "content": "time=\"2026-10-08T10:34:02.363379871+02:00\" level=info msg=\"Connected and received scheduler hosts addresses: [localhost:50006]\" app_id=eventstore instance=DESKTOP-VIOG240 scope=dapr.runtime.scheduler.watchhosts type=log ver=1.18.4",
      "isError": false
    },
    {
      "resourceName": "eventstore-dapr-cli",
      "content": "time=\"2026-10-08T10:34:02.363572525+02:00\" level=info msg=\"Scheduler client initialized for address: localhost:50006\" app_id=eventstore instance=DESKTOP-VIOG240 scope=dapr.runtime.scheduler.clients type=log ver=1.18.4",
      "isError": false
    },
    {
      "resourceName": "eventstore-dapr-cli",
      "content": "time=\"2026-10-08T10:34:02.363586242+02:00\" level=info msg=\"Scheduler clients initialized\" app_id=eventstore instance=DESKTOP-VIOG240 scope=dapr.runtime.scheduler.clients type=log ver=1.18.4",
      "isError": false
    },
    {
      "resourceName": "eventstore-dapr-cli",
      "content": "time=\"2026-10-08T10:34:02.377973987+02:00\" level=info msg=\"Using 'statestore' as actor state store\" app_id=eventstore instance=DESKTOP-VIOG240 scope=dapr.runtime.processor.state type=log ver=1.18.4",
      "isError": false
    },
    {
      "resourceName": "eventstore-dapr-cli",
      "content": "time=\"2026-10-08T10:34:02.378040146+02:00\" level=info msg=\"Component loaded: statestore (state.redis/v1)\" app_id=eventstore instance=DESKTOP-VIOG240 scope=dapr.runtime.processor type=log ver=1.18.4",
      "isError": false
    },
    {
      "resourceName": "eventstore-dapr-cli",
      "content": "time=\"2026-10-08T10:34:02.378178316+02:00\" level=info msg=\"Waiting for all outstanding components to be processed…\" app_id=eventstore instance=DESKTOP-VIOG240 scope=dapr.runtime type=log ver=1.18.4",
      "isError": false
    },
    {
      "resourceName": "eventstore-dapr-cli",
      "content": "time=\"2026-10-08T10:34:02.379067243+02:00\" level=info msg=\"Component loaded: pubsub (pubsub.redis/v1)\" app_id=eventstore instance=DESKTOP-VIOG240 scope=dapr.runtime.processor type=log ver=1.18.4",
      "isError": false
    },
    {
      "resourceName": "eventstore-dapr-cli",
      "content": "time=\"2026-10-08T10:34:02.379106559+02:00\" level=info msg=\"All outstanding components processed\" app_id=eventstore instance=DESKTOP-VIOG240 scope=dapr.runtime type=log ver=1.18.4",
      "isError": false
    },
    {
      "resourceName": "eventstore-dapr-cli",
      "content": "time=\"2026-10-08T10:34:02.379116889+02:00\" level=info msg=\"Loading endpoints…\" app_id=eventstore instance=DESKTOP-VIOG240 scope=dapr.runtime type=log ver=1.18.4",
      "isError": false
    },
    {
      "resourceName": "eventstore-dapr-cli",
      "content": "time=\"2026-10-08T10:34:02.379338009+02:00\" level=info msg=\"Waiting for all outstanding http endpoints to be processed…\" app_id=eventstore instance=DESKTOP-VIOG240 scope=dapr.runtime type=log ver=1.18.4",
      "isError": false
    },
    {
      "resourceName": "eventstore-dapr-cli",
      "content": "time=\"2026-10-08T10:34:02.37934354+02:00\" level=info msg=\"All outstanding http endpoints processed\" app_id=eventstore instance=DESKTOP-VIOG240 scope=dapr.runtime type=log ver=1.18.4",
      "isError": false
    },
    {
      "resourceName": "eventstore-dapr-cli",
      "content": "time=\"2026-10-08T10:34:02.379348389+02:00\" level=info msg=\"Loading Declarative Subscriptions…\" app_id=eventstore instance=DESKTOP-VIOG240 scope=dapr.runtime type=log ver=1.18.4",
      "isError": false
    },
    {
      "resourceName": "eventstore-dapr-cli",
      "content": "time=\"2026-10-08T10:34:02.379732415+02:00\" level=info msg=\"gRPC server listening on TCP address: :19602\" app_id=eventstore instance=DESKTOP-VIOG240 scope=dapr.runtime.grpc.api type=log ver=1.18.4",
      "isError": false
    },
    {
      "resourceName": "eventstore-dapr-cli",
      "content": "time=\"2026-10-08T10:34:02.379752124+02:00\" level=info msg=\"Enabled gRPC tracing middleware\" app_id=eventstore instance=DESKTOP-VIOG240 scope=dapr.runtime.grpc.api type=log ver=1.18.4",
      "isError": false
    },
    {
      "resourceName": "eventstore-dapr-cli",
      "content": "time=\"2026-10-08T10:34:02.379756021+02:00\" level=info msg=\"Enabled gRPC metrics middleware\" app_id=eventstore instance=DESKTOP-VIOG240 scope=dapr.runtime.grpc.api type=log ver=1.18.4",
      "isError": false
    },
    {
      "resourceName": "eventstore-dapr-cli",
      "content": "time=\"2026-10-08T10:34:02.379756551+02:00\" level=info msg=\"Hot reloading enabled. Daprd will reload 'Component', 'Subscription', 'MCPServer', 'Configuration', 'HTTPEndpoint', 'Resiliency' and 'WorkflowAccessPolicy' resources when they are added, updated or deleted.\" app_id=eventstore instance=DESKTOP-VIOG240 scope=dapr.runtime.hotreload type=log ver=1.18.4",
      "isError": false
    },
    {
      "resourceName": "eventstore-dapr-cli",
      "content": "time=\"2026-10-08T10:34:02.379862829+02:00\" level=info msg=\"Registering workflow engine for gRPC endpoint: [::]:19602\" app_id=eventstore instance=DESKTOP-VIOG240 scope=dapr.runtime.grpc.api type=log ver=1.18.4",
      "isError": false
    },
    {
      "resourceName": "eventstore-dapr-cli",
      "content": "time=\"2026-10-08T10:34:02.379861324+02:00\" level=info msg=\"Starting to watch WorkflowAccessPolicy updates\" app_id=eventstore instance=DESKTOP-VIOG240 scope=dapr.runtime.hotreload.reconciler type=log ver=1.18.4",
      "isError": false
    },
    {
      "resourceName": "eventstore-dapr-cli",
      "content": "time=\"2026-10-08T10:34:02.379889981+02:00\" level=info msg=\"API gRPC server is running on port 19602\" app_id=eventstore instance=DESKTOP-VIOG240 scope=dapr.runtime type=log ver=1.18.4",
      "isError": false
    },
    {
      "resourceName": "eventstore-dapr-cli",
      "content": "time=\"2026-10-08T10:34:02.379914699+02:00\" level=warning msg=\"The default value for 'spec.metric.http.increasedCardinality' will change to 'false' in Dapr 1.15 or later\" app_id=eventstore instance=DESKTOP-VIOG240 scope=dapr.runtime.http type=log ver=1.18.4",
      "isError": false
    },
    {
      "resourceName": "eventstore-dapr-cli",
      "content": "time=\"2026-10-08T10:34:02.379923195+02:00\" level=info msg=\"Starting to watch Component updates\" app_id=eventstore instance=DESKTOP-VIOG240 scope=dapr.runtime.hotreload.reconciler type=log ver=1.18.4",
      "isError": false
    },
    {
      "resourceName": "eventstore-dapr-cli",
      "content": "time=\"2026-10-08T10:34:02.379945979+02:00\" level=info msg=\"Starting to watch Subscription updates\" app_id=eventstore instance=DESKTOP-VIOG240 scope=dapr.runtime.hotreload.reconciler type=log ver=1.18.4",
      "isError": false
    },
    {
      "resourceName": "eventstore-dapr-cli",
      "content": "time=\"2026-10-08T10:34:02.380014512+02:00\" level=info msg=\"Starting to watch MCPServer updates\" app_id=eventstore instance=DESKTOP-VIOG240 scope=dapr.runtime.hotreload.reconciler type=log ver=1.18.4",
      "isError": false
    },
    {
      "resourceName": "eventstore-dapr-cli",
      "content": "time=\"2026-10-08T10:34:02.379962352+02:00\" level=info msg=\"Enabled max body size HTTP middleware with size 4194304 bytes\" app_id=eventstore instance=DESKTOP-VIOG240 scope=dapr.runtime.http type=log ver=1.18.4",
      "isError": false
    },
    {
      "resourceName": "eventstore-dapr-cli",
      "content": "time=\"2026-10-08T10:34:02.380098996+02:00\" level=info msg=\"Enabled tracing HTTP middleware\" app_id=eventstore instance=DESKTOP-VIOG240 scope=dapr.runtime.http type=log ver=1.18.4",
      "isError": false
    },
    {
      "resourceName": "eventstore-dapr-cli",
      "content": "time=\"2026-10-08T10:34:02.380108134+02:00\" level=info msg=\"Enabled metrics HTTP middleware\" app_id=eventstore instance=DESKTOP-VIOG240 scope=dapr.runtime.http type=log ver=1.18.4",
      "isError": false
    },
    {
      "resourceName": "eventstore-dapr-cli",
      "content": "time=\"2026-10-08T10:34:02.380105681+02:00\" level=info msg=\"Starting to watch Configuration updates for SIGHUP reload\" app_id=eventstore instance=DESKTOP-VIOG240 scope=dapr.runtime.hotreload.reconciler type=log ver=1.18.4",
      "isError": false
    },
    {
      "resourceName": "eventstore-dapr-cli",
      "content": "time=\"2026-10-08T10:34:02.380137302+02:00\" level=info msg=\"Starting to watch HTTPEndpoint updates for SIGHUP reload\" app_id=eventstore instance=DESKTOP-VIOG240 scope=dapr.runtime.hotreload.reconciler type=log ver=1.18.4",
      "isError": false
    },
    {
      "resourceName": "eventstore-dapr-cli",
      "content": "time=\"2026-10-08T10:34:02.38018258+02:00\" level=info msg=\"Starting to watch Resiliency updates for SIGHUP reload\" app_id=eventstore instance=DESKTOP-VIOG240 scope=dapr.runtime.hotreload.reconciler type=log ver=1.18.4",
      "isError": false
    },
    {
      "resourceName": "eventstore-dapr-cli",
      "content": "time=\"2026-10-08T10:34:02.380369051+02:00\" level=info msg=\"HTTP server listening on TCP address: :19601\" app_id=eventstore instance=DESKTOP-VIOG240 scope=dapr.runtime.http type=log ver=1.18.4",
      "isError": false
    },
    {
      "resourceName": "eventstore-dapr-cli",
      "content": "time=\"2026-10-08T10:34:02.380451862+02:00\" level=info msg=\"HTTP server is running on port 19601\" app_id=eventstore instance=DESKTOP-VIOG240 scope=dapr.runtime type=log ver=1.18.4",
      "isError": false
    },
    {
      "resourceName": "eventstore-dapr-cli",
      "content": "time=\"2026-10-08T10:34:02.380479976+02:00\" level=info msg=\"The request body size parameter is: 4194304 bytes\" app_id=eventstore instance=DESKTOP-VIOG240 scope=dapr.runtime type=log ver=1.18.4",
      "isError": false
    },
    {
      "resourceName": "eventstore-dapr-cli",
      "content": "time=\"2026-10-08T10:34:02.380494605+02:00\" level=info msg=\"gRPC server listening on pre-bound TCP address: [::]:42187\" app_id=eventstore instance=DESKTOP-VIOG240 scope=dapr.runtime.grpc.internal type=log ver=1.18.4",
      "isError": false
    },
    {
      "resourceName": "eventstore-dapr-cli",
      "content": "time=\"2026-10-08T10:34:02.380503051+02:00\" level=info msg=\"Enabled gRPC tracing middleware\" app_id=eventstore instance=DESKTOP-VIOG240 scope=dapr.runtime.grpc.internal type=log ver=1.18.4",
      "isError": false
    },
    {
      "resourceName": "eventstore-dapr-cli",
      "content": "time=\"2026-10-08T10:34:02.380507971+02:00\" level=info msg=\"Enabled gRPC metrics middleware\" app_id=eventstore instance=DESKTOP-VIOG240 scope=dapr.runtime.grpc.internal type=log ver=1.18.4",
      "isError": false
    },
    {
      "resourceName": "eventstore-dapr-cli",
      "content": "time=\"2026-10-08T10:34:02.380550824+02:00\" level=info msg=\"Internal gRPC server is running on :42187\" app_id=eventstore instance=DESKTOP-VIOG240 scope=dapr.runtime type=log ver=1.18.4",
      "isError": false
    },
    {
      "resourceName": "eventstore-dapr-cli",
      "content": "time=\"2026-10-08T10:34:02.380561324+02:00\" level=info msg=\"Using Scheduler service for reminders.\" app_id=eventstore instance=DESKTOP-VIOG240 scope=dapr.runtime.actor.reminders.scheduler type=log ver=1.18.4",
      "isError": false
    },
    {
      "resourceName": "eventstore-dapr-cli",
      "content": "time=\"2026-10-08T10:34:02.380627754+02:00\" level=info msg=\"Loading MCP servers…\" app_id=eventstore instance=DESKTOP-VIOG240 scope=dapr.runtime type=log ver=1.18.4",
      "isError": false
    },
    {
      "resourceName": "eventstore-dapr-cli",
      "content": "time=\"2026-10-08T10:34:02.380823634+02:00\" level=info msg=\"Waiting for all outstanding MCP servers to be processed…\" app_id=eventstore instance=DESKTOP-VIOG240 scope=dapr.runtime type=log ver=1.18.4",
      "isError": false
    },
    {
      "resourceName": "eventstore-dapr-cli",
      "content": "time=\"2026-10-08T10:34:02.380836569+02:00\" level=info msg=\"All outstanding MCP servers processed\" app_id=eventstore instance=DESKTOP-VIOG240 scope=dapr.runtime type=log ver=1.18.4",
      "isError": false
    },
    {
      "resourceName": "eventstore-dapr-cli",
      "content": "time=\"2026-10-08T10:34:02.380849985+02:00\" level=info msg=\"application protocol: http. waiting on port 42947.  This will block until the app is listening on that port.\" app_id=eventstore instance=DESKTOP-VIOG240 scope=dapr.runtime type=log ver=1.18.4",
      "isError": false
    },
    {
      "resourceName": "eventstore-dapr-cli",
      "content": "time=\"2026-10-08T10:34:02.381027891+02:00\" level=info msg=\"Actor runtime started\" app_id=eventstore instance=DESKTOP-VIOG240 scope=dapr.runtime.actor type=log ver=1.18.4",
      "isError": false
    },
    {
      "resourceName": "eventstore-dapr-cli",
      "content": "time=\"2026-10-08T10:34:02.381061697+02:00\" level=warning msg=\"Graceful shutdown timeout is infinite, will wait indefinitely to shutdown\" app_id=eventstore instance=DESKTOP-VIOG240 scope=dapr.runtime.actor type=log ver=1.18.4",
      "isError": false
    },
    {
      "resourceName": "eventstore-dapr-cli",
      "content": "time=\"2026-10-08T10:34:02.381153705+02:00\" level=info msg=\"worker started with backend dapr.actors/v1\" app_id=eventstore instance=DESKTOP-VIOG240 scope=dapr.wfengine.durabletask.backend type=log ver=1.18.4",
      "isError": false
    },
    {
      "resourceName": "eventstore-dapr-cli",
      "content": "time=\"2026-10-08T10:34:02.381202731+02:00\" level=info msg=\"Workflow engine started\" app_id=eventstore instance=DESKTOP-VIOG240 scope=dapr.runtime.wfengine type=log ver=1.18.4",
      "isError": false
    },
    {
      "resourceName": "eventstore-dapr-cli",
      "content": "time=\"2026-10-08T10:34:02.381550416+02:00\" level=info msg=\"application discovered on port 42947\" app_id=eventstore instance=DESKTOP-VIOG240 scope=dapr.runtime type=log ver=1.18.4",
      "isError": false
    },
    {
      "resourceName": "eventstore-admin-dapr-cli",
      "content": "ℹ️  Starting Dapr with id eventstore-admin. HTTP Port: 19598. gRPC Port: 19599",
      "isError": false
    },
    {
      "resourceName": "sample-blazor-ui-dapr-cli",
      "content": "WARNING: no application command found.",
      "isError": false
    },
    {
      "resourceName": "sample-blazor-ui-dapr-cli",
      "content": "ℹ️  Starting Dapr with id sample-blazor-ui. HTTP Port: 19583. gRPC Port: 19584",
      "isError": false
    },
    {
      "resourceName": "eventstore-admin-ui-dapr-cli",
      "content": "WARNING: no application command found.",
      "isError": false
    },
    {
      "resourceName": "eventstore-admin-dapr-cli",
      "content": "time=\"2026-10-08T10:34:02.506751828+02:00\" level=info msg=\"Starting Dapr Runtime -- version 1.18.4 -- commit 6d1c53f430205c0c0f3bc3589ce5a3ec3f6f1647\" app_id=eventstore-admin instance=DESKTOP-VIOG240 scope=dapr.runtime type=log ver=1.18.4",
      "isError": false
    },
    {
      "resourceName": "eventstore-admin-dapr-cli",
      "content": "time=\"2026-10-08T10:34:02.506795493+02:00\" level=info msg=\"Log level set to: info\" app_id=eventstore-admin instance=DESKTOP-VIOG240 scope=dapr.runtime type=log ver=1.18.4",
      "isError": false
    },
    {
      "resourceName": "eventstore-admin-dapr-cli",
      "content": "time=\"2026-10-08T10:34:02.506961465+02:00\" level=warning msg=\"mTLS is disabled. Skipping certificate request and tls validation\" app_id=eventstore-admin instance=DESKTOP-VIOG240 scope=dapr.runtime.security type=log ver=1.18.4",
      "isError": false
    },
    {
      "resourceName": "eventstore-admin-dapr-cli",
      "content": "time=\"2026-10-08T10:34:02.50730373+02:00\" level=info msg=\"Enabled features: HotReload WorkflowsRemoteActivityReminder\" app_id=eventstore-admin instance=DESKTOP-VIOG240 scope=dapr.runtime type=log ver=1.18.4",
      "isError": false
    },
    {
      "resourceName": "eventstore-admin-dapr-cli",
      "content": "time=\"2026-10-08T10:34:02.507387173+02:00\" level=info msg=\"metric spec: {\\\"enabled\\\":true}\" app_id=eventstore-admin instance=DESKTOP-VIOG240 scope=dapr.runtime.diagnostics type=log ver=1.18.4",
      "isError": false
    },
    {
      "resourceName": "eventstore-admin-dapr-cli",
      "content": "time=\"2026-10-08T10:34:02.50740623+02:00\" level=info msg=\"Using default latency distribution buckets: [1 2 3 4 5 6 8 10 13 16 20 25 30 40 50 65 80 100 130 160 200 250 300 400 500 650 800 1000 2000 5000 10000 20000 50000 100000]\" app_id=eventstore-admin instance=DESKTOP-VIOG240 scope=dapr.runtime.diagnostics type=log ver=1.18.4",
      "isError": false
    },
    {
      "resourceName": "eventstore-admin-dapr-cli",
      "content": "time=\"2026-10-08T10:34:02.507495062+02:00\" level=warning msg=\"The default value for 'spec.metric.http.increasedCardinality' will change to 'false' in Dapr 1.15 or later\" app_id=eventstore-admin instance=DESKTOP-VIOG240 scope=dapr.runtime.diagnostics type=log ver=1.18.4",
      "isError": false
    },
    {
      "resourceName": "eventstore-admin-dapr-cli",
      "content": "time=\"2026-10-08T10:34:02.507782611+02:00\" level=info msg=\"Watching directories: [/tmp/hexalith-eventstore-dapr-components/statestore]\" app_id=eventstore-admin instance=DESKTOP-VIOG240 scope=dapr.runtime.hotreload.loader.disk type=log ver=1.18.4",
      "isError": false
    },
    {
      "resourceName": "eventstore-admin-dapr-cli",
      "content": "time=\"2026-10-08T10:34:02.509622225+02:00\" level=info msg=\"standalone mode configured\" app_id=eventstore-admin instance=DESKTOP-VIOG240 scope=dapr.runtime type=log ver=1.18.4",
      "isError": false
    },
    {
      "resourceName": "eventstore-admin-dapr-cli",
      "content": "time=\"2026-10-08T10:34:02.509639439+02:00\" level=info msg=\"app id: eventstore-admin\" app_id=eventstore-admin instance=DESKTOP-VIOG240 scope=dapr.runtime type=log ver=1.18.4",
      "isError": false
    },
    {
      "resourceName": "eventstore-admin-dapr-cli",
      "content": "time=\"2026-10-08T10:34:02.510569506+02:00\" level=info msg=\"Connected and received scheduler hosts addresses: [localhost:50006]\" app_id=eventstore-admin instance=DESKTOP-VIOG240 scope=dapr.runtime.scheduler.watchhosts type=log ver=1.18.4",
      "isError": false
    },
    {
      "resourceName": "eventstore-admin-dapr-cli",
      "content": "time=\"2026-10-08T10:34:02.510697404+02:00\" level=info msg=\"Scheduler client initialized for address: localhost:50006\" app_id=eventstore-admin instance=DESKTOP-VIOG240 scope=dapr.runtime.scheduler.clients type=log ver=1.18.4",
      "isError": false
    },
    {
      "resourceName": "eventstore-admin-dapr-cli",
      "content": "time=\"2026-10-08T10:34:02.510703085+02:00\" level=info msg=\"Scheduler clients initialized\" app_id=eventstore-admin instance=DESKTOP-VIOG240 scope=dapr.runtime.scheduler.clients type=log ver=1.18.4",
      "isError": false
    },
    {
      "resourceName": "eventstore-admin-ui-dapr-cli",
      "content": "ℹ️  Starting Dapr with id eventstore-admin-ui. HTTP Port: 19595. gRPC Port: 19596",
      "isError": false
    },
    {
      "resourceName": "eventstore-admin-dapr-cli",
      "content": "time=\"2026-10-08T10:34:02.514591261+02:00\" level=info msg=\"metrics server started on 0.0.0.0:19597/\" app_id=eventstore-admin instance=DESKTOP-VIOG240 scope=dapr.runtime type=log ver=1.18.4",
      "isError": false
    },
    {
      "resourceName": "eventstore-admin-dapr-cli",
      "content": "time=\"2026-10-08T10:34:02.514845756+02:00\" level=info msg=\"Dapr trace sampler initialized: ParentBased{root:TraceIDRatioBased{1},remoteParentSampled:AlwaysOnSampler,remoteParentNotSampled:AlwaysOffSampler,localParentSampled:AlwaysOnSampler,localParentNotSampled:AlwaysOffSampler}\" app_id=eventstore-admin instance=DESKTOP-VIOG240 scope=dapr.runtime type=log ver=1.18.4",
      "isError": false
    },
    {
      "resourceName": "eventstore-admin-dapr-cli",
      "content": "time=\"2026-10-08T10:34:02.51557873+02:00\" level=info msg=\"local service entry announced: eventstore-admin -> 172.21.201.86:37725\" app_id=eventstore-admin component=\"nr (mdns/v1)\" instance=DESKTOP-VIOG240 scope=dapr.contrib type=log ver=1.18.4",
      "isError": false
    },
    {
      "resourceName": "eventstore-admin-dapr-cli",
      "content": "time=\"2026-10-08T10:34:02.515590803+02:00\" level=info msg=\"Initialized name resolution to mdns\" app_id=eventstore-admin instance=DESKTOP-VIOG240 scope=dapr.runtime type=log ver=1.18.4",
      "isError": false
    },
    {
      "resourceName": "eventstore-admin-dapr-cli",
      "content": "time=\"2026-10-08T10:34:02.515627916+02:00\" level=info msg=\"Loading components…\" app_id=eventstore-admin instance=DESKTOP-VIOG240 scope=dapr.runtime type=log ver=1.18.4",
      "isError": false
    },
    {
      "resourceName": "eventstore-admin-dapr-cli",
      "content": "time=\"2026-10-08T10:34:02.516029165+02:00\" level=info msg=\"Waiting for all outstanding components to be processed…\" app_id=eventstore-admin instance=DESKTOP-VIOG240 scope=dapr.runtime type=log ver=1.18.4",
      "isError": false
    },
    {
      "resourceName": "sample-api-dapr-cli",
      "content": "WARNING: no application command found.",
      "isError": false
    },
    {
      "resourceName": "eventstore-admin-dapr-cli",
      "content": "time=\"2026-10-08T10:34:02.520517767+02:00\" level=info msg=\"Using 'statestore' as actor state store\" app_id=eventstore-admin instance=DESKTOP-VIOG240 scope=dapr.runtime.processor.state type=log ver=1.18.4",
      "isError": false
    },
    {
      "resourceName": "eventstore-admin-dapr-cli",
      "content": "time=\"2026-10-08T10:34:02.520556673+02:00\" level=info msg=\"Component loaded: statestore (state.redis/v1)\" app_id=eventstore-admin instance=DESKTOP-VIOG240 scope=dapr.runtime.processor type=log ver=1.18.4",
      "isError": false
    },
    {
      "resourceName": "eventstore-admin-dapr-cli",
      "content": "time=\"2026-10-08T10:34:02.520585489+02:00\" level=info msg=\"All outstanding components processed\" app_id=eventstore-admin instance=DESKTOP-VIOG240 scope=dapr.runtime type=log ver=1.18.4",
      "isError": false
    },
    {
      "resourceName": "eventstore-admin-dapr-cli",
      "content": "time=\"2026-10-08T10:34:02.520593334+02:00\" level=info msg=\"Loading endpoints…\" app_id=eventstore-admin instance=DESKTOP-VIOG240 scope=dapr.runtime type=log ver=1.18.4",
      "isError": false
    },
    {
      "resourceName": "eventstore-admin-dapr-cli",
      "content": "time=\"2026-10-08T10:34:02.520750921+02:00\" level=info msg=\"Waiting for all outstanding http endpoints to be processed…\" app_id=eventstore-admin instance=DESKTOP-VIOG240 scope=dapr.runtime type=log ver=1.18.4",
      "isError": false
    },
    {
      "resourceName": "eventstore-admin-dapr-cli",
      "content": "time=\"2026-10-08T10:34:02.520758656+02:00\" level=info msg=\"All outstanding http endpoints processed\" app_id=eventstore-admin instance=DESKTOP-VIOG240 scope=dapr.runtime type=log ver=1.18.4",
      "isError": false
    },
    {
      "resourceName": "eventstore-admin-dapr-cli",
      "content": "time=\"2026-10-08T10:34:02.520764767+02:00\" level=info msg=\"Loading Declarative Subscriptions…\" app_id=eventstore-admin instance=DESKTOP-VIOG240 scope=dapr.runtime type=log ver=1.18.4",
      "isError": false
    },
    {
      "resourceName": "eventstore-admin-dapr-cli",
      "content": "time=\"2026-10-08T10:34:02.52200929+02:00\" level=info msg=\"gRPC server listening on TCP address: :19599\" app_id=eventstore-admin instance=DESKTOP-VIOG240 scope=dapr.runtime.grpc.api type=log ver=1.18.4",
      "isError": false
    },
    {
      "resourceName": "eventstore-admin-dapr-cli",
      "content": "time=\"2026-10-08T10:34:02.522102792+02:00\" level=info msg=\"Enabled gRPC tracing middleware\" app_id=eventstore-admin instance=DESKTOP-VIOG240 scope=dapr.runtime.grpc.api type=log ver=1.18.4",
      "isError": false
    },
    {
      "resourceName": "eventstore-admin-dapr-cli",
      "content": "time=\"2026-10-08T10:34:02.522117561+02:00\" level=info msg=\"Enabled gRPC metrics middleware\" app_id=eventstore-admin instance=DESKTOP-VIOG240 scope=dapr.runtime.grpc.api type=log ver=1.18.4",
      "isError": false
    },
    {
      "resourceName": "eventstore-admin-dapr-cli",
      "content": "time=\"2026-10-08T10:34:02.522248415+02:00\" level=info msg=\"Registering workflow engine for gRPC endpoint: [::]:19599\" app_id=eventstore-admin instance=DESKTOP-VIOG240 scope=dapr.runtime.grpc.api type=log ver=1.18.4",
      "isError": false
    },
    {
      "resourceName": "eventstore-admin-dapr-cli",
      "content": "time=\"2026-10-08T10:34:02.522300306+02:00\" level=info msg=\"API gRPC server is running on port 19599\" app_id=eventstore-admin instance=DESKTOP-VIOG240 scope=dapr.runtime type=log ver=1.18.4",
      "isError": false
    },
    {
      "resourceName": "eventstore-admin-dapr-cli",
      "content": "time=\"2026-10-08T10:34:02.522392265+02:00\" level=warning msg=\"The default value for 'spec.metric.http.increasedCardinality' will change to 'false' in Dapr 1.15 or later\" app_id=eventstore-admin instance=DESKTOP-VIOG240 scope=dapr.runtime.http type=log ver=1.18.4",
      "isError": false
    },
    {
      "resourceName": "eventstore-admin-dapr-cli",
      "content": "time=\"2026-10-08T10:34:02.522441145+02:00\" level=info msg=\"Hot reloading enabled. Daprd will reload 'Component', 'Subscription', 'MCPServer', 'Configuration', 'HTTPEndpoint', 'Resiliency' and 'WorkflowAccessPolicy' resources when they are added, updated or deleted.\" app_id=eventstore-admin instance=DESKTOP-VIOG240 scope=dapr.runtime.hotreload type=log ver=1.18.4",
      "isError": false
    },
    {
      "resourceName": "eventstore-admin-dapr-cli",
      "content": "time=\"2026-10-08T10:34:02.522612973+02:00\" level=info msg=\"Enabled max body size HTTP middleware with size 4194304 bytes\" app_id=eventstore-admin instance=DESKTOP-VIOG240 scope=dapr.runtime.http type=log ver=1.18.4",
      "isError": false
    },
    {
      "resourceName": "eventstore-admin-dapr-cli",
      "content": "time=\"2026-10-08T10:34:02.522622983+02:00\" level=info msg=\"Enabled tracing HTTP middleware\" app_id=eventstore-admin instance=DESKTOP-VIOG240 scope=dapr.runtime.http type=log ver=1.18.4",
      "isError": false
    },
    {
      "resourceName": "eventstore-admin-dapr-cli",
      "content": "time=\"2026-10-08T10:34:02.522614031+02:00\" level=info msg=\"Starting to watch WorkflowAccessPolicy updates\" app_id=eventstore-admin instance=DESKTOP-VIOG240 scope=dapr.runtime.hotreload.reconciler type=log ver=1.18.4",
      "isError": false
    },
    {
      "resourceName": "eventstore-admin-dapr-cli",
      "content": "time=\"2026-10-08T10:34:02.522634145+02:00\" level=info msg=\"Enabled metrics HTTP middleware\" app_id=eventstore-admin instance=DESKTOP-VIOG240 scope=dapr.runtime.http type=log ver=1.18.4",
      "isError": false
    },
    {
      "resourceName": "eventstore-admin-dapr-cli",
      "content": "time=\"2026-10-08T10:34:02.522941196+02:00\" level=info msg=\"Starting to watch Configuration updates for SIGHUP reload\" app_id=eventstore-admin instance=DESKTOP-VIOG240 scope=dapr.runtime.hotreload.reconciler type=log ver=1.18.4",
      "isError": false
    },
    {
      "resourceName": "eventstore-admin-dapr-cli",
      "content": "time=\"2026-10-08T10:34:02.523166444+02:00\" level=info msg=\"Starting to watch Resiliency updates for SIGHUP reload\" app_id=eventstore-admin instance=DESKTOP-VIOG240 scope=dapr.runtime.hotreload.reconciler type=log ver=1.18.4",
      "isError": false
    },
    {
      "resourceName": "eventstore-admin-dapr-cli",
      "content": "time=\"2026-10-08T10:34:02.522960003+02:00\" level=info msg=\"Starting to watch HTTPEndpoint updates for SIGHUP reload\" app_id=eventstore-admin instance=DESKTOP-VIOG240 scope=dapr.runtime.hotreload.reconciler type=log ver=1.18.4",
      "isError": false
    },
    {
      "resourceName": "eventstore-admin-dapr-cli",
      "content": "time=\"2026-10-08T10:34:02.523571069+02:00\" level=info msg=\"Starting to watch Subscription updates\" app_id=eventstore-admin instance=DESKTOP-VIOG240 scope=dapr.runtime.hotreload.reconciler type=log ver=1.18.4",
      "isError": false
    },
    {
      "resourceName": "eventstore-admin-dapr-cli",
      "content": "time=\"2026-10-08T10:34:02.523596779+02:00\" level=info msg=\"Starting to watch Component updates\" app_id=eventstore-admin instance=DESKTOP-VIOG240 scope=dapr.runtime.hotreload.reconciler type=log ver=1.18.4",
      "isError": false
    },
    {
      "resourceName": "eventstore-admin-dapr-cli",
      "content": "time=\"2026-10-08T10:34:02.524005114+02:00\" level=info msg=\"Starting to watch MCPServer updates\" app_id=eventstore-admin instance=DESKTOP-VIOG240 scope=dapr.runtime.hotreload.reconciler type=log ver=1.18.4",
      "isError": false
    },
    {
      "resourceName": "eventstore-admin-dapr-cli",
      "content": "time=\"2026-10-08T10:34:02.535695353+02:00\" level=info msg=\"HTTP server listening on TCP address: :19598\" app_id=eventstore-admin instance=DESKTOP-VIOG240 scope=dapr.runtime.http type=log ver=1.18.4",
      "isError": false
    },
    {
      "resourceName": "eventstore-admin-dapr-cli",
      "content": "time=\"2026-10-08T10:34:02.535748677+02:00\" level=info msg=\"HTTP server is running on port 19598\" app_id=eventstore-admin instance=DESKTOP-VIOG240 scope=dapr.runtime type=log ver=1.18.4",
      "isError": false
    },
    {
      "resourceName": "eventstore-admin-dapr-cli",
      "content": "time=\"2026-10-08T10:34:02.535754358+02:00\" level=info msg=\"The request body size parameter is: 4194304 bytes\" app_id=eventstore-admin instance=DESKTOP-VIOG240 scope=dapr.runtime type=log ver=1.18.4",
      "isError": false
    },
    {
      "resourceName": "eventstore-admin-dapr-cli",
      "content": "time=\"2026-10-08T10:34:02.535773585+02:00\" level=info msg=\"gRPC server listening on pre-bound TCP address: [::]:37725\" app_id=eventstore-admin instance=DESKTOP-VIOG240 scope=dapr.runtime.grpc.internal type=log ver=1.18.4",
      "isError": false
    },
    {
      "resourceName": "eventstore-admin-dapr-cli",
      "content": "time=\"2026-10-08T10:34:02.535786881+02:00\" level=info msg=\"Enabled gRPC tracing middleware\" app_id=eventstore-admin instance=DESKTOP-VIOG240 scope=dapr.runtime.grpc.internal type=log ver=1.18.4",
      "isError": false
    },
    {
      "resourceName": "eventstore-admin-dapr-cli",
      "content": "time=\"2026-10-08T10:34:02.535791199+02:00\" level=info msg=\"Enabled gRPC metrics middleware\" app_id=eventstore-admin instance=DESKTOP-VIOG240 scope=dapr.runtime.grpc.internal type=log ver=1.18.4",
      "isError": false
    },
    {
      "resourceName": "eventstore-admin-dapr-cli",
      "content": "time=\"2026-10-08T10:34:02.535842239+02:00\" level=info msg=\"Internal gRPC server is running on :37725\" app_id=eventstore-admin instance=DESKTOP-VIOG240 scope=dapr.runtime type=log ver=1.18.4",
      "isError": false
    },
    {
      "resourceName": "eventstore-admin-dapr-cli",
      "content": "time=\"2026-10-08T10:34:02.535854182+02:00\" level=info msg=\"Using Scheduler service for reminders.\" app_id=eventstore-admin instance=DESKTOP-VIOG240 scope=dapr.runtime.actor.reminders.scheduler type=log ver=1.18.4",
      "isError": false
    },
    {
      "resourceName": "eventstore-admin-dapr-cli",
      "content": "time=\"2026-10-08T10:34:02.535889991+02:00\" level=info msg=\"Loading MCP servers…\" app_id=eventstore-admin instance=DESKTOP-VIOG240 scope=dapr.runtime type=log ver=1.18.4",
      "isError": false
    },
    {
      "resourceName": "eventstore-admin-dapr-cli",
      "content": "time=\"2026-10-08T10:34:02.536085952+02:00\" level=info msg=\"Waiting for all outstanding MCP servers to be processed…\" app_id=eventstore-admin instance=DESKTOP-VIOG240 scope=dapr.runtime type=log ver=1.18.4",
      "isError": false
    },
    {
      "resourceName": "eventstore-admin-dapr-cli",
      "content": "time=\"2026-10-08T10:34:02.536110009+02:00\" level=info msg=\"All outstanding MCP servers processed\" app_id=eventstore-admin instance=DESKTOP-VIOG240 scope=dapr.runtime type=log ver=1.18.4",
      "isError": false
    },
    {
      "resourceName": "eventstore-admin-dapr-cli",
      "content": "time=\"2026-10-08T10:34:02.536119207+02:00\" level=info msg=\"application protocol: http. waiting on port 44861.  This will block until the app is listening on that port.\" app_id=eventstore-admin instance=DESKTOP-VIOG240 scope=dapr.runtime type=log ver=1.18.4",
      "isError": false
    },
    {
      "resourceName": "eventstore-admin-dapr-cli",
      "content": "time=\"2026-10-08T10:34:02.536442014+02:00\" level=info msg=\"Actor runtime started\" app_id=eventstore-admin instance=DESKTOP-VIOG240 scope=dapr.runtime.actor type=log ver=1.18.4",
      "isError": false
    },
    {
      "resourceName": "eventstore-admin-dapr-cli",
      "content": "time=\"2026-10-08T10:34:02.536479667+02:00\" level=warning msg=\"Graceful shutdown timeout is infinite, will wait indefinitely to shutdown\" app_id=eventstore-admin instance=DESKTOP-VIOG240 scope=dapr.runtime.actor type=log ver=1.18.4",
      "isError": false
    },
    {
      "resourceName": "eventstore-admin-dapr-cli",
      "content": "time=\"2026-10-08T10:34:02.536565845+02:00\" level=info msg=\"worker started with backend dapr.actors/v1\" app_id=eventstore-admin instance=DESKTOP-VIOG240 scope=dapr.wfengine.durabletask.backend type=log ver=1.18.4",
      "isError": false
    },
    {
      "resourceName": "eventstore-admin-dapr-cli",
      "content": "time=\"2026-10-08T10:34:02.536594019+02:00\" level=info msg=\"Workflow engine started\" app_id=eventstore-admin instance=DESKTOP-VIOG240 scope=dapr.runtime.wfengine type=log ver=1.18.4",
      "isError": false
    },
    {
      "resourceName": "eventstore-admin-dapr-cli",
      "content": "time=\"2026-10-08T10:34:02.539551917+02:00\" level=info msg=\"application discovered on port 44861\" app_id=eventstore-admin instance=DESKTOP-VIOG240 scope=dapr.runtime type=log ver=1.18.4",
      "isError": false
    },
    {
      "resourceName": "sample-blazor-ui-dapr-cli",
      "content": "Flag --components-path has been deprecated, use --resources-path",
      "isError": true
    },
    {
      "resourceName": "sample-blazor-ui-dapr-cli",
      "content": "time=\"2026-10-08T10:34:02.557608752+02:00\" level=info msg=\"Starting Dapr Runtime -- version 1.18.4 -- commit 6d1c53f430205c0c0f3bc3589ce5a3ec3f6f1647\" app_id=sample-blazor-ui instance=DESKTOP-VIOG240 scope=dapr.runtime type=log ver=1.18.4",
      "isError": false
    },
    {
      "resourceName": "sample-blazor-ui-dapr-cli",
      "content": "time=\"2026-10-08T10:34:02.55765881+02:00\" level=info msg=\"Log level set to: info\" app_id=sample-blazor-ui instance=DESKTOP-VIOG240 scope=dapr.runtime type=log ver=1.18.4",
      "isError": false
    },
    {
      "resourceName": "sample-blazor-ui-dapr-cli",
      "content": "time=\"2026-10-08T10:34:02.557930658+02:00\" level=warning msg=\"mTLS is disabled. Skipping certificate request and tls validation\" app_id=sample-blazor-ui instance=DESKTOP-VIOG240 scope=dapr.runtime.security type=log ver=1.18.4",
      "isError": false
    },
    {
      "resourceName": "sample-blazor-ui-dapr-cli",
      "content": "time=\"2026-10-08T10:34:02.558752019+02:00\" level=info msg=\"Enabled features: HotReload WorkflowsRemoteActivityReminder\" app_id=sample-blazor-ui instance=DESKTOP-VIOG240 scope=dapr.runtime type=log ver=1.18.4",
      "isError": false
    },
    {
      "resourceName": "sample-blazor-ui-dapr-cli",
      "content": "time=\"2026-10-08T10:34:02.558895338+02:00\" level=info msg=\"metric spec: {\\\"enabled\\\":true}\" app_id=sample-blazor-ui instance=DESKTOP-VIOG240 scope=dapr.runtime.diagnostics type=log ver=1.18.4",
      "isError": false
    },
    {
      "resourceName": "sample-blazor-ui-dapr-cli",
      "content": "time=\"2026-10-08T10:34:02.558928793+02:00\" level=info msg=\"Using default latency distribution buckets: [1 2 3 4 5 6 8 10 13 16 20 25 30 40 50 65 80 100 130 160 200 250 300 400 500 650 800 1000 2000 5000 10000 20000 50000 100000]\" app_id=sample-blazor-ui instance=DESKTOP-VIOG240 scope=dapr.runtime.diagnostics type=log ver=1.18.4",
      "isError": false
    },
    {
      "resourceName": "sample-blazor-ui-dapr-cli",
      "content": "time=\"2026-10-08T10:34:02.559151926+02:00\" level=warning msg=\"The default value for 'spec.metric.http.increasedCardinality' will change to 'false' in Dapr 1.15 or later\" app_id=sample-blazor-ui instance=DESKTOP-VIOG240 scope=dapr.runtime.diagnostics type=log ver=1.18.4",
      "isError": false
    },
    {
      "resourceName": "sample-blazor-ui-dapr-cli",
      "content": "time=\"2026-10-08T10:34:02.559723076+02:00\" level=info msg=\"Watching directories: [/home/administrator/.dapr/components]\" app_id=sample-blazor-ui instance=DESKTOP-VIOG240 scope=dapr.runtime.hotreload.loader.disk type=log ver=1.18.4",
      "isError": false
    },
    {
      "resourceName": "sample-blazor-ui-dapr-cli",
      "content": "time=\"2026-10-08T10:34:02.561466864+02:00\" level=info msg=\"standalone mode configured\" app_id=sample-blazor-ui instance=DESKTOP-VIOG240 scope=dapr.runtime type=log ver=1.18.4",
      "isError": false
    },
    {
      "resourceName": "sample-blazor-ui-dapr-cli",
      "content": "time=\"2026-10-08T10:34:02.561481934+02:00\" level=info msg=\"app id: sample-blazor-ui\" app_id=sample-blazor-ui instance=DESKTOP-VIOG240 scope=dapr.runtime type=log ver=1.18.4",
      "isError": false
    },
    {
      "resourceName": "sample-blazor-ui-dapr-cli",
      "content": "time=\"2026-10-08T10:34:02.563609848+02:00\" level=info msg=\"Connected and received scheduler hosts addresses: [localhost:50006]\" app_id=sample-blazor-ui instance=DESKTOP-VIOG240 scope=dapr.runtime.scheduler.watchhosts type=log ver=1.18.4",
      "isError": false
    },
    {
      "resourceName": "sample-blazor-ui-dapr-cli",
      "content": "time=\"2026-10-08T10:34:02.563998683+02:00\" level=info msg=\"Scheduler client initialized for address: localhost:50006\" app_id=sample-blazor-ui instance=DESKTOP-VIOG240 scope=dapr.runtime.scheduler.clients type=log ver=1.18.4",
      "isError": false
    },
    {
      "resourceName": "sample-blazor-ui-dapr-cli",
      "content": "time=\"2026-10-08T10:34:02.564036657+02:00\" level=info msg=\"Scheduler clients initialized\" app_id=sample-blazor-ui instance=DESKTOP-VIOG240 scope=dapr.runtime.scheduler.clients type=log ver=1.18.4",
      "isError": false
    },
    {
      "resourceName": "sample-blazor-ui-dapr-cli",
      "content": "time=\"2026-10-08T10:34:02.565382553+02:00\" level=info msg=\"metrics server started on 0.0.0.0:19582/\" app_id=sample-blazor-ui instance=DESKTOP-VIOG240 scope=dapr.runtime type=log ver=1.18.4",
      "isError": false
    },
    {
      "resourceName": "sample-blazor-ui-dapr-cli",
      "content": "time=\"2026-10-08T10:34:02.565590006+02:00\" level=info msg=\"Dapr trace sampler initialized: ParentBased{root:TraceIDRatioBased{1},remoteParentSampled:AlwaysOnSampler,remoteParentNotSampled:AlwaysOffSampler,localParentSampled:AlwaysOnSampler,localParentNotSampled:AlwaysOffSampler}\" app_id=sample-blazor-ui instance=DESKTOP-VIOG240 scope=dapr.runtime type=log ver=1.18.4",
      "isError": false
    },
    {
      "resourceName": "sample-blazor-ui-dapr-cli",
      "content": "time=\"2026-10-08T10:34:02.565775146+02:00\" level=info msg=\"local service entry announced: sample-blazor-ui -> 172.21.201.86:45659\" app_id=sample-blazor-ui component=\"nr (mdns/v1)\" instance=DESKTOP-VIOG240 scope=dapr.contrib type=log ver=1.18.4",
      "isError": false
    },
    {
      "resourceName": "sample-blazor-ui-dapr-cli",
      "content": "time=\"2026-10-08T10:34:02.565806668+02:00\" level=info msg=\"Initialized name resolution to mdns\" app_id=sample-blazor-ui instance=DESKTOP-VIOG240 scope=dapr.runtime type=log ver=1.18.4",
      "isError": false
    },
    {
      "resourceName": "sample-blazor-ui-dapr-cli",
      "content": "time=\"2026-10-08T10:34:02.565857627+02:00\" level=info msg=\"Loading components…\" app_id=sample-blazor-ui instance=DESKTOP-VIOG240 scope=dapr.runtime type=log ver=1.18.4",
      "isError": false
    },
    {
      "resourceName": "sample-api-dapr-cli",
      "content": "ℹ️  Starting Dapr with id sample-api. HTTP Port: 19580. gRPC Port: 19581",
      "isError": false
    },
    {
      "resourceName": "sample-blazor-ui-dapr-cli",
      "content": "time=\"2026-10-08T10:34:02.569252162+02:00\" level=info msg=\"Component loaded: pubsub (pubsub.redis/v1)\" app_id=sample-blazor-ui instance=DESKTOP-VIOG240 scope=dapr.runtime.processor type=log ver=1.18.4",
      "isError": false
    },
    {
      "resourceName": "sample-blazor-ui-dapr-cli",
      "content": "time=\"2026-10-08T10:34:02.569645517+02:00\" level=info msg=\"Waiting for all outstanding components to be processed…\" app_id=sample-blazor-ui instance=DESKTOP-VIOG240 scope=dapr.runtime type=log ver=1.18.4",
      "isError": false
    },
    {
      "resourceName": "sample-blazor-ui-dapr-cli",
      "content": "time=\"2026-10-08T10:34:02.57047588+02:00\" level=info msg=\"Using 'statestore' as actor state store\" app_id=sample-blazor-ui instance=DESKTOP-VIOG240 scope=dapr.runtime.processor.state type=log ver=1.18.4",
      "isError": false
    },
    {
      "resourceName": "sample-blazor-ui-dapr-cli",
      "content": "time=\"2026-10-08T10:34:02.570503223+02:00\" level=info msg=\"Component loaded: statestore (state.redis/v1)\" app_id=sample-blazor-ui instance=DESKTOP-VIOG240 scope=dapr.runtime.processor type=log ver=1.18.4",
      "isError": false
    },
    {
      "resourceName": "sample-blazor-ui-dapr-cli",
      "content": "time=\"2026-10-08T10:34:02.570510046+02:00\" level=info msg=\"All outstanding components processed\" app_id=sample-blazor-ui instance=DESKTOP-VIOG240 scope=dapr.runtime type=log ver=1.18.4",
      "isError": false
    },
    {
      "resourceName": "sample-blazor-ui-dapr-cli",
      "content": "time=\"2026-10-08T10:34:02.570515036+02:00\" level=info msg=\"Loading endpoints…\" app_id=sample-blazor-ui instance=DESKTOP-VIOG240 scope=dapr.runtime type=log ver=1.18.4",
      "isError": false
    },
    {
      "resourceName": "sample-blazor-ui-dapr-cli",
      "content": "time=\"2026-10-08T10:34:02.570666039+02:00\" level=info msg=\"Waiting for all outstanding http endpoints to be processed…\" app_id=sample-blazor-ui instance=DESKTOP-VIOG240 scope=dapr.runtime type=log ver=1.18.4",
      "isError": false
    },
    {
      "resourceName": "sample-blazor-ui-dapr-cli",
      "content": "time=\"2026-10-08T10:34:02.570673825+02:00\" level=info msg=\"All outstanding http endpoints processed\" app_id=sample-blazor-ui instance=DESKTOP-VIOG240 scope=dapr.runtime type=log ver=1.18.4",
      "isError": false
    },
    {
      "resourceName": "sample-blazor-ui-dapr-cli",
      "content": "time=\"2026-10-08T10:34:02.570684976+02:00\" level=info msg=\"Loading Declarative Subscriptions…\" app_id=sample-blazor-ui instance=DESKTOP-VIOG240 scope=dapr.runtime type=log ver=1.18.4",
      "isError": false
    },
    {
      "resourceName": "sample-blazor-ui-dapr-cli",
      "content": "time=\"2026-10-08T10:34:02.570894684+02:00\" level=info msg=\"gRPC server listening on TCP address: :19584\" app_id=sample-blazor-ui instance=DESKTOP-VIOG240 scope=dapr.runtime.grpc.api type=log ver=1.18.4",
      "isError": false
    },
    {
      "resourceName": "sample-blazor-ui-dapr-cli",
      "content": "time=\"2026-10-08T10:34:02.570906336+02:00\" level=info msg=\"Enabled gRPC tracing middleware\" app_id=sample-blazor-ui instance=DESKTOP-VIOG240 scope=dapr.runtime.grpc.api type=log ver=1.18.4",
      "isError": false
    },
    {
      "resourceName": "sample-blazor-ui-dapr-cli",
      "content": "time=\"2026-10-08T10:34:02.570909232+02:00\" level=info msg=\"Enabled gRPC metrics middleware\" app_id=sample-blazor-ui instance=DESKTOP-VIOG240 scope=dapr.runtime.grpc.api type=log ver=1.18.4",
      "isError": false
    },
    {
      "resourceName": "sample-blazor-ui-dapr-cli",
      "content": "time=\"2026-10-08T10:34:02.570965171+02:00\" level=info msg=\"Registering workflow engine for gRPC endpoint: [::]:19584\" app_id=sample-blazor-ui instance=DESKTOP-VIOG240 scope=dapr.runtime.grpc.api type=log ver=1.18.4",
      "isError": false
    },
    {
      "resourceName": "sample-blazor-ui-dapr-cli",
      "content": "time=\"2026-10-08T10:34:02.57098013+02:00\" level=info msg=\"API gRPC server is running on port 19584\" app_id=sample-blazor-ui instance=DESKTOP-VIOG240 scope=dapr.runtime type=log ver=1.18.4",
      "isError": false
    },
    {
      "resourceName": "sample-blazor-ui-dapr-cli",
      "content": "time=\"2026-10-08T10:34:02.570996051+02:00\" level=warning msg=\"The default value for 'spec.metric.http.increasedCardinality' will change to 'false' in Dapr 1.15 or later\" app_id=sample-blazor-ui instance=DESKTOP-VIOG240 scope=dapr.runtime.http type=log ver=1.18.4",
      "isError": false
    },
    {
      "resourceName": "sample-blazor-ui-dapr-cli",
      "content": "time=\"2026-10-08T10:34:02.571028564+02:00\" level=info msg=\"Enabled max body size HTTP middleware with size 4194304 bytes\" app_id=sample-blazor-ui instance=DESKTOP-VIOG240 scope=dapr.runtime.http type=log ver=1.18.4",
      "isError": false
    },
    {
      "resourceName": "sample-blazor-ui-dapr-cli",
      "content": "time=\"2026-10-08T10:34:02.571032892+02:00\" level=info msg=\"Enabled tracing HTTP middleware\" app_id=sample-blazor-ui instance=DESKTOP-VIOG240 scope=dapr.runtime.http type=log ver=1.18.4",
      "isError": false
    },
    {
      "resourceName": "sample-blazor-ui-dapr-cli",
      "content": "time=\"2026-10-08T10:34:02.571036018+02:00\" level=info msg=\"Enabled metrics HTTP middleware\" app_id=sample-blazor-ui instance=DESKTOP-VIOG240 scope=dapr.runtime.http type=log ver=1.18.4",
      "isError": false
    },
    {
      "resourceName": "sample-blazor-ui-dapr-cli",
      "content": "time=\"2026-10-08T10:34:02.571163747+02:00\" level=info msg=\"HTTP server listening on TCP address: :19583\" app_id=sample-blazor-ui instance=DESKTOP-VIOG240 scope=dapr.runtime.http type=log ver=1.18.4",
      "isError": false
    },
    {
      "resourceName": "sample-blazor-ui-dapr-cli",
      "content": "time=\"2026-10-08T10:34:02.571172023+02:00\" level=info msg=\"HTTP server is running on port 19583\" app_id=sample-blazor-ui instance=DESKTOP-VIOG240 scope=dapr.runtime type=log ver=1.18.4",
      "isError": false
    },
    {
      "resourceName": "sample-blazor-ui-dapr-cli",
      "content": "time=\"2026-10-08T10:34:02.571175008+02:00\" level=info msg=\"The request body size parameter is: 4194304 bytes\" app_id=sample-blazor-ui instance=DESKTOP-VIOG240 scope=dapr.runtime type=log ver=1.18.4",
      "isError": false
    },
    {
      "resourceName": "sample-blazor-ui-dapr-cli",
      "content": "time=\"2026-10-08T10:34:02.571179507+02:00\" level=info msg=\"gRPC server listening on pre-bound TCP address: [::]:45659\" app_id=sample-blazor-ui instance=DESKTOP-VIOG240 scope=dapr.runtime.grpc.internal type=log ver=1.18.4",
      "isError": false
    },
    {
      "resourceName": "sample-blazor-ui-dapr-cli",
      "content": "time=\"2026-10-08T10:34:02.571183154+02:00\" level=info msg=\"Enabled gRPC tracing middleware\" app_id=sample-blazor-ui instance=DESKTOP-VIOG240 scope=dapr.runtime.grpc.internal type=log ver=1.18.4",
      "isError": false
    },
    {
      "resourceName": "sample-blazor-ui-dapr-cli",
      "content": "time=\"2026-10-08T10:34:02.571185609+02:00\" level=info msg=\"Enabled gRPC metrics middleware\" app_id=sample-blazor-ui instance=DESKTOP-VIOG240 scope=dapr.runtime.grpc.internal type=log ver=1.18.4",
      "isError": false
    },
    {
      "resourceName": "sample-blazor-ui-dapr-cli",
      "content": "time=\"2026-10-08T10:34:02.57119639+02:00\" level=info msg=\"Internal gRPC server is running on :45659\" app_id=sample-blazor-ui instance=DESKTOP-VIOG240 scope=dapr.runtime type=log ver=1.18.4",
      "isError": false
    },
    {
      "resourceName": "sample-blazor-ui-dapr-cli",
      "content": "time=\"2026-10-08T10:34:02.571203053+02:00\" level=info msg=\"Using Scheduler service for reminders.\" app_id=sample-blazor-ui instance=DESKTOP-VIOG240 scope=dapr.runtime.actor.reminders.scheduler type=log ver=1.18.4",
      "isError": false
    },
    {
      "resourceName": "sample-blazor-ui-dapr-cli",
      "content": "time=\"2026-10-08T10:34:02.571221068+02:00\" level=info msg=\"Loading MCP servers…\" app_id=sample-blazor-ui instance=DESKTOP-VIOG240 scope=dapr.runtime type=log ver=1.18.4",
      "isError": false
    },
    {
      "resourceName": "sample-blazor-ui-dapr-cli",
      "content": "time=\"2026-10-08T10:34:02.571289761+02:00\" level=info msg=\"Waiting for all outstanding MCP servers to be processed…\" app_id=sample-blazor-ui instance=DESKTOP-VIOG240 scope=dapr.runtime type=log ver=1.18.4",
      "isError": false
    },
    {
      "resourceName": "sample-blazor-ui-dapr-cli",
      "content": "time=\"2026-10-08T10:34:02.571293689+02:00\" level=info msg=\"All outstanding MCP servers processed\" app_id=sample-blazor-ui instance=DESKTOP-VIOG240 scope=dapr.runtime type=log ver=1.18.4",
      "isError": false
    },
    {
      "resourceName": "sample-blazor-ui-dapr-cli",
      "content": "time=\"2026-10-08T10:34:02.571296875+02:00\" level=info msg=\"application protocol: http. waiting on port 35715.  This will block until the app is listening on that port.\" app_id=sample-blazor-ui instance=DESKTOP-VIOG240 scope=dapr.runtime type=log ver=1.18.4",
      "isError": false
    },
    {
      "resourceName": "sample-blazor-ui-dapr-cli",
      "content": "time=\"2026-10-08T10:34:02.571359898+02:00\" level=info msg=\"Hot reloading enabled. Daprd will reload 'Component', 'Subscription', 'MCPServer', 'Configuration', 'HTTPEndpoint', 'Resiliency' and 'WorkflowAccessPolicy' resources when they are added, updated or deleted.\" app_id=sample-blazor-ui instance=DESKTOP-VIOG240 scope=dapr.runtime.hotreload type=log ver=1.18.4",
      "isError": false
    },
    {
      "resourceName": "sample-blazor-ui-dapr-cli",
      "content": "time=\"2026-10-08T10:34:02.571391609+02:00\" level=info msg=\"Starting to watch WorkflowAccessPolicy updates\" app_id=sample-blazor-ui instance=DESKTOP-VIOG240 scope=dapr.runtime.hotreload.reconciler type=log ver=1.18.4",
      "isError": false
    },
    {
      "resourceName": "sample-blazor-ui-dapr-cli",
      "content": "time=\"2026-10-08T10:34:02.571431096+02:00\" level=info msg=\"application discovered on port 35715\" app_id=sample-blazor-ui instance=DESKTOP-VIOG240 scope=dapr.runtime type=log ver=1.18.4",
      "isError": false
    },
    {
      "resourceName": "sample-blazor-ui-dapr-cli",
      "content": "time=\"2026-10-08T10:34:02.571477025+02:00\" level=info msg=\"Actor runtime started\" app_id=sample-blazor-ui instance=DESKTOP-VIOG240 scope=dapr.runtime.actor type=log ver=1.18.4",
      "isError": false
    },
    {
      "resourceName": "sample-blazor-ui-dapr-cli",
      "content": "time=\"2026-10-08T10:34:02.571487736+02:00\" level=warning msg=\"Graceful shutdown timeout is infinite, will wait indefinitely to shutdown\" app_id=sample-blazor-ui instance=DESKTOP-VIOG240 scope=dapr.runtime.actor type=log ver=1.18.4",
      "isError": false
    },
    {
      "resourceName": "sample-blazor-ui-dapr-cli",
      "content": "time=\"2026-10-08T10:34:02.57151569+02:00\" level=info msg=\"Starting to watch Component updates\" app_id=sample-blazor-ui instance=DESKTOP-VIOG240 scope=dapr.runtime.hotreload.reconciler type=log ver=1.18.4",
      "isError": false
    },
    {
      "resourceName": "sample-blazor-ui-dapr-cli",
      "content": "time=\"2026-10-08T10:34:02.571526952+02:00\" level=info msg=\"Starting to watch Subscription updates\" app_id=sample-blazor-ui instance=DESKTOP-VIOG240 scope=dapr.runtime.hotreload.reconciler type=log ver=1.18.4",
      "isError": false
    },
    {
      "resourceName": "sample-blazor-ui-dapr-cli",
      "content": "time=\"2026-10-08T10:34:02.571536942+02:00\" level=info msg=\"Starting to watch MCPServer updates\" app_id=sample-blazor-ui instance=DESKTOP-VIOG240 scope=dapr.runtime.hotreload.reconciler type=log ver=1.18.4",
      "isError": false
    },
    {
      "resourceName": "sample-blazor-ui-dapr-cli",
      "content": "time=\"2026-10-08T10:34:02.571559686+02:00\" level=info msg=\"Starting to watch Configuration updates for SIGHUP reload\" app_id=sample-blazor-ui instance=DESKTOP-VIOG240 scope=dapr.runtime.hotreload.reconciler type=log ver=1.18.4",
      "isError": false
    },
    {
      "resourceName": "sample-blazor-ui-dapr-cli",
      "content": "time=\"2026-10-08T10:34:02.571568493+02:00\" level=info msg=\"Starting to watch HTTPEndpoint updates for SIGHUP reload\" app_id=sample-blazor-ui instance=DESKTOP-VIOG240 scope=dapr.runtime.hotreload.reconciler type=log ver=1.18.4",
      "isError": false
    },
    {
      "resourceName": "sample-blazor-ui-dapr-cli",
      "content": "time=\"2026-10-08T10:34:02.571579554+02:00\" level=info msg=\"Starting to watch Resiliency updates for SIGHUP reload\" app_id=sample-blazor-ui instance=DESKTOP-VIOG240 scope=dapr.runtime.hotreload.reconciler type=log ver=1.18.4",
      "isError": false
    },
    {
      "resourceName": "sample-blazor-ui-dapr-cli",
      "content": "time=\"2026-10-08T10:34:02.571614763+02:00\" level=info msg=\"worker started with backend dapr.actors/v1\" app_id=sample-blazor-ui instance=DESKTOP-VIOG240 scope=dapr.wfengine.durabletask.backend type=log ver=1.18.4",
      "isError": false
    },
    {
      "resourceName": "sample-blazor-ui-dapr-cli",
      "content": "time=\"2026-10-08T10:34:02.571626235+02:00\" level=info msg=\"Workflow engine started\" app_id=sample-blazor-ui instance=DESKTOP-VIOG240 scope=dapr.runtime.wfengine type=log ver=1.18.4",
      "isError": false
    },
    {
      "resourceName": "tenants-api-dapr-cli",
      "content": "WARNING: no application command found.",
      "isError": false
    },
    {
      "resourceName": "eventstore-admin-ui-dapr-cli",
      "content": "time=\"2026-10-08T10:34:02.634780814+02:00\" level=info msg=\"Starting Dapr Runtime -- version 1.18.4 -- commit 6d1c53f430205c0c0f3bc3589ce5a3ec3f6f1647\" app_id=eventstore-admin-ui instance=DESKTOP-VIOG240 scope=dapr.runtime type=log ver=1.18.4",
      "isError": false
    },
    {
      "resourceName": "eventstore-admin-ui-dapr-cli",
      "content": "time=\"2026-10-08T10:34:02.634827786+02:00\" level=info msg=\"Log level set to: info\" app_id=eventstore-admin-ui instance=DESKTOP-VIOG240 scope=dapr.runtime type=log ver=1.18.4",
      "isError": false
    },
    {
      "resourceName": "eventstore-admin-ui-dapr-cli",
      "content": "time=\"2026-10-08T10:34:02.634975222+02:00\" level=warning msg=\"mTLS is disabled. Skipping certificate request and tls validation\" app_id=eventstore-admin-ui instance=DESKTOP-VIOG240 scope=dapr.runtime.security type=log ver=1.18.4",
      "isError": false
    },
    {
      "resourceName": "eventstore-admin-ui-dapr-cli",
      "content": "time=\"2026-10-08T10:34:02.635288641+02:00\" level=info msg=\"Enabled features: HotReload WorkflowsRemoteActivityReminder\" app_id=eventstore-admin-ui instance=DESKTOP-VIOG240 scope=dapr.runtime type=log ver=1.18.4",
      "isError": false
    },
    {
      "resourceName": "eventstore-admin-ui-dapr-cli",
      "content": "time=\"2026-10-08T10:34:02.63534954+02:00\" level=info msg=\"metric spec: {\\\"enabled\\\":true}\" app_id=eventstore-admin-ui instance=DESKTOP-VIOG240 scope=dapr.runtime.diagnostics type=log ver=1.18.4",
      "isError": false
    },
    {
      "resourceName": "eventstore-admin-ui-dapr-cli",
      "content": "time=\"2026-10-08T10:34:02.635363176+02:00\" level=info msg=\"Using default latency distribution buckets: [1 2 3 4 5 6 8 10 13 16 20 25 30 40 50 65 80 100 130 160 200 250 300 400 500 650 800 1000 2000 5000 10000 20000 50000 100000]\" app_id=eventstore-admin-ui instance=DESKTOP-VIOG240 scope=dapr.runtime.diagnostics type=log ver=1.18.4",
      "isError": false
    },
    {
      "resourceName": "eventstore-admin-ui-dapr-cli",
      "content": "time=\"2026-10-08T10:34:02.635430787+02:00\" level=warning msg=\"The default value for 'spec.metric.http.increasedCardinality' will change to 'false' in Dapr 1.15 or later\" app_id=eventstore-admin-ui instance=DESKTOP-VIOG240 scope=dapr.runtime.diagnostics type=log ver=1.18.4",
      "isError": false
    },
    {
      "resourceName": "eventstore-admin-ui-dapr-cli",
      "content": "time=\"2026-10-08T10:34:02.635698828+02:00\" level=info msg=\"Watching directories: [/home/administrator/.dapr/components]\" app_id=eventstore-admin-ui instance=DESKTOP-VIOG240 scope=dapr.runtime.hotreload.loader.disk type=log ver=1.18.4",
      "isError": false
    },
    {
      "resourceName": "eventstore-admin-ui-dapr-cli",
      "content": "time=\"2026-10-08T10:34:02.637550125+02:00\" level=info msg=\"standalone mode configured\" app_id=eventstore-admin-ui instance=DESKTOP-VIOG240 scope=dapr.runtime type=log ver=1.18.4",
      "isError": false
    },
    {
      "resourceName": "eventstore-admin-ui-dapr-cli",
      "content": "time=\"2026-10-08T10:34:02.637576396+02:00\" level=info msg=\"app id: eventstore-admin-ui\" app_id=eventstore-admin-ui instance=DESKTOP-VIOG240 scope=dapr.runtime type=log ver=1.18.4",
      "isError": false
    },
    {
      "resourceName": "eventstore-admin-ui-dapr-cli",
      "content": "time=\"2026-10-08T10:34:02.639843621+02:00\" level=info msg=\"Connected and received scheduler hosts addresses: [localhost:50006]\" app_id=eventstore-admin-ui instance=DESKTOP-VIOG240 scope=dapr.runtime.scheduler.watchhosts type=log ver=1.18.4",
      "isError": false
    },
    {
      "resourceName": "eventstore-admin-ui-dapr-cli",
      "content": "Flag --components-path has been deprecated, use --resources-path",
      "isError": true
    },
    {
      "resourceName": "eventstore-admin-ui-dapr-cli",
      "content": "time=\"2026-10-08T10:34:02.640090401+02:00\" level=info msg=\"Scheduler client initialized for address: localhost:50006\" app_id=eventstore-admin-ui instance=DESKTOP-VIOG240 scope=dapr.runtime.scheduler.clients type=log ver=1.18.4",
      "isError": false
    },
    {
      "resourceName": "eventstore-admin-ui-dapr-cli",
      "content": "time=\"2026-10-08T10:34:02.640102404+02:00\" level=info msg=\"Scheduler clients initialized\" app_id=eventstore-admin-ui instance=DESKTOP-VIOG240 scope=dapr.runtime.scheduler.clients type=log ver=1.18.4",
      "isError": false
    },
    {
      "resourceName": "eventstore-admin-ui-dapr-cli",
      "content": "time=\"2026-10-08T10:34:02.641289927+02:00\" level=info msg=\"metrics server started on 0.0.0.0:19594/\" app_id=eventstore-admin-ui instance=DESKTOP-VIOG240 scope=dapr.runtime type=log ver=1.18.4",
      "isError": false
    },
    {
      "resourceName": "eventstore-admin-ui-dapr-cli",
      "content": "time=\"2026-10-08T10:34:02.641624146+02:00\" level=info msg=\"Dapr trace sampler initialized: ParentBased{root:TraceIDRatioBased{1},remoteParentSampled:AlwaysOnSampler,remoteParentNotSampled:AlwaysOffSampler,localParentSampled:AlwaysOnSampler,localParentNotSampled:AlwaysOffSampler}\" app_id=eventstore-admin-ui instance=DESKTOP-VIOG240 scope=dapr.runtime type=log ver=1.18.4",
      "isError": false
    },
    {
      "resourceName": "eventstore-admin-ui-dapr-cli",
      "content": "time=\"2026-10-08T10:34:02.641828313+02:00\" level=info msg=\"local service entry announced: eventstore-admin-ui -> 172.21.201.86:33977\" app_id=eventstore-admin-ui component=\"nr (mdns/v1)\" instance=DESKTOP-VIOG240 scope=dapr.contrib type=log ver=1.18.4",
      "isError": false
    },
    {
      "resourceName": "eventstore-admin-ui-dapr-cli",
      "content": "time=\"2026-10-08T10:34:02.641844875+02:00\" level=info msg=\"Initialized name resolution to mdns\" app_id=eventstore-admin-ui instance=DESKTOP-VIOG240 scope=dapr.runtime type=log ver=1.18.4",
      "isError": false
    },
    {
      "resourceName": "eventstore-admin-ui-dapr-cli",
      "content": "time=\"2026-10-08T10:34:02.641882668+02:00\" level=info msg=\"Loading components…\" app_id=eventstore-admin-ui instance=DESKTOP-VIOG240 scope=dapr.runtime type=log ver=1.18.4",
      "isError": false
    },
    {
      "resourceName": "tenants-api-dapr-cli",
      "content": "ℹ️  Starting Dapr with id tenants-api. HTTP Port: 19589. gRPC Port: 19590",
      "isError": false
    },
    {
      "resourceName": "eventstore-admin-ui-dapr-cli",
      "content": "time=\"2026-10-08T10:34:02.65192174+02:00\" level=info msg=\"Component loaded: pubsub (pubsub.redis/v1)\" app_id=eventstore-admin-ui instance=DESKTOP-VIOG240 scope=dapr.runtime.processor type=log ver=1.18.4",
      "isError": false
    },
    {
      "resourceName": "eventstore-admin-ui-dapr-cli",
      "content": "time=\"2026-10-08T10:34:02.652306798+02:00\" level=info msg=\"Waiting for all outstanding components to be processed…\" app_id=eventstore-admin-ui instance=DESKTOP-VIOG240 scope=dapr.runtime type=log ver=1.18.4",
      "isError": false
    },
    {
      "resourceName": "sample-dapr-cli",
      "content": "WARNING: no application command found.",
      "isError": false
    },
    {
      "resourceName": "eventstore-admin-ui-dapr-cli",
      "content": "time=\"2026-10-08T10:34:02.6531259+02:00\" level=info msg=\"Using 'statestore' as actor state store\" app_id=eventstore-admin-ui instance=DESKTOP-VIOG240 scope=dapr.runtime.processor.state type=log ver=1.18.4",
      "isError": false
    },
    {
      "resourceName": "eventstore-admin-ui-dapr-cli",
      "content": "time=\"2026-10-08T10:34:02.653196637+02:00\" level=info msg=\"Component loaded: statestore (state.redis/v1)\" app_id=eventstore-admin-ui instance=DESKTOP-VIOG240 scope=dapr.runtime.processor type=log ver=1.18.4",
      "isError": false
    },
    {
      "resourceName": "eventstore-admin-ui-dapr-cli",
      "content": "time=\"2026-10-08T10:34:02.653220884+02:00\" level=info msg=\"All outstanding components processed\" app_id=eventstore-admin-ui instance=DESKTOP-VIOG240 scope=dapr.runtime type=log ver=1.18.4",
      "isError": false
    },
    {
      "resourceName": "eventstore-admin-ui-dapr-cli",
      "content": "time=\"2026-10-08T10:34:02.653478244+02:00\" level=info msg=\"Loading endpoints…\" app_id=eventstore-admin-ui instance=DESKTOP-VIOG240 scope=dapr.runtime type=log ver=1.18.4",
      "isError": false
    },
    {
      "resourceName": "eventstore-admin-ui-dapr-cli",
      "content": "time=\"2026-10-08T10:34:02.653763419+02:00\" level=info msg=\"Waiting for all outstanding http endpoints to be processed…\" app_id=eventstore-admin-ui instance=DESKTOP-VIOG240 scope=dapr.runtime type=log ver=1.18.4",
      "isError": false
    },
    {
      "resourceName": "eventstore-admin-ui-dapr-cli",
      "content": "time=\"2026-10-08T10:34:02.653813235+02:00\" level=info msg=\"All outstanding http endpoints processed\" app_id=eventstore-admin-ui instance=DESKTOP-VIOG240 scope=dapr.runtime type=log ver=1.18.4",
      "isError": false
    },
    {
      "resourceName": "eventstore-admin-ui-dapr-cli",
      "content": "time=\"2026-10-08T10:34:02.653830078+02:00\" level=info msg=\"Loading Declarative Subscriptions…\" app_id=eventstore-admin-ui instance=DESKTOP-VIOG240 scope=dapr.runtime type=log ver=1.18.4",
      "isError": false
    },
    {
      "resourceName": "eventstore-admin-ui-dapr-cli",
      "content": "time=\"2026-10-08T10:34:02.654301194+02:00\" level=info msg=\"gRPC server listening on TCP address: :19596\" app_id=eventstore-admin-ui instance=DESKTOP-VIOG240 scope=dapr.runtime.grpc.api type=log ver=1.18.4",
      "isError": false
    },
    {
      "resourceName": "eventstore-admin-ui-dapr-cli",
      "content": "time=\"2026-10-08T10:34:02.654339618+02:00\" level=info msg=\"Enabled gRPC tracing middleware\" app_id=eventstore-admin-ui instance=DESKTOP-VIOG240 scope=dapr.runtime.grpc.api type=log ver=1.18.4",
      "isError": false
    },
    {
      "resourceName": "eventstore-admin-ui-dapr-cli",
      "content": "time=\"2026-10-08T10:34:02.654353375+02:00\" level=info msg=\"Enabled gRPC metrics middleware\" app_id=eventstore-admin-ui instance=DESKTOP-VIOG240 scope=dapr.runtime.grpc.api type=log ver=1.18.4",
      "isError": false
    },
    {
      "resourceName": "eventstore-admin-ui-dapr-cli",
      "content": "time=\"2026-10-08T10:34:02.654346586+02:00\" level=info msg=\"Hot reloading enabled. Daprd will reload 'Component', 'Subscription', 'MCPServer', 'Configuration', 'HTTPEndpoint', 'Resiliency' and 'WorkflowAccessPolicy' resources when they are added, updated or deleted.\" app_id=eventstore-admin-ui instance=DESKTOP-VIOG240 scope=dapr.runtime.hotreload type=log ver=1.18.4",
      "isError": false
    },
    {
      "resourceName": "eventstore-admin-ui-dapr-cli",
      "content": "time=\"2026-10-08T10:34:02.654402014+02:00\" level=info msg=\"Starting to watch WorkflowAccessPolicy updates\" app_id=eventstore-admin-ui instance=DESKTOP-VIOG240 scope=dapr.runtime.hotreload.reconciler type=log ver=1.18.4",
      "isError": false
    },
    {
      "resourceName": "eventstore-admin-ui-dapr-cli",
      "content": "time=\"2026-10-08T10:34:02.654442919+02:00\" level=info msg=\"Registering workflow engine for gRPC endpoint: [::]:19596\" app_id=eventstore-admin-ui instance=DESKTOP-VIOG240 scope=dapr.runtime.grpc.api type=log ver=1.18.4",
      "isError": false
    },
    {
      "resourceName": "eventstore-admin-ui-dapr-cli",
      "content": "time=\"2026-10-08T10:34:02.654445408+02:00\" level=info msg=\"Starting to watch Component updates\" app_id=eventstore-admin-ui instance=DESKTOP-VIOG240 scope=dapr.runtime.hotreload.reconciler type=log ver=1.18.4",
      "isError": false
    },
    {
      "resourceName": "eventstore-admin-ui-dapr-cli",
      "content": "time=\"2026-10-08T10:34:02.654464431+02:00\" level=info msg=\"API gRPC server is running on port 19596\" app_id=eventstore-admin-ui instance=DESKTOP-VIOG240 scope=dapr.runtime type=log ver=1.18.4",
      "isError": false
    },
    {
      "resourceName": "eventstore-admin-ui-dapr-cli",
      "content": "time=\"2026-10-08T10:34:02.654479955+02:00\" level=info msg=\"Starting to watch Subscription updates\" app_id=eventstore-admin-ui instance=DESKTOP-VIOG240 scope=dapr.runtime.hotreload.reconciler type=log ver=1.18.4",
      "isError": false
    },
    {
      "resourceName": "eventstore-admin-ui-dapr-cli",
      "content": "time=\"2026-10-08T10:34:02.654490145+02:00\" level=info msg=\"Starting to watch MCPServer updates\" app_id=eventstore-admin-ui instance=DESKTOP-VIOG240 scope=dapr.runtime.hotreload.reconciler type=log ver=1.18.4",
      "isError": false
    },
    {
      "resourceName": "eventstore-admin-ui-dapr-cli",
      "content": "time=\"2026-10-08T10:34:02.654489449+02:00\" level=warning msg=\"The default value for 'spec.metric.http.increasedCardinality' will change to 'false' in Dapr 1.15 or later\" app_id=eventstore-admin-ui instance=DESKTOP-VIOG240 scope=dapr.runtime.http type=log ver=1.18.4",
      "isError": false
    },
    {
      "resourceName": "eventstore-admin-ui-dapr-cli",
      "content": "time=\"2026-10-08T10:34:02.654500315+02:00\" level=info msg=\"Starting to watch Configuration updates for SIGHUP reload\" app_id=eventstore-admin-ui instance=DESKTOP-VIOG240 scope=dapr.runtime.hotreload.reconciler type=log ver=1.18.4",
      "isError": false
    },
    {
      "resourceName": "eventstore-admin-ui-dapr-cli",
      "content": "time=\"2026-10-08T10:34:02.654507859+02:00\" level=info msg=\"Starting to watch HTTPEndpoint updates for SIGHUP reload\" app_id=eventstore-admin-ui instance=DESKTOP-VIOG240 scope=dapr.runtime.hotreload.reconciler type=log ver=1.18.4",
      "isError": false
    },
    {
      "resourceName": "eventstore-admin-ui-dapr-cli",
      "content": "time=\"2026-10-08T10:34:02.654523991+02:00\" level=info msg=\"Starting to watch Resiliency updates for SIGHUP reload\" app_id=eventstore-admin-ui instance=DESKTOP-VIOG240 scope=dapr.runtime.hotreload.reconciler type=log ver=1.18.4",
      "isError": false
    },
    {
      "resourceName": "eventstore-admin-ui-dapr-cli",
      "content": "time=\"2026-10-08T10:34:02.654539036+02:00\" level=info msg=\"Enabled max body size HTTP middleware with size 4194304 bytes\" app_id=eventstore-admin-ui instance=DESKTOP-VIOG240 scope=dapr.runtime.http type=log ver=1.18.4",
      "isError": false
    },
    {
      "resourceName": "eventstore-admin-ui-dapr-cli",
      "content": "time=\"2026-10-08T10:34:02.654545638+02:00\" level=info msg=\"Enabled tracing HTTP middleware\" app_id=eventstore-admin-ui instance=DESKTOP-VIOG240 scope=dapr.runtime.http type=log ver=1.18.4",
      "isError": false
    },
    {
      "resourceName": "eventstore-admin-ui-dapr-cli",
      "content": "time=\"2026-10-08T10:34:02.654549336+02:00\" level=info msg=\"Enabled metrics HTTP middleware\" app_id=eventstore-admin-ui instance=DESKTOP-VIOG240 scope=dapr.runtime.http type=log ver=1.18.4",
      "isError": false
    },
    {
      "resourceName": "eventstore-admin-ui-dapr-cli",
      "content": "time=\"2026-10-08T10:34:02.654811014+02:00\" level=info msg=\"HTTP server listening on TCP address: :19595\" app_id=eventstore-admin-ui instance=DESKTOP-VIOG240 scope=dapr.runtime.http type=log ver=1.18.4",
      "isError": false
    },
    {
      "resourceName": "eventstore-admin-ui-dapr-cli",
      "content": "time=\"2026-10-08T10:34:02.654855941+02:00\" level=info msg=\"HTTP server is running on port 19595\" app_id=eventstore-admin-ui instance=DESKTOP-VIOG240 scope=dapr.runtime type=log ver=1.18.4",
      "isError": false
    },
    {
      "resourceName": "eventstore-admin-ui-dapr-cli",
      "content": "time=\"2026-10-08T10:34:02.654873696+02:00\" level=info msg=\"The request body size parameter is: 4194304 bytes\" app_id=eventstore-admin-ui instance=DESKTOP-VIOG240 scope=dapr.runtime type=log ver=1.18.4",
      "isError": false
    },
    {
      "resourceName": "eventstore-admin-ui-dapr-cli",
      "content": "time=\"2026-10-08T10:34:02.654889437+02:00\" level=info msg=\"gRPC server listening on pre-bound TCP address: [::]:33977\" app_id=eventstore-admin-ui instance=DESKTOP-VIOG240 scope=dapr.runtime.grpc.internal type=log ver=1.18.4",
      "isError": false
    },
    {
      "resourceName": "eventstore-admin-ui-dapr-cli",
      "content": "time=\"2026-10-08T10:34:02.654905558+02:00\" level=info msg=\"Enabled gRPC tracing middleware\" app_id=eventstore-admin-ui instance=DESKTOP-VIOG240 scope=dapr.runtime.grpc.internal type=log ver=1.18.4",
      "isError": false
    },
    {
      "resourceName": "eventstore-admin-ui-dapr-cli",
      "content": "time=\"2026-10-08T10:34:02.65491707+02:00\" level=info msg=\"Enabled gRPC metrics middleware\" app_id=eventstore-admin-ui instance=DESKTOP-VIOG240 scope=dapr.runtime.grpc.internal type=log ver=1.18.4",
      "isError": false
    },
    {
      "resourceName": "eventstore-admin-ui-dapr-cli",
      "content": "time=\"2026-10-08T10:34:02.654954232+02:00\" level=info msg=\"Internal gRPC server is running on :33977\" app_id=eventstore-admin-ui instance=DESKTOP-VIOG240 scope=dapr.runtime type=log ver=1.18.4",
      "isError": false
    },
    {
      "resourceName": "eventstore-admin-ui-dapr-cli",
      "content": "time=\"2026-10-08T10:34:02.654972899+02:00\" level=info msg=\"Using Scheduler service for reminders.\" app_id=eventstore-admin-ui instance=DESKTOP-VIOG240 scope=dapr.runtime.actor.reminders.scheduler type=log ver=1.18.4",
      "isError": false
    },
    {
      "resourceName": "eventstore-admin-ui-dapr-cli",
      "content": "time=\"2026-10-08T10:34:02.655011564+02:00\" level=info msg=\"Loading MCP servers…\" app_id=eventstore-admin-ui instance=DESKTOP-VIOG240 scope=dapr.runtime type=log ver=1.18.4",
      "isError": false
    },
    {
      "resourceName": "eventstore-admin-ui-dapr-cli",
      "content": "time=\"2026-10-08T10:34:02.655052718+02:00\" level=info msg=\"Actor runtime started\" app_id=eventstore-admin-ui instance=DESKTOP-VIOG240 scope=dapr.runtime.actor type=log ver=1.18.4",
      "isError": false
    },
    {
      "resourceName": "eventstore-admin-ui-dapr-cli",
      "content": "time=\"2026-10-08T10:34:02.655065393+02:00\" level=warning msg=\"Graceful shutdown timeout is infinite, will wait indefinitely to shutdown\" app_id=eventstore-admin-ui instance=DESKTOP-VIOG240 scope=dapr.runtime.actor type=log ver=1.18.4",
      "isError": false
    },
    {
      "resourceName": "eventstore-admin-ui-dapr-cli",
      "content": "time=\"2026-10-08T10:34:02.655106593+02:00\" level=info msg=\"worker started with backend dapr.actors/v1\" app_id=eventstore-admin-ui instance=DESKTOP-VIOG240 scope=dapr.wfengine.durabletask.backend type=log ver=1.18.4",
      "isError": false
    },
    {
      "resourceName": "eventstore-admin-ui-dapr-cli",
      "content": "time=\"2026-10-08T10:34:02.655132643+02:00\" level=info msg=\"Workflow engine started\" app_id=eventstore-admin-ui instance=DESKTOP-VIOG240 scope=dapr.runtime.wfengine type=log ver=1.18.4",
      "isError": false
    },
    {
      "resourceName": "eventstore-admin-ui-dapr-cli",
      "content": "time=\"2026-10-08T10:34:02.655157818+02:00\" level=info msg=\"Waiting for all outstanding MCP servers to be processed…\" app_id=eventstore-admin-ui instance=DESKTOP-VIOG240 scope=dapr.runtime type=log ver=1.18.4",
      "isError": false
    },
    {
      "resourceName": "eventstore-admin-ui-dapr-cli",
      "content": "time=\"2026-10-08T10:34:02.655184901+02:00\" level=info msg=\"All outstanding MCP servers processed\" app_id=eventstore-admin-ui instance=DESKTOP-VIOG240 scope=dapr.runtime type=log ver=1.18.4",
      "isError": false
    },
    {
      "resourceName": "eventstore-admin-ui-dapr-cli",
      "content": "time=\"2026-10-08T10:34:02.655198497+02:00\" level=info msg=\"application protocol: http. waiting on port 34263.  This will block until the app is listening on that port.\" app_id=eventstore-admin-ui instance=DESKTOP-VIOG240 scope=dapr.runtime type=log ver=1.18.4",
      "isError": false
    },
    {
      "resourceName": "eventstore-admin-ui-dapr-cli",
      "content": "time=\"2026-10-08T10:34:02.655650886+02:00\" level=info msg=\"application discovered on port 34263\" app_id=eventstore-admin-ui instance=DESKTOP-VIOG240 scope=dapr.runtime type=log ver=1.18.4",
      "isError": false
    },
    {
      "resourceName": "sample-api-dapr-cli",
      "content": "time=\"2026-10-08T10:34:02.656390018+02:00\" level=info msg=\"Starting Dapr Runtime -- version 1.18.4 -- commit 6d1c53f430205c0c0f3bc3589ce5a3ec3f6f1647\" app_id=sample-api instance=DESKTOP-VIOG240 scope=dapr.runtime type=log ver=1.18.4",
      "isError": false
    },
    {
      "resourceName": "sample-api-dapr-cli",
      "content": "time=\"2026-10-08T10:34:02.656440246+02:00\" level=info msg=\"Log level set to: info\" app_id=sample-api instance=DESKTOP-VIOG240 scope=dapr.runtime type=log ver=1.18.4",
      "isError": false
    },
    {
      "resourceName": "sample-api-dapr-cli",
      "content": "time=\"2026-10-08T10:34:02.656738786+02:00\" level=warning msg=\"mTLS is disabled. Skipping certificate request and tls validation\" app_id=sample-api instance=DESKTOP-VIOG240 scope=dapr.runtime.security type=log ver=1.18.4",
      "isError": false
    },
    {
      "resourceName": "sample-api-dapr-cli",
      "content": "Flag --components-path has been deprecated, use --resources-path",
      "isError": true
    },
    {
      "resourceName": "sample-api-dapr-cli",
      "content": "time=\"2026-10-08T10:34:02.657033999+02:00\" level=info msg=\"Enabled features: WorkflowsRemoteActivityReminder HotReload\" app_id=sample-api instance=DESKTOP-VIOG240 scope=dapr.runtime type=log ver=1.18.4",
      "isError": false
    },
    {
      "resourceName": "sample-api-dapr-cli",
      "content": "time=\"2026-10-08T10:34:02.657109646+02:00\" level=info msg=\"metric spec: {\\\"enabled\\\":true}\" app_id=sample-api instance=DESKTOP-VIOG240 scope=dapr.runtime.diagnostics type=log ver=1.18.4",
      "isError": false
    },
    {
      "resourceName": "sample-api-dapr-cli",
      "content": "time=\"2026-10-08T10:34:02.657155796+02:00\" level=info msg=\"Using default latency distribution buckets: [1 2 3 4 5 6 8 10 13 16 20 25 30 40 50 65 80 100 130 160 200 250 300 400 500 650 800 1000 2000 5000 10000 20000 50000 100000]\" app_id=sample-api instance=DESKTOP-VIOG240 scope=dapr.runtime.diagnostics type=log ver=1.18.4",
      "isError": false
    },
    {
      "resourceName": "sample-api-dapr-cli",
      "content": "time=\"2026-10-08T10:34:02.657235982+02:00\" level=warning msg=\"The default value for 'spec.metric.http.increasedCardinality' will change to 'false' in Dapr 1.15 or later\" app_id=sample-api instance=DESKTOP-VIOG240 scope=dapr.runtime.diagnostics type=log ver=1.18.4",
      "isError": false
    },
    {
      "resourceName": "sample-api-dapr-cli",
      "content": "time=\"2026-10-08T10:34:02.657509994+02:00\" level=info msg=\"Watching directories: [/home/administrator/.dapr/components]\" app_id=sample-api instance=DESKTOP-VIOG240 scope=dapr.runtime.hotreload.loader.disk type=log ver=1.18.4",
      "isError": false
    },
    {
      "resourceName": "sample-api-dapr-cli",
      "content": "time=\"2026-10-08T10:34:02.660761928+02:00\" level=info msg=\"standalone mode configured\" app_id=sample-api instance=DESKTOP-VIOG240 scope=dapr.runtime type=log ver=1.18.4",
      "isError": false
    },
    {
      "resourceName": "sample-api-dapr-cli",
      "content": "time=\"2026-10-08T10:34:02.660817897+02:00\" level=info msg=\"app id: sample-api\" app_id=sample-api instance=DESKTOP-VIOG240 scope=dapr.runtime type=log ver=1.18.4",
      "isError": false
    },
    {
      "resourceName": "sample-api-dapr-cli",
      "content": "time=\"2026-10-08T10:34:02.665662956+02:00\" level=info msg=\"metrics server started on 0.0.0.0:19579/\" app_id=sample-api instance=DESKTOP-VIOG240 scope=dapr.runtime type=log ver=1.18.4",
      "isError": false
    },
    {
      "resourceName": "sample-api-dapr-cli",
      "content": "time=\"2026-10-08T10:34:02.665955244+02:00\" level=info msg=\"Dapr trace sampler initialized: ParentBased{root:TraceIDRatioBased{1},remoteParentSampled:AlwaysOnSampler,remoteParentNotSampled:AlwaysOffSampler,localParentSampled:AlwaysOnSampler,localParentNotSampled:AlwaysOffSampler}\" app_id=sample-api instance=DESKTOP-VIOG240 scope=dapr.runtime type=log ver=1.18.4",
      "isError": false
    },
    {
      "resourceName": "sample-api-dapr-cli",
      "content": "time=\"2026-10-08T10:34:02.666142588+02:00\" level=info msg=\"local service entry announced: sample-api -> 172.21.201.86:45895\" app_id=sample-api component=\"nr (mdns/v1)\" instance=DESKTOP-VIOG240 scope=dapr.contrib type=log ver=1.18.4",
      "isError": false
    },
    {
      "resourceName": "sample-api-dapr-cli",
      "content": "time=\"2026-10-08T10:34:02.666157818+02:00\" level=info msg=\"Initialized name resolution to mdns\" app_id=sample-api instance=DESKTOP-VIOG240 scope=dapr.runtime type=log ver=1.18.4",
      "isError": false
    },
    {
      "resourceName": "sample-api-dapr-cli",
      "content": "time=\"2026-10-08T10:34:02.666190141+02:00\" level=info msg=\"Loading components…\" app_id=sample-api instance=DESKTOP-VIOG240 scope=dapr.runtime type=log ver=1.18.4",
      "isError": false
    },
    {
      "resourceName": "tenants-dapr-cli",
      "content": "WARNING: no application command found.",
      "isError": false
    },
    {
      "resourceName": "sample-api-dapr-cli",
      "content": "time=\"2026-10-08T10:34:02.669327181+02:00\" level=info msg=\"Component loaded: pubsub (pubsub.redis/v1)\" app_id=sample-api instance=DESKTOP-VIOG240 scope=dapr.runtime.processor type=log ver=1.18.4",
      "isError": false
    },
    {
      "resourceName": "sample-api-dapr-cli",
      "content": "time=\"2026-10-08T10:34:02.669573399+02:00\" level=info msg=\"Waiting for all outstanding components to be processed…\" app_id=sample-api instance=DESKTOP-VIOG240 scope=dapr.runtime type=log ver=1.18.4",
      "isError": false
    },
    {
      "resourceName": "sample-api-dapr-cli",
      "content": "time=\"2026-10-08T10:34:02.67137505+02:00\" level=info msg=\"Connected and received scheduler hosts addresses: [localhost:50006]\" app_id=sample-api instance=DESKTOP-VIOG240 scope=dapr.runtime.scheduler.watchhosts type=log ver=1.18.4",
      "isError": false
    },
    {
      "resourceName": "sample-api-dapr-cli",
      "content": "time=\"2026-10-08T10:34:02.6717817+02:00\" level=info msg=\"Scheduler client initialized for address: localhost:50006\" app_id=sample-api instance=DESKTOP-VIOG240 scope=dapr.runtime.scheduler.clients type=log ver=1.18.4",
      "isError": false
    },
    {
      "resourceName": "sample-api-dapr-cli",
      "content": "time=\"2026-10-08T10:34:02.671808672+02:00\" level=info msg=\"Scheduler clients initialized\" app_id=sample-api instance=DESKTOP-VIOG240 scope=dapr.runtime.scheduler.clients type=log ver=1.18.4",
      "isError": false
    },
    {
      "resourceName": "sample-api-dapr-cli",
      "content": "time=\"2026-10-08T10:34:02.676376783+02:00\" level=info msg=\"Using 'statestore' as actor state store\" app_id=sample-api instance=DESKTOP-VIOG240 scope=dapr.runtime.processor.state type=log ver=1.18.4",
      "isError": false
    },
    {
      "resourceName": "sample-api-dapr-cli",
      "content": "time=\"2026-10-08T10:34:02.676409176+02:00\" level=info msg=\"Component loaded: statestore (state.redis/v1)\" app_id=sample-api instance=DESKTOP-VIOG240 scope=dapr.runtime.processor type=log ver=1.18.4",
      "isError": false
    },
    {
      "resourceName": "sample-api-dapr-cli",
      "content": "time=\"2026-10-08T10:34:02.67641645+02:00\" level=info msg=\"All outstanding components processed\" app_id=sample-api instance=DESKTOP-VIOG240 scope=dapr.runtime type=log ver=1.18.4",
      "isError": false
    },
    {
      "resourceName": "sample-api-dapr-cli",
      "content": "time=\"2026-10-08T10:34:02.676423805+02:00\" level=info msg=\"Loading endpoints…\" app_id=sample-api instance=DESKTOP-VIOG240 scope=dapr.runtime type=log ver=1.18.4",
      "isError": false
    },
    {
      "resourceName": "sample-api-dapr-cli",
      "content": "time=\"2026-10-08T10:34:02.676598454+02:00\" level=info msg=\"Waiting for all outstanding http endpoints to be processed…\" app_id=sample-api instance=DESKTOP-VIOG240 scope=dapr.runtime type=log ver=1.18.4",
      "isError": false
    },
    {
      "resourceName": "sample-api-dapr-cli",
      "content": "time=\"2026-10-08T10:34:02.676603193+02:00\" level=info msg=\"All outstanding http endpoints processed\" app_id=sample-api instance=DESKTOP-VIOG240 scope=dapr.runtime type=log ver=1.18.4",
      "isError": false
    },
    {
      "resourceName": "sample-api-dapr-cli",
      "content": "time=\"2026-10-08T10:34:02.676607381+02:00\" level=info msg=\"Loading Declarative Subscriptions…\" app_id=sample-api instance=DESKTOP-VIOG240 scope=dapr.runtime type=log ver=1.18.4",
      "isError": false
    },
    {
      "resourceName": "sample-api-dapr-cli",
      "content": "time=\"2026-10-08T10:34:02.676811288+02:00\" level=info msg=\"gRPC server listening on TCP address: :19581\" app_id=sample-api instance=DESKTOP-VIOG240 scope=dapr.runtime.grpc.api type=log ver=1.18.4",
      "isError": false
    },
    {
      "resourceName": "sample-api-dapr-cli",
      "content": "time=\"2026-10-08T10:34:02.676818201+02:00\" level=info msg=\"Enabled gRPC tracing middleware\" app_id=sample-api instance=DESKTOP-VIOG240 scope=dapr.runtime.grpc.api type=log ver=1.18.4",
      "isError": false
    },
    {
      "resourceName": "sample-api-dapr-cli",
      "content": "time=\"2026-10-08T10:34:02.676820906+02:00\" level=info msg=\"Enabled gRPC metrics middleware\" app_id=sample-api instance=DESKTOP-VIOG240 scope=dapr.runtime.grpc.api type=log ver=1.18.4",
      "isError": false
    },
    {
      "resourceName": "sample-api-dapr-cli",
      "content": "time=\"2026-10-08T10:34:02.676975757+02:00\" level=info msg=\"Registering workflow engine for gRPC endpoint: [::]:19581\" app_id=sample-api instance=DESKTOP-VIOG240 scope=dapr.runtime.grpc.api type=log ver=1.18.4",
      "isError": false
    },
    {
      "resourceName": "sample-api-dapr-cli",
      "content": "time=\"2026-10-08T10:34:02.67702863+02:00\" level=info msg=\"API gRPC server is running on port 19581\" app_id=sample-api instance=DESKTOP-VIOG240 scope=dapr.runtime type=log ver=1.18.4",
      "isError": false
    },
    {
      "resourceName": "sample-api-dapr-cli",
      "content": "time=\"2026-10-08T10:34:02.677061384+02:00\" level=warning msg=\"The default value for 'spec.metric.http.increasedCardinality' will change to 'false' in Dapr 1.15 or later\" app_id=sample-api instance=DESKTOP-VIOG240 scope=dapr.runtime.http type=log ver=1.18.4",
      "isError": false
    },
    {
      "resourceName": "sample-api-dapr-cli",
      "content": "time=\"2026-10-08T10:34:02.677121059+02:00\" level=info msg=\"Enabled max body size HTTP middleware with size 4194304 bytes\" app_id=sample-api instance=DESKTOP-VIOG240 scope=dapr.runtime.http type=log ver=1.18.4",
      "isError": false
    },
    {
      "resourceName": "sample-api-dapr-cli",
      "content": "time=\"2026-10-08T10:34:02.677129756+02:00\" level=info msg=\"Enabled tracing HTTP middleware\" app_id=sample-api instance=DESKTOP-VIOG240 scope=dapr.runtime.http type=log ver=1.18.4",
      "isError": false
    },
    {
      "resourceName": "sample-api-dapr-cli",
      "content": "time=\"2026-10-08T10:34:02.677134275+02:00\" level=info msg=\"Enabled metrics HTTP middleware\" app_id=sample-api instance=DESKTOP-VIOG240 scope=dapr.runtime.http type=log ver=1.18.4",
      "isError": false
    },
    {
      "resourceName": "sample-api-dapr-cli",
      "content": "time=\"2026-10-08T10:34:02.677387828+02:00\" level=info msg=\"HTTP server listening on TCP address: :19580\" app_id=sample-api instance=DESKTOP-VIOG240 scope=dapr.runtime.http type=log ver=1.18.4",
      "isError": false
    },
    {
      "resourceName": "sample-api-dapr-cli",
      "content": "time=\"2026-10-08T10:34:02.677409881+02:00\" level=info msg=\"HTTP server is running on port 19580\" app_id=sample-api instance=DESKTOP-VIOG240 scope=dapr.runtime type=log ver=1.18.4",
      "isError": false
    },
    {
      "resourceName": "sample-api-dapr-cli",
      "content": "time=\"2026-10-08T10:34:02.677414159+02:00\" level=info msg=\"The request body size parameter is: 4194304 bytes\" app_id=sample-api instance=DESKTOP-VIOG240 scope=dapr.runtime type=log ver=1.18.4",
      "isError": false
    },
    {
      "resourceName": "sample-api-dapr-cli",
      "content": "time=\"2026-10-08T10:34:02.677424589+02:00\" level=info msg=\"gRPC server listening on pre-bound TCP address: [::]:45895\" app_id=sample-api instance=DESKTOP-VIOG240 scope=dapr.runtime.grpc.internal type=log ver=1.18.4",
      "isError": false
    },
    {
      "resourceName": "sample-api-dapr-cli",
      "content": "time=\"2026-10-08T10:34:02.677431863+02:00\" level=info msg=\"Enabled gRPC tracing middleware\" app_id=sample-api instance=DESKTOP-VIOG240 scope=dapr.runtime.grpc.internal type=log ver=1.18.4",
      "isError": false
    },
    {
      "resourceName": "sample-api-dapr-cli",
      "content": "time=\"2026-10-08T10:34:02.677436192+02:00\" level=info msg=\"Enabled gRPC metrics middleware\" app_id=sample-api instance=DESKTOP-VIOG240 scope=dapr.runtime.grpc.internal type=log ver=1.18.4",
      "isError": false
    },
    {
      "resourceName": "sample-api-dapr-cli",
      "content": "time=\"2026-10-08T10:34:02.677468224+02:00\" level=info msg=\"Internal gRPC server is running on :45895\" app_id=sample-api instance=DESKTOP-VIOG240 scope=dapr.runtime type=log ver=1.18.4",
      "isError": false
    },
    {
      "resourceName": "sample-api-dapr-cli",
      "content": "time=\"2026-10-08T10:34:02.677480358+02:00\" level=info msg=\"Using Scheduler service for reminders.\" app_id=sample-api instance=DESKTOP-VIOG240 scope=dapr.runtime.actor.reminders.scheduler type=log ver=1.18.4",
      "isError": false
    },
    {
      "resourceName": "sample-api-dapr-cli",
      "content": "time=\"2026-10-08T10:34:02.677510446+02:00\" level=info msg=\"Loading MCP servers…\" app_id=sample-api instance=DESKTOP-VIOG240 scope=dapr.runtime type=log ver=1.18.4",
      "isError": false
    },
    {
      "resourceName": "sample-api-dapr-cli",
      "content": "time=\"2026-10-08T10:34:02.677703752+02:00\" level=info msg=\"Waiting for all outstanding MCP servers to be processed…\" app_id=sample-api instance=DESKTOP-VIOG240 scope=dapr.runtime type=log ver=1.18.4",
      "isError": false
    },
    {
      "resourceName": "sample-api-dapr-cli",
      "content": "time=\"2026-10-08T10:34:02.677712759+02:00\" level=info msg=\"All outstanding MCP servers processed\" app_id=sample-api instance=DESKTOP-VIOG240 scope=dapr.runtime type=log ver=1.18.4",
      "isError": false
    },
    {
      "resourceName": "sample-api-dapr-cli",
      "content": "time=\"2026-10-08T10:34:02.677719382+02:00\" level=info msg=\"application protocol: http. waiting on port 35549.  This will block until the app is listening on that port.\" app_id=sample-api instance=DESKTOP-VIOG240 scope=dapr.runtime type=log ver=1.18.4",
      "isError": false
    },
    {
      "resourceName": "sample-api-dapr-cli",
      "content": "time=\"2026-10-08T10:34:02.677860877+02:00\" level=info msg=\"Hot reloading enabled. Daprd will reload 'Component', 'Subscription', 'MCPServer', 'Configuration', 'HTTPEndpoint', 'Resiliency' and 'WorkflowAccessPolicy' resources when they are added, updated or deleted.\" app_id=sample-api instance=DESKTOP-VIOG240 scope=dapr.runtime.hotreload type=log ver=1.18.4",
      "isError": false
    },
    {
      "resourceName": "sample-api-dapr-cli",
      "content": "time=\"2026-10-08T10:34:02.677923318+02:00\" level=info msg=\"Starting to watch WorkflowAccessPolicy updates\" app_id=sample-api instance=DESKTOP-VIOG240 scope=dapr.runtime.hotreload.reconciler type=log ver=1.18.4",
      "isError": false
    },
    {
      "resourceName": "sample-api-dapr-cli",
      "content": "time=\"2026-10-08T10:34:02.678026188+02:00\" level=info msg=\"Actor runtime started\" app_id=sample-api instance=DESKTOP-VIOG240 scope=dapr.runtime.actor type=log ver=1.18.4",
      "isError": false
    },
    {
      "resourceName": "sample-api-dapr-cli",
      "content": "time=\"2026-10-08T10:34:02.678036829+02:00\" level=warning msg=\"Graceful shutdown timeout is infinite, will wait indefinitely to shutdown\" app_id=sample-api instance=DESKTOP-VIOG240 scope=dapr.runtime.actor type=log ver=1.18.4",
      "isError": false
    },
    {
      "resourceName": "sample-api-dapr-cli",
      "content": "time=\"2026-10-08T10:34:02.678079382+02:00\" level=info msg=\"Starting to watch Component updates\" app_id=sample-api instance=DESKTOP-VIOG240 scope=dapr.runtime.hotreload.reconciler type=log ver=1.18.4",
      "isError": false
    },
    {
      "resourceName": "sample-api-dapr-cli",
      "content": "time=\"2026-10-08T10:34:02.678096004+02:00\" level=info msg=\"Starting to watch Subscription updates\" app_id=sample-api instance=DESKTOP-VIOG240 scope=dapr.runtime.hotreload.reconciler type=log ver=1.18.4",
      "isError": false
    },
    {
      "resourceName": "sample-api-dapr-cli",
      "content": "time=\"2026-10-08T10:34:02.678111394+02:00\" level=info msg=\"Starting to watch MCPServer updates\" app_id=sample-api instance=DESKTOP-VIOG240 scope=dapr.runtime.hotreload.reconciler type=log ver=1.18.4",
      "isError": false
    },
    {
      "resourceName": "sample-api-dapr-cli",
      "content": "time=\"2026-10-08T10:34:02.678140981+02:00\" level=info msg=\"Starting to watch Configuration updates for SIGHUP reload\" app_id=sample-api instance=DESKTOP-VIOG240 scope=dapr.runtime.hotreload.reconciler type=log ver=1.18.4",
      "isError": false
    },
    {
      "resourceName": "sample-api-dapr-cli",
      "content": "time=\"2026-10-08T10:34:02.678154678+02:00\" level=info msg=\"Starting to watch HTTPEndpoint updates for SIGHUP reload\" app_id=sample-api instance=DESKTOP-VIOG240 scope=dapr.runtime.hotreload.reconciler type=log ver=1.18.4",
      "isError": false
    },
    {
      "resourceName": "sample-api-dapr-cli",
      "content": "time=\"2026-10-08T10:34:02.678167192+02:00\" level=info msg=\"Starting to watch Resiliency updates for SIGHUP reload\" app_id=sample-api instance=DESKTOP-VIOG240 scope=dapr.runtime.hotreload.reconciler type=log ver=1.18.4",
      "isError": false
    },
    {
      "resourceName": "sample-api-dapr-cli",
      "content": "time=\"2026-10-08T10:34:02.678227539+02:00\" level=info msg=\"worker started with backend dapr.actors/v1\" app_id=sample-api instance=DESKTOP-VIOG240 scope=dapr.wfengine.durabletask.backend type=log ver=1.18.4",
      "isError": false
    },
    {
      "resourceName": "sample-api-dapr-cli",
      "content": "time=\"2026-10-08T10:34:02.678247097+02:00\" level=info msg=\"Workflow engine started\" app_id=sample-api instance=DESKTOP-VIOG240 scope=dapr.runtime.wfengine type=log ver=1.18.4",
      "isError": false
    },
    {
      "resourceName": "sample-api-dapr-cli",
      "content": "time=\"2026-10-08T10:34:02.679998395+02:00\" level=info msg=\"application discovered on port 35549\" app_id=sample-api instance=DESKTOP-VIOG240 scope=dapr.runtime type=log ver=1.18.4",
      "isError": false
    },
    {
      "resourceName": "sample-dapr-cli",
      "content": "ℹ️  Starting Dapr with id sample. HTTP Port: 19586. gRPC Port: 19587",
      "isError": false
    },
    {
      "resourceName": "tenants-dapr-cli",
      "content": "ℹ️  Starting Dapr with id tenants. HTTP Port: 19592. gRPC Port: 19593",
      "isError": false
    },
    {
      "resourceName": "tenants-api-dapr-cli",
      "content": "Flag --components-path has been deprecated, use --resources-path",
      "isError": true
    },
    {
      "resourceName": "tenants-api-dapr-cli",
      "content": "time=\"2026-10-08T10:34:02.772432327+02:00\" level=info msg=\"Starting Dapr Runtime -- version 1.18.4 -- commit 6d1c53f430205c0c0f3bc3589ce5a3ec3f6f1647\" app_id=tenants-api instance=DESKTOP-VIOG240 scope=dapr.runtime type=log ver=1.18.4",
      "isError": false
    },
    {
      "resourceName": "tenants-api-dapr-cli",
      "content": "time=\"2026-10-08T10:34:02.772469279+02:00\" level=info msg=\"Log level set to: info\" app_id=tenants-api instance=DESKTOP-VIOG240 scope=dapr.runtime type=log ver=1.18.4",
      "isError": false
    },
    {
      "resourceName": "tenants-api-dapr-cli",
      "content": "time=\"2026-10-08T10:34:02.773073047+02:00\" level=warning msg=\"mTLS is disabled. Skipping certificate request and tls validation\" app_id=tenants-api instance=DESKTOP-VIOG240 scope=dapr.runtime.security type=log ver=1.18.4",
      "isError": false
    },
    {
      "resourceName": "tenants-api-dapr-cli",
      "content": "time=\"2026-10-08T10:34:02.773718902+02:00\" level=info msg=\"Enabled features: WorkflowsRemoteActivityReminder HotReload\" app_id=tenants-api instance=DESKTOP-VIOG240 scope=dapr.runtime type=log ver=1.18.4",
      "isError": false
    },
    {
      "resourceName": "tenants-api-dapr-cli",
      "content": "time=\"2026-10-08T10:34:02.773830709+02:00\" level=info msg=\"metric spec: {\\\"enabled\\\":true}\" app_id=tenants-api instance=DESKTOP-VIOG240 scope=dapr.runtime.diagnostics type=log ver=1.18.4",
      "isError": false
    },
    {
      "resourceName": "tenants-api-dapr-cli",
      "content": "time=\"2026-10-08T10:34:02.773863403+02:00\" level=info msg=\"Using default latency distribution buckets: [1 2 3 4 5 6 8 10 13 16 20 25 30 40 50 65 80 100 130 160 200 250 300 400 500 650 800 1000 2000 5000 10000 20000 50000 100000]\" app_id=tenants-api instance=DESKTOP-VIOG240 scope=dapr.runtime.diagnostics type=log ver=1.18.4",
      "isError": false
    },
    {
      "resourceName": "tenants-api-dapr-cli",
      "content": "time=\"2026-10-08T10:34:02.774009537+02:00\" level=warning msg=\"The default value for 'spec.metric.http.increasedCardinality' will change to 'false' in Dapr 1.15 or later\" app_id=tenants-api instance=DESKTOP-VIOG240 scope=dapr.runtime.diagnostics type=log ver=1.18.4",
      "isError": false
    },
    {
      "resourceName": "tenants-api-dapr-cli",
      "content": "time=\"2026-10-08T10:34:02.774532584+02:00\" level=info msg=\"Watching directories: [/home/administrator/.dapr/components]\" app_id=tenants-api instance=DESKTOP-VIOG240 scope=dapr.runtime.hotreload.loader.disk type=log ver=1.18.4",
      "isError": false
    },
    {
      "resourceName": "tenants-api-dapr-cli",
      "content": "time=\"2026-10-08T10:34:02.775317384+02:00\" level=info msg=\"standalone mode configured\" app_id=tenants-api instance=DESKTOP-VIOG240 scope=dapr.runtime type=log ver=1.18.4",
      "isError": false
    },
    {
      "resourceName": "tenants-api-dapr-cli",
      "content": "time=\"2026-10-08T10:34:02.775329577+02:00\" level=info msg=\"app id: tenants-api\" app_id=tenants-api instance=DESKTOP-VIOG240 scope=dapr.runtime type=log ver=1.18.4",
      "isError": false
    },
    {
      "resourceName": "tenants-api-dapr-cli",
      "content": "time=\"2026-10-08T10:34:02.778117308+02:00\" level=info msg=\"Connected and received scheduler hosts addresses: [localhost:50006]\" app_id=tenants-api instance=DESKTOP-VIOG240 scope=dapr.runtime.scheduler.watchhosts type=log ver=1.18.4",
      "isError": false
    },
    {
      "resourceName": "tenants-api-dapr-cli",
      "content": "time=\"2026-10-08T10:34:02.778350792+02:00\" level=info msg=\"Scheduler client initialized for address: localhost:50006\" app_id=tenants-api instance=DESKTOP-VIOG240 scope=dapr.runtime.scheduler.clients type=log ver=1.18.4",
      "isError": false
    },
    {
      "resourceName": "tenants-api-dapr-cli",
      "content": "time=\"2026-10-08T10:34:02.778370079+02:00\" level=info msg=\"Scheduler clients initialized\" app_id=tenants-api instance=DESKTOP-VIOG240 scope=dapr.runtime.scheduler.clients type=log ver=1.18.4",
      "isError": false
    },
    {
      "resourceName": "tenants-api-dapr-cli",
      "content": "time=\"2026-10-08T10:34:02.781804799+02:00\" level=info msg=\"metrics server started on 0.0.0.0:19588/\" app_id=tenants-api instance=DESKTOP-VIOG240 scope=dapr.runtime type=log ver=1.18.4",
      "isError": false
    },
    {
      "resourceName": "tenants-api-dapr-cli",
      "content": "time=\"2026-10-08T10:34:02.782059002+02:00\" level=info msg=\"Dapr trace sampler initialized: ParentBased{root:TraceIDRatioBased{1},remoteParentSampled:AlwaysOnSampler,remoteParentNotSampled:AlwaysOffSampler,localParentSampled:AlwaysOnSampler,localParentNotSampled:AlwaysOffSampler}\" app_id=tenants-api instance=DESKTOP-VIOG240 scope=dapr.runtime type=log ver=1.18.4",
      "isError": false
    },
    {
      "resourceName": "tenants-api-dapr-cli",
      "content": "time=\"2026-10-08T10:34:02.78231023+02:00\" level=info msg=\"local service entry announced: tenants-api -> 172.21.201.86:42241\" app_id=tenants-api component=\"nr (mdns/v1)\" instance=DESKTOP-VIOG240 scope=dapr.contrib type=log ver=1.18.4",
      "isError": false
    },
    {
      "resourceName": "tenants-api-dapr-cli",
      "content": "time=\"2026-10-08T10:34:02.782325901+02:00\" level=info msg=\"Initialized name resolution to mdns\" app_id=tenants-api instance=DESKTOP-VIOG240 scope=dapr.runtime type=log ver=1.18.4",
      "isError": false
    },
    {
      "resourceName": "tenants-api-dapr-cli",
      "content": "time=\"2026-10-08T10:34:02.782366349+02:00\" level=info msg=\"Loading components…\" app_id=tenants-api instance=DESKTOP-VIOG240 scope=dapr.runtime type=log ver=1.18.4",
      "isError": false
    },
    {
      "resourceName": "tenants-api-dapr-cli",
      "content": "time=\"2026-10-08T10:34:02.791833325+02:00\" level=info msg=\"Component loaded: pubsub (pubsub.redis/v1)\" app_id=tenants-api instance=DESKTOP-VIOG240 scope=dapr.runtime.processor type=log ver=1.18.4",
      "isError": false
    },
    {
      "resourceName": "tenants-api-dapr-cli",
      "content": "time=\"2026-10-08T10:34:02.792192432+02:00\" level=info msg=\"Waiting for all outstanding components to be processed…\" app_id=tenants-api instance=DESKTOP-VIOG240 scope=dapr.runtime type=log ver=1.18.4",
      "isError": false
    },
    {
      "resourceName": "tenants-api-dapr-cli",
      "content": "time=\"2026-10-08T10:34:02.793726243+02:00\" level=info msg=\"Using 'statestore' as actor state store\" app_id=tenants-api instance=DESKTOP-VIOG240 scope=dapr.runtime.processor.state type=log ver=1.18.4",
      "isError": false
    },
    {
      "resourceName": "tenants-api-dapr-cli",
      "content": "time=\"2026-10-08T10:34:02.793765258+02:00\" level=info msg=\"Component loaded: statestore (state.redis/v1)\" app_id=tenants-api instance=DESKTOP-VIOG240 scope=dapr.runtime.processor type=log ver=1.18.4",
      "isError": false
    },
    {
      "resourceName": "tenants-api-dapr-cli",
      "content": "time=\"2026-10-08T10:34:02.793787672+02:00\" level=info msg=\"All outstanding components processed\" app_id=tenants-api instance=DESKTOP-VIOG240 scope=dapr.runtime type=log ver=1.18.4",
      "isError": false
    },
    {
      "resourceName": "tenants-api-dapr-cli",
      "content": "time=\"2026-10-08T10:34:02.793797391+02:00\" level=info msg=\"Loading endpoints…\" app_id=tenants-api instance=DESKTOP-VIOG240 scope=dapr.runtime type=log ver=1.18.4",
      "isError": false
    },
    {
      "resourceName": "tenants-api-dapr-cli",
      "content": "time=\"2026-10-08T10:34:02.793992781+02:00\" level=info msg=\"Waiting for all outstanding http endpoints to be processed…\" app_id=tenants-api instance=DESKTOP-VIOG240 scope=dapr.runtime type=log ver=1.18.4",
      "isError": false
    },
    {
      "resourceName": "tenants-api-dapr-cli",
      "content": "time=\"2026-10-08T10:34:02.794005726+02:00\" level=info msg=\"All outstanding http endpoints processed\" app_id=tenants-api instance=DESKTOP-VIOG240 scope=dapr.runtime type=log ver=1.18.4",
      "isError": false
    },
    {
      "resourceName": "tenants-api-dapr-cli",
      "content": "time=\"2026-10-08T10:34:02.794011236+02:00\" level=info msg=\"Loading Declarative Subscriptions…\" app_id=tenants-api instance=DESKTOP-VIOG240 scope=dapr.runtime type=log ver=1.18.4",
      "isError": false
    },
    {
      "resourceName": "tenants-api-dapr-cli",
      "content": "time=\"2026-10-08T10:34:02.794468064+02:00\" level=info msg=\"gRPC server listening on TCP address: :19590\" app_id=tenants-api instance=DESKTOP-VIOG240 scope=dapr.runtime.grpc.api type=log ver=1.18.4",
      "isError": false
    },
    {
      "resourceName": "tenants-api-dapr-cli",
      "content": "time=\"2026-10-08T10:34:02.794499805+02:00\" level=info msg=\"Enabled gRPC tracing middleware\" app_id=tenants-api instance=DESKTOP-VIOG240 scope=dapr.runtime.grpc.api type=log ver=1.18.4",
      "isError": false
    },
    {
      "resourceName": "tenants-api-dapr-cli",
      "content": "time=\"2026-10-08T10:34:02.79446586+02:00\" level=info msg=\"Hot reloading enabled. Daprd will reload 'Component', 'Subscription', 'MCPServer', 'Configuration', 'HTTPEndpoint', 'Resiliency' and 'WorkflowAccessPolicy' resources when they are added, updated or deleted.\" app_id=tenants-api instance=DESKTOP-VIOG240 scope=dapr.runtime.hotreload type=log ver=1.18.4",
      "isError": false
    },
    {
      "resourceName": "tenants-api-dapr-cli",
      "content": "time=\"2026-10-08T10:34:02.794506889+02:00\" level=info msg=\"Enabled gRPC metrics middleware\" app_id=tenants-api instance=DESKTOP-VIOG240 scope=dapr.runtime.grpc.api type=log ver=1.18.4",
      "isError": false
    },
    {
      "resourceName": "tenants-api-dapr-cli",
      "content": "time=\"2026-10-08T10:34:02.794552488+02:00\" level=info msg=\"Starting to watch WorkflowAccessPolicy updates\" app_id=tenants-api instance=DESKTOP-VIOG240 scope=dapr.runtime.hotreload.reconciler type=log ver=1.18.4",
      "isError": false
    },
    {
      "resourceName": "tenants-api-dapr-cli",
      "content": "time=\"2026-10-08T10:34:02.79458964+02:00\" level=info msg=\"Starting to watch Component updates\" app_id=tenants-api instance=DESKTOP-VIOG240 scope=dapr.runtime.hotreload.reconciler type=log ver=1.18.4",
      "isError": false
    },
    {
      "resourceName": "tenants-api-dapr-cli",
      "content": "time=\"2026-10-08T10:34:02.79459504+02:00\" level=info msg=\"Registering workflow engine for gRPC endpoint: [::]:19590\" app_id=tenants-api instance=DESKTOP-VIOG240 scope=dapr.runtime.grpc.api type=log ver=1.18.4",
      "isError": false
    },
    {
      "resourceName": "tenants-api-dapr-cli",
      "content": "time=\"2026-10-08T10:34:02.794606904+02:00\" level=info msg=\"Starting to watch Subscription updates\" app_id=tenants-api instance=DESKTOP-VIOG240 scope=dapr.runtime.hotreload.reconciler type=log ver=1.18.4",
      "isError": false
    },
    {
      "resourceName": "tenants-api-dapr-cli",
      "content": "time=\"2026-10-08T10:34:02.794613737+02:00\" level=info msg=\"API gRPC server is running on port 19590\" app_id=tenants-api instance=DESKTOP-VIOG240 scope=dapr.runtime type=log ver=1.18.4",
      "isError": false
    },
    {
      "resourceName": "tenants-api-dapr-cli",
      "content": "time=\"2026-10-08T10:34:02.794616612+02:00\" level=info msg=\"Starting to watch MCPServer updates\" app_id=tenants-api instance=DESKTOP-VIOG240 scope=dapr.runtime.hotreload.reconciler type=log ver=1.18.4",
      "isError": false
    },
    {
      "resourceName": "tenants-api-dapr-cli",
      "content": "time=\"2026-10-08T10:34:02.794636842+02:00\" level=warning msg=\"The default value for 'spec.metric.http.increasedCardinality' will change to 'false' in Dapr 1.15 or later\" app_id=tenants-api instance=DESKTOP-VIOG240 scope=dapr.runtime.http type=log ver=1.18.4",
      "isError": false
    },
    {
      "resourceName": "tenants-api-dapr-cli",
      "content": "time=\"2026-10-08T10:34:02.79464648+02:00\" level=info msg=\"Starting to watch Configuration updates for SIGHUP reload\" app_id=tenants-api instance=DESKTOP-VIOG240 scope=dapr.runtime.hotreload.reconciler type=log ver=1.18.4",
      "isError": false
    },
    {
      "resourceName": "tenants-api-dapr-cli",
      "content": "time=\"2026-10-08T10:34:02.794655097+02:00\" level=info msg=\"Starting to watch HTTPEndpoint updates for SIGHUP reload\" app_id=tenants-api instance=DESKTOP-VIOG240 scope=dapr.runtime.hotreload.reconciler type=log ver=1.18.4",
      "isError": false
    },
    {
      "resourceName": "tenants-api-dapr-cli",
      "content": "time=\"2026-10-08T10:34:02.794662792+02:00\" level=info msg=\"Starting to watch Resiliency updates for SIGHUP reload\" app_id=tenants-api instance=DESKTOP-VIOG240 scope=dapr.runtime.hotreload.reconciler type=log ver=1.18.4",
      "isError": false
    },
    {
      "resourceName": "tenants-api-dapr-cli",
      "content": "time=\"2026-10-08T10:34:02.794698461+02:00\" level=info msg=\"Enabled max body size HTTP middleware with size 4194304 bytes\" app_id=tenants-api instance=DESKTOP-VIOG240 scope=dapr.runtime.http type=log ver=1.18.4",
      "isError": false
    },
    {
      "resourceName": "tenants-api-dapr-cli",
      "content": "time=\"2026-10-08T10:34:02.794704583+02:00\" level=info msg=\"Enabled tracing HTTP middleware\" app_id=tenants-api instance=DESKTOP-VIOG240 scope=dapr.runtime.http type=log ver=1.18.4",
      "isError": false
    },
    {
      "resourceName": "tenants-api-dapr-cli",
      "content": "time=\"2026-10-08T10:34:02.794707569+02:00\" level=info msg=\"Enabled metrics HTTP middleware\" app_id=tenants-api instance=DESKTOP-VIOG240 scope=dapr.runtime.http type=log ver=1.18.4",
      "isError": false
    },
    {
      "resourceName": "tenants-api-dapr-cli",
      "content": "time=\"2026-10-08T10:34:02.79486782+02:00\" level=info msg=\"HTTP server listening on TCP address: :19589\" app_id=tenants-api instance=DESKTOP-VIOG240 scope=dapr.runtime.http type=log ver=1.18.4",
      "isError": false
    },
    {
      "resourceName": "tenants-api-dapr-cli",
      "content": "time=\"2026-10-08T10:34:02.794879994+02:00\" level=info msg=\"HTTP server is running on port 19589\" app_id=tenants-api instance=DESKTOP-VIOG240 scope=dapr.runtime type=log ver=1.18.4",
      "isError": false
    },
    {
      "resourceName": "tenants-api-dapr-cli",
      "content": "time=\"2026-10-08T10:34:02.79488315+02:00\" level=info msg=\"The request body size parameter is: 4194304 bytes\" app_id=tenants-api instance=DESKTOP-VIOG240 scope=dapr.runtime type=log ver=1.18.4",
      "isError": false
    },
    {
      "resourceName": "tenants-api-dapr-cli",
      "content": "time=\"2026-10-08T10:34:02.794890394+02:00\" level=info msg=\"gRPC server listening on pre-bound TCP address: [::]:42241\" app_id=tenants-api instance=DESKTOP-VIOG240 scope=dapr.runtime.grpc.internal type=log ver=1.18.4",
      "isError": false
    },
    {
      "resourceName": "tenants-api-dapr-cli",
      "content": "time=\"2026-10-08T10:34:02.794896987+02:00\" level=info msg=\"Enabled gRPC tracing middleware\" app_id=tenants-api instance=DESKTOP-VIOG240 scope=dapr.runtime.grpc.internal type=log ver=1.18.4",
      "isError": false
    },
    {
      "resourceName": "tenants-api-dapr-cli",
      "content": "time=\"2026-10-08T10:34:02.794899372+02:00\" level=info msg=\"Enabled gRPC metrics middleware\" app_id=tenants-api instance=DESKTOP-VIOG240 scope=dapr.runtime.grpc.internal type=log ver=1.18.4",
      "isError": false
    },
    {
      "resourceName": "tenants-api-dapr-cli",
      "content": "time=\"2026-10-08T10:34:02.794917457+02:00\" level=info msg=\"Internal gRPC server is running on :42241\" app_id=tenants-api instance=DESKTOP-VIOG240 scope=dapr.runtime type=log ver=1.18.4",
      "isError": false
    },
    {
      "resourceName": "tenants-api-dapr-cli",
      "content": "time=\"2026-10-08T10:34:02.794926384+02:00\" level=info msg=\"Using Scheduler service for reminders.\" app_id=tenants-api instance=DESKTOP-VIOG240 scope=dapr.runtime.actor.reminders.scheduler type=log ver=1.18.4",
      "isError": false
    },
    {
      "resourceName": "tenants-api-dapr-cli",
      "content": "time=\"2026-10-08T10:34:02.794951152+02:00\" level=info msg=\"Loading MCP servers…\" app_id=tenants-api instance=DESKTOP-VIOG240 scope=dapr.runtime type=log ver=1.18.4",
      "isError": false
    },
    {
      "resourceName": "tenants-api-dapr-cli",
      "content": "time=\"2026-10-08T10:34:02.795111714+02:00\" level=info msg=\"Waiting for all outstanding MCP servers to be processed…\" app_id=tenants-api instance=DESKTOP-VIOG240 scope=dapr.runtime type=log ver=1.18.4",
      "isError": false
    },
    {
      "resourceName": "tenants-api-dapr-cli",
      "content": "time=\"2026-10-08T10:34:02.795117335+02:00\" level=info msg=\"All outstanding MCP servers processed\" app_id=tenants-api instance=DESKTOP-VIOG240 scope=dapr.runtime type=log ver=1.18.4",
      "isError": false
    },
    {
      "resourceName": "tenants-api-dapr-cli",
      "content": "time=\"2026-10-08T10:34:02.795121123+02:00\" level=info msg=\"application protocol: http. waiting on port 36439.  This will block until the app is listening on that port.\" app_id=tenants-api instance=DESKTOP-VIOG240 scope=dapr.runtime type=log ver=1.18.4",
      "isError": false
    },
    {
      "resourceName": "tenants-api-dapr-cli",
      "content": "time=\"2026-10-08T10:34:02.795187792+02:00\" level=info msg=\"Actor runtime started\" app_id=tenants-api instance=DESKTOP-VIOG240 scope=dapr.runtime.actor type=log ver=1.18.4",
      "isError": false
    },
    {
      "resourceName": "tenants-api-dapr-cli",
      "content": "time=\"2026-10-08T10:34:02.795204154+02:00\" level=warning msg=\"Graceful shutdown timeout is infinite, will wait indefinitely to shutdown\" app_id=tenants-api instance=DESKTOP-VIOG240 scope=dapr.runtime.actor type=log ver=1.18.4",
      "isError": false
    },
    {
      "resourceName": "tenants-api-dapr-cli",
      "content": "time=\"2026-10-08T10:34:02.795269571+02:00\" level=info msg=\"worker started with backend dapr.actors/v1\" app_id=tenants-api instance=DESKTOP-VIOG240 scope=dapr.wfengine.durabletask.backend type=log ver=1.18.4",
      "isError": false
    },
    {
      "resourceName": "tenants-api-dapr-cli",
      "content": "time=\"2026-10-08T10:34:02.795300651+02:00\" level=info msg=\"Workflow engine started\" app_id=tenants-api instance=DESKTOP-VIOG240 scope=dapr.runtime.wfengine type=log ver=1.18.4",
      "isError": false
    },
    {
      "resourceName": "tenants-api-dapr-cli",
      "content": "time=\"2026-10-08T10:34:02.795367441+02:00\" level=info msg=\"application discovered on port 36439\" app_id=tenants-api instance=DESKTOP-VIOG240 scope=dapr.runtime type=log ver=1.18.4",
      "isError": false
    },
    {
      "resourceName": "sample-dapr-cli",
      "content": "time=\"2026-10-08T10:34:02.811012838+02:00\" level=info msg=\"Starting Dapr Runtime -- version 1.18.4 -- commit 6d1c53f430205c0c0f3bc3589ce5a3ec3f6f1647\" app_id=sample instance=DESKTOP-VIOG240 scope=dapr.runtime type=log ver=1.18.4",
      "isError": false
    },
    {
      "resourceName": "sample-dapr-cli",
      "content": "time=\"2026-10-08T10:34:02.811097602+02:00\" level=info msg=\"Log level set to: info\" app_id=sample instance=DESKTOP-VIOG240 scope=dapr.runtime type=log ver=1.18.4",
      "isError": false
    },
    {
      "resourceName": "sample-dapr-cli",
      "content": "time=\"2026-10-08T10:34:02.811354276+02:00\" level=warning msg=\"mTLS is disabled. Skipping certificate request and tls validation\" app_id=sample instance=DESKTOP-VIOG240 scope=dapr.runtime.security type=log ver=1.18.4",
      "isError": false
    },
    {
      "resourceName": "sample-dapr-cli",
      "content": "time=\"2026-10-08T10:34:02.811720016+02:00\" level=info msg=\"Enabled features: HotReload WorkflowsRemoteActivityReminder\" app_id=sample instance=DESKTOP-VIOG240 scope=dapr.runtime type=log ver=1.18.4",
      "isError": false
    },
    {
      "resourceName": "sample-dapr-cli",
      "content": "time=\"2026-10-08T10:34:02.811767398+02:00\" level=info msg=\"metric spec: {\\\"enabled\\\":true}\" app_id=sample instance=DESKTOP-VIOG240 scope=dapr.runtime.diagnostics type=log ver=1.18.4",
      "isError": false
    },
    {
      "resourceName": "sample-dapr-cli",
      "content": "time=\"2026-10-08T10:34:02.811782888+02:00\" level=info msg=\"Using default latency distribution buckets: [1 2 3 4 5 6 8 10 13 16 20 25 30 40 50 65 80 100 130 160 200 250 300 400 500 650 800 1000 2000 5000 10000 20000 50000 100000]\" app_id=sample instance=DESKTOP-VIOG240 scope=dapr.runtime.diagnostics type=log ver=1.18.4",
      "isError": false
    },
    {
      "resourceName": "sample-dapr-cli",
      "content": "time=\"2026-10-08T10:34:02.81187121+02:00\" level=warning msg=\"The default value for 'spec.metric.http.increasedCardinality' will change to 'false' in Dapr 1.15 or later\" app_id=sample instance=DESKTOP-VIOG240 scope=dapr.runtime.diagnostics type=log ver=1.18.4",
      "isError": false
    },
    {
      "resourceName": "sample-dapr-cli",
      "content": "time=\"2026-10-08T10:34:02.812000982+02:00\" level=info msg=\"Watching directories: [/tmp/hexalith-eventstore-empty-dapr-resources]\" app_id=sample instance=DESKTOP-VIOG240 scope=dapr.runtime.hotreload.loader.disk type=log ver=1.18.4",
      "isError": false
    },
    {
      "resourceName": "sample-dapr-cli",
      "content": "time=\"2026-10-08T10:34:02.812361613+02:00\" level=info msg=\"standalone mode configured\" app_id=sample instance=DESKTOP-VIOG240 scope=dapr.runtime type=log ver=1.18.4",
      "isError": false
    },
    {
      "resourceName": "sample-dapr-cli",
      "content": "time=\"2026-10-08T10:34:02.812371482+02:00\" level=info msg=\"app id: sample\" app_id=sample instance=DESKTOP-VIOG240 scope=dapr.runtime type=log ver=1.18.4",
      "isError": false
    },
    {
      "resourceName": "sample-dapr-cli",
      "content": "time=\"2026-10-08T10:34:02.814073329+02:00\" level=info msg=\"Connected and received scheduler hosts addresses: [localhost:50006]\" app_id=sample instance=DESKTOP-VIOG240 scope=dapr.runtime.scheduler.watchhosts type=log ver=1.18.4",
      "isError": false
    },
    {
      "resourceName": "sample-dapr-cli",
      "content": "time=\"2026-10-08T10:34:02.814191048+02:00\" level=info msg=\"Scheduler client initialized for address: localhost:50006\" app_id=sample instance=DESKTOP-VIOG240 scope=dapr.runtime.scheduler.clients type=log ver=1.18.4",
      "isError": false
    },
    {
      "resourceName": "sample-dapr-cli",
      "content": "time=\"2026-10-08T10:34:02.814196578+02:00\" level=info msg=\"Scheduler clients initialized\" app_id=sample instance=DESKTOP-VIOG240 scope=dapr.runtime.scheduler.clients type=log ver=1.18.4",
      "isError": false
    },
    {
      "resourceName": "sample-dapr-cli",
      "content": "time=\"2026-10-08T10:34:02.821152359+02:00\" level=info msg=\"metrics server started on 0.0.0.0:19585/\" app_id=sample instance=DESKTOP-VIOG240 scope=dapr.runtime type=log ver=1.18.4",
      "isError": false
    },
    {
      "resourceName": "sample-dapr-cli",
      "content": "time=\"2026-10-08T10:34:02.821600916+02:00\" level=info msg=\"Dapr trace sampler initialized: ParentBased{root:TraceIDRatioBased{1},remoteParentSampled:AlwaysOnSampler,remoteParentNotSampled:AlwaysOffSampler,localParentSampled:AlwaysOnSampler,localParentNotSampled:AlwaysOffSampler}\" app_id=sample instance=DESKTOP-VIOG240 scope=dapr.runtime type=log ver=1.18.4",
      "isError": false
    },
    {
      "resourceName": "sample-dapr-cli",
      "content": "time=\"2026-10-08T10:34:02.824481032+02:00\" level=info msg=\"local service entry announced: sample -> 172.21.201.86:46765\" app_id=sample component=\"nr (mdns/v1)\" instance=DESKTOP-VIOG240 scope=dapr.contrib type=log ver=1.18.4",
      "isError": false
    },
    {
      "resourceName": "sample-dapr-cli",
      "content": "time=\"2026-10-08T10:34:02.824512764+02:00\" level=info msg=\"Initialized name resolution to mdns\" app_id=sample instance=DESKTOP-VIOG240 scope=dapr.runtime type=log ver=1.18.4",
      "isError": false
    },
    {
      "resourceName": "sample-dapr-cli",
      "content": "time=\"2026-10-08T10:34:02.824565506+02:00\" level=info msg=\"Loading components…\" app_id=sample instance=DESKTOP-VIOG240 scope=dapr.runtime type=log ver=1.18.4",
      "isError": false
    },
    {
      "resourceName": "sample-dapr-cli",
      "content": "time=\"2026-10-08T10:34:02.82459338+02:00\" level=info msg=\"Waiting for all outstanding components to be processed…\" app_id=sample instance=DESKTOP-VIOG240 scope=dapr.runtime type=log ver=1.18.4",
      "isError": false
    },
    {
      "resourceName": "sample-dapr-cli",
      "content": "time=\"2026-10-08T10:34:02.824599512+02:00\" level=info msg=\"All outstanding components processed\" app_id=sample instance=DESKTOP-VIOG240 scope=dapr.runtime type=log ver=1.18.4",
      "isError": false
    },
    {
      "resourceName": "sample-dapr-cli",
      "content": "time=\"2026-10-08T10:34:02.824602628+02:00\" level=info msg=\"Loading endpoints…\" app_id=sample instance=DESKTOP-VIOG240 scope=dapr.runtime type=log ver=1.18.4",
      "isError": false
    },
    {
      "resourceName": "sample-dapr-cli",
      "content": "time=\"2026-10-08T10:34:02.824610894+02:00\" level=info msg=\"Waiting for all outstanding http endpoints to be processed…\" app_id=sample instance=DESKTOP-VIOG240 scope=dapr.runtime type=log ver=1.18.4",
      "isError": false
    },
    {
      "resourceName": "sample-dapr-cli",
      "content": "time=\"2026-10-08T10:34:02.824614201+02:00\" level=info msg=\"All outstanding http endpoints processed\" app_id=sample instance=DESKTOP-VIOG240 scope=dapr.runtime type=log ver=1.18.4",
      "isError": false
    },
    {
      "resourceName": "sample-dapr-cli",
      "content": "time=\"2026-10-08T10:34:02.824619832+02:00\" level=info msg=\"Loading Declarative Subscriptions…\" app_id=sample instance=DESKTOP-VIOG240 scope=dapr.runtime type=log ver=1.18.4",
      "isError": false
    },
    {
      "resourceName": "sample-dapr-cli",
      "content": "time=\"2026-10-08T10:34:02.824689517+02:00\" level=info msg=\"gRPC server listening on TCP address: :19587\" app_id=sample instance=DESKTOP-VIOG240 scope=dapr.runtime.grpc.api type=log ver=1.18.4",
      "isError": false
    },
    {
      "resourceName": "sample-dapr-cli",
      "content": "time=\"2026-10-08T10:34:02.824696851+02:00\" level=info msg=\"Enabled gRPC tracing middleware\" app_id=sample instance=DESKTOP-VIOG240 scope=dapr.runtime.grpc.api type=log ver=1.18.4",
      "isError": false
    },
    {
      "resourceName": "sample-dapr-cli",
      "content": "time=\"2026-10-08T10:34:02.824699256+02:00\" level=info msg=\"Enabled gRPC metrics middleware\" app_id=sample instance=DESKTOP-VIOG240 scope=dapr.runtime.grpc.api type=log ver=1.18.4",
      "isError": false
    },
    {
      "resourceName": "sample-dapr-cli",
      "content": "time=\"2026-10-08T10:34:02.824795323+02:00\" level=info msg=\"Registering workflow engine for gRPC endpoint: [::]:19587\" app_id=sample instance=DESKTOP-VIOG240 scope=dapr.runtime.grpc.api type=log ver=1.18.4",
      "isError": false
    },
    {
      "resourceName": "sample-dapr-cli",
      "content": "time=\"2026-10-08T10:34:02.824820181+02:00\" level=info msg=\"API gRPC server is running on port 19587\" app_id=sample instance=DESKTOP-VIOG240 scope=dapr.runtime type=log ver=1.18.4",
      "isError": false
    },
    {
      "resourceName": "sample-dapr-cli",
      "content": "time=\"2026-10-08T10:34:02.824855129+02:00\" level=warning msg=\"The default value for 'spec.metric.http.increasedCardinality' will change to 'false' in Dapr 1.15 or later\" app_id=sample instance=DESKTOP-VIOG240 scope=dapr.runtime.http type=log ver=1.18.4",
      "isError": false
    },
    {
      "resourceName": "sample-dapr-cli",
      "content": "time=\"2026-10-08T10:34:02.824920105+02:00\" level=info msg=\"Enabled max body size HTTP middleware with size 4194304 bytes\" app_id=sample instance=DESKTOP-VIOG240 scope=dapr.runtime.http type=log ver=1.18.4",
      "isError": false
    },
    {
      "resourceName": "sample-dapr-cli",
      "content": "time=\"2026-10-08T10:34:02.824927079+02:00\" level=info msg=\"Enabled tracing HTTP middleware\" app_id=sample instance=DESKTOP-VIOG240 scope=dapr.runtime.http type=log ver=1.18.4",
      "isError": false
    },
    {
      "resourceName": "sample-dapr-cli",
      "content": "time=\"2026-10-08T10:34:02.824929884+02:00\" level=info msg=\"Enabled metrics HTTP middleware\" app_id=sample instance=DESKTOP-VIOG240 scope=dapr.runtime.http type=log ver=1.18.4",
      "isError": false
    },
    {
      "resourceName": "sample-dapr-cli",
      "content": "time=\"2026-10-08T10:34:02.825132147+02:00\" level=info msg=\"HTTP server listening on TCP address: :19586\" app_id=sample instance=DESKTOP-VIOG240 scope=dapr.runtime.http type=log ver=1.18.4",
      "isError": false
    },
    {
      "resourceName": "sample-dapr-cli",
      "content": "time=\"2026-10-08T10:34:02.825143259+02:00\" level=info msg=\"HTTP server is running on port 19586\" app_id=sample instance=DESKTOP-VIOG240 scope=dapr.runtime type=log ver=1.18.4",
      "isError": false
    },
    {
      "resourceName": "sample-dapr-cli",
      "content": "time=\"2026-10-08T10:34:02.825145964+02:00\" level=info msg=\"The request body size parameter is: 4194304 bytes\" app_id=sample instance=DESKTOP-VIOG240 scope=dapr.runtime type=log ver=1.18.4",
      "isError": false
    },
    {
      "resourceName": "sample-dapr-cli",
      "content": "time=\"2026-10-08T10:34:02.825152246+02:00\" level=info msg=\"gRPC server listening on pre-bound TCP address: [::]:46765\" app_id=sample instance=DESKTOP-VIOG240 scope=dapr.runtime.grpc.internal type=log ver=1.18.4",
      "isError": false
    },
    {
      "resourceName": "sample-dapr-cli",
      "content": "time=\"2026-10-08T10:34:02.825158388+02:00\" level=info msg=\"Enabled gRPC tracing middleware\" app_id=sample instance=DESKTOP-VIOG240 scope=dapr.runtime.grpc.internal type=log ver=1.18.4",
      "isError": false
    },
    {
      "resourceName": "sample-dapr-cli",
      "content": "time=\"2026-10-08T10:34:02.825160803+02:00\" level=info msg=\"Enabled gRPC metrics middleware\" app_id=sample instance=DESKTOP-VIOG240 scope=dapr.runtime.grpc.internal type=log ver=1.18.4",
      "isError": false
    },
    {
      "resourceName": "sample-dapr-cli",
      "content": "time=\"2026-10-08T10:34:02.82517475+02:00\" level=info msg=\"Internal gRPC server is running on :46765\" app_id=sample instance=DESKTOP-VIOG240 scope=dapr.runtime type=log ver=1.18.4",
      "isError": false
    },
    {
      "resourceName": "sample-dapr-cli",
      "content": "time=\"2026-10-08T10:34:02.82518001+02:00\" level=info msg=\"actors: state store is not configured - actor state and workflow operations will be unavailable until an actor state store component is loaded\" app_id=sample instance=DESKTOP-VIOG240 scope=dapr.runtime type=log ver=1.18.4",
      "isError": false
    },
    {
      "resourceName": "sample-dapr-cli",
      "content": "time=\"2026-10-08T10:34:02.825190591+02:00\" level=info msg=\"Actor state store not configured - actor hosting disabled until one is configured, but invocation enabled\" app_id=sample instance=DESKTOP-VIOG240 scope=dapr.runtime.actor type=log ver=1.18.4",
      "isError": false
    },
    {
      "resourceName": "sample-dapr-cli",
      "content": "time=\"2026-10-08T10:34:02.825195711+02:00\" level=info msg=\"Using Scheduler service for reminders.\" app_id=sample instance=DESKTOP-VIOG240 scope=dapr.runtime.actor.reminders.scheduler type=log ver=1.18.4",
      "isError": false
    },
    {
      "resourceName": "sample-dapr-cli",
      "content": "time=\"2026-10-08T10:34:02.825217764+02:00\" level=info msg=\"Loading MCP servers…\" app_id=sample instance=DESKTOP-VIOG240 scope=dapr.runtime type=log ver=1.18.4",
      "isError": false
    },
    {
      "resourceName": "sample-dapr-cli",
      "content": "time=\"2026-10-08T10:34:02.825234336+02:00\" level=info msg=\"Waiting for all outstanding MCP servers to be processed…\" app_id=sample instance=DESKTOP-VIOG240 scope=dapr.runtime type=log ver=1.18.4",
      "isError": false
    },
    {
      "resourceName": "sample-dapr-cli",
      "content": "time=\"2026-10-08T10:34:02.825239416+02:00\" level=info msg=\"All outstanding MCP servers processed\" app_id=sample instance=DESKTOP-VIOG240 scope=dapr.runtime type=log ver=1.18.4",
      "isError": false
    },
    {
      "resourceName": "sample-dapr-cli",
      "content": "time=\"2026-10-08T10:34:02.825242782+02:00\" level=info msg=\"application protocol: http. waiting on port 43921.  This will block until the app is listening on that port.\" app_id=sample instance=DESKTOP-VIOG240 scope=dapr.runtime type=log ver=1.18.4",
      "isError": false
    },
    {
      "resourceName": "sample-dapr-cli",
      "content": "time=\"2026-10-08T10:34:02.82533929+02:00\" level=info msg=\"Actor runtime started\" app_id=sample instance=DESKTOP-VIOG240 scope=dapr.runtime.actor type=log ver=1.18.4",
      "isError": false
    },
    {
      "resourceName": "sample-dapr-cli",
      "content": "time=\"2026-10-08T10:34:02.825353778+02:00\" level=warning msg=\"Graceful shutdown timeout is infinite, will wait indefinitely to shutdown\" app_id=sample instance=DESKTOP-VIOG240 scope=dapr.runtime.actor type=log ver=1.18.4",
      "isError": false
    },
    {
      "resourceName": "sample-dapr-cli",
      "content": "time=\"2026-10-08T10:34:02.82538034+02:00\" level=info msg=\"worker started with backend dapr.actors/v1\" app_id=sample instance=DESKTOP-VIOG240 scope=dapr.wfengine.durabletask.backend type=log ver=1.18.4",
      "isError": false
    },
    {
      "resourceName": "sample-dapr-cli",
      "content": "time=\"2026-10-08T10:34:02.825405879+02:00\" level=info msg=\"Workflow engine started\" app_id=sample instance=DESKTOP-VIOG240 scope=dapr.runtime.wfengine type=log ver=1.18.4",
      "isError": false
    },
    {
      "resourceName": "sample-dapr-cli",
      "content": "time=\"2026-10-08T10:34:02.825585318+02:00\" level=info msg=\"application discovered on port 43921\" app_id=sample instance=DESKTOP-VIOG240 scope=dapr.runtime type=log ver=1.18.4",
      "isError": false
    },
    {
      "resourceName": "sample-dapr-cli",
      "content": "time=\"2026-10-08T10:34:02.825610296+02:00\" level=info msg=\"App health probes starting\" app_id=sample instance=DESKTOP-VIOG240 scope=dapr.apphealth type=log ver=1.18.4",
      "isError": false
    },
    {
      "resourceName": "sample-dapr-cli",
      "content": "time=\"2026-10-08T10:34:02.825623732+02:00\" level=info msg=\"dapr initialized. Status: Running. Init Elapsed 13ms\" app_id=sample instance=DESKTOP-VIOG240 scope=dapr.runtime type=log ver=1.18.4",
      "isError": false
    },
    {
      "resourceName": "sample-dapr-cli",
      "content": "time=\"2026-10-08T10:34:02.825553576+02:00\" level=info msg=\"Hot reloading enabled. Daprd will reload 'Component', 'Subscription', 'MCPServer', 'Configuration', 'HTTPEndpoint', 'Resiliency' and 'WorkflowAccessPolicy' resources when they are added, updated or deleted.\" app_id=sample instance=DESKTOP-VIOG240 scope=dapr.runtime.hotreload type=log ver=1.18.4",
      "isError": false
    },
    {
      "resourceName": "sample-dapr-cli",
      "content": "time=\"2026-10-08T10:34:02.825796569+02:00\" level=info msg=\"Connected to placement localhost:50005\" app_id=sample instance=DESKTOP-VIOG240 scope=dapr.runtime.actors.placement.manager.connector.static type=log ver=1.18.4",
      "isError": false
    },
    {
      "resourceName": "sample-dapr-cli",
      "content": "time=\"2026-10-08T10:34:02.82590588+02:00\" level=info msg=\"Starting to watch WorkflowAccessPolicy updates\" app_id=sample instance=DESKTOP-VIOG240 scope=dapr.runtime.hotreload.reconciler type=log ver=1.18.4",
      "isError": false
    },
    {
      "resourceName": "sample-dapr-cli",
      "content": "time=\"2026-10-08T10:34:02.825955687+02:00\" level=info msg=\"Starting to watch Component updates\" app_id=sample instance=DESKTOP-VIOG240 scope=dapr.runtime.hotreload.reconciler type=log ver=1.18.4",
      "isError": false
    },
    {
      "resourceName": "sample-dapr-cli",
      "content": "time=\"2026-10-08T10:34:02.825964975+02:00\" level=info msg=\"Starting to watch Subscription updates\" app_id=sample instance=DESKTOP-VIOG240 scope=dapr.runtime.hotreload.reconciler type=log ver=1.18.4",
      "isError": false
    },
    {
      "resourceName": "sample-dapr-cli",
      "content": "time=\"2026-10-08T10:34:02.825975566+02:00\" level=info msg=\"Starting to watch MCPServer updates\" app_id=sample instance=DESKTOP-VIOG240 scope=dapr.runtime.hotreload.reconciler type=log ver=1.18.4",
      "isError": false
    },
    {
      "resourceName": "sample-dapr-cli",
      "content": "time=\"2026-10-08T10:34:02.825993741+02:00\" level=info msg=\"Starting to watch Configuration updates for SIGHUP reload\" app_id=sample instance=DESKTOP-VIOG240 scope=dapr.runtime.hotreload.reconciler type=log ver=1.18.4",
      "isError": false
    },
    {
      "resourceName": "sample-dapr-cli",
      "content": "time=\"2026-10-08T10:34:02.826314515+02:00\" level=info msg=\"Starting to watch Resiliency updates for SIGHUP reload\" app_id=sample instance=DESKTOP-VIOG240 scope=dapr.runtime.hotreload.reconciler type=log ver=1.18.4",
      "isError": false
    },
    {
      "resourceName": "sample-dapr-cli",
      "content": "time=\"2026-10-08T10:34:02.826799998+02:00\" level=info msg=\"Starting to watch HTTPEndpoint updates for SIGHUP reload\" app_id=sample instance=DESKTOP-VIOG240 scope=dapr.runtime.hotreload.reconciler type=log ver=1.18.4",
      "isError": false
    },
    {
      "resourceName": "sample-dapr-cli",
      "content": "time=\"2026-10-08T10:34:02.826973605+02:00\" level=info msg=\"Connected to placement service: localhost:50005\" app_id=sample instance=DESKTOP-VIOG240 scope=dapr.runtime.actors.placement.loops.placement type=log ver=1.18.4",
      "isError": false
    },
    {
      "resourceName": "sample-dapr-cli",
      "content": "time=\"2026-10-08T10:34:02.827009926+02:00\" level=info msg=\"Reporting initial host to placement service with initial types []\" app_id=sample instance=DESKTOP-VIOG240 scope=dapr.runtime.actors.placement.loops.placement type=log ver=1.18.4",
      "isError": false
    },
    {
      "resourceName": "sample-dapr-cli",
      "content": "time=\"2026-10-08T10:34:02.828784424+02:00\" level=info msg=\"Dissemination complete for version 0 (changed types []), unlocking disseminator default/sample\" app_id=sample instance=DESKTOP-VIOG240 scope=dapr.runtime.actors.placement.loops.disseminator type=log ver=1.18.4",
      "isError": false
    },
    {
      "resourceName": "tenants-dapr-cli",
      "content": "time=\"2026-10-08T10:34:02.836561936+02:00\" level=info msg=\"Starting Dapr Runtime -- version 1.18.4 -- commit 6d1c53f430205c0c0f3bc3589ce5a3ec3f6f1647\" app_id=tenants instance=DESKTOP-VIOG240 scope=dapr.runtime type=log ver=1.18.4",
      "isError": false
    },
    {
      "resourceName": "tenants-dapr-cli",
      "content": "time=\"2026-10-08T10:34:02.836741664+02:00\" level=info msg=\"Log level set to: info\" app_id=tenants instance=DESKTOP-VIOG240 scope=dapr.runtime type=log ver=1.18.4",
      "isError": false
    },
    {
      "resourceName": "tenants-dapr-cli",
      "content": "time=\"2026-10-08T10:34:02.838361993+02:00\" level=warning msg=\"mTLS is disabled. Skipping certificate request and tls validation\" app_id=tenants instance=DESKTOP-VIOG240 scope=dapr.runtime.security type=log ver=1.18.4",
      "isError": false
    },
    {
      "resourceName": "tenants-dapr-cli",
      "content": "time=\"2026-10-08T10:34:02.839021324+02:00\" level=info msg=\"Enabled features: HotReload WorkflowsRemoteActivityReminder\" app_id=tenants instance=DESKTOP-VIOG240 scope=dapr.runtime type=log ver=1.18.4",
      "isError": false
    },
    {
      "resourceName": "tenants-dapr-cli",
      "content": "time=\"2026-10-08T10:34:02.839155725+02:00\" level=info msg=\"metric spec: {\\\"enabled\\\":true}\" app_id=tenants instance=DESKTOP-VIOG240 scope=dapr.runtime.diagnostics type=log ver=1.18.4",
      "isError": false
    },
    {
      "resourceName": "tenants-dapr-cli",
      "content": "time=\"2026-10-08T10:34:02.839219148+02:00\" level=info msg=\"Using default latency distribution buckets: [1 2 3 4 5 6 8 10 13 16 20 25 30 40 50 65 80 100 130 160 200 250 300 400 500 650 800 1000 2000 5000 10000 20000 50000 100000]\" app_id=tenants instance=DESKTOP-VIOG240 scope=dapr.runtime.diagnostics type=log ver=1.18.4",
      "isError": false
    },
    {
      "resourceName": "tenants-dapr-cli",
      "content": "time=\"2026-10-08T10:34:02.839343951+02:00\" level=warning msg=\"The default value for 'spec.metric.http.increasedCardinality' will change to 'false' in Dapr 1.15 or later\" app_id=tenants instance=DESKTOP-VIOG240 scope=dapr.runtime.diagnostics type=log ver=1.18.4",
      "isError": false
    },
    {
      "resourceName": "tenants-dapr-cli",
      "content": "time=\"2026-10-08T10:34:02.841464812+02:00\" level=info msg=\"Watching directories: [/tmp/hexalith-eventstore-dapr-components/statestore, /tmp/aspire-dapr.7k4Lun/pubsub]\" app_id=tenants instance=DESKTOP-VIOG240 scope=dapr.runtime.hotreload.loader.disk type=log ver=1.18.4",
      "isError": false
    },
    {
      "resourceName": "tenants-dapr-cli",
      "content": "time=\"2026-10-08T10:34:02.8451659+02:00\" level=info msg=\"standalone mode configured\" app_id=tenants instance=DESKTOP-VIOG240 scope=dapr.runtime type=log ver=1.18.4",
      "isError": false
    },
    {
      "resourceName": "tenants-dapr-cli",
      "content": "time=\"2026-10-08T10:34:02.845192682+02:00\" level=info msg=\"app id: tenants\" app_id=tenants instance=DESKTOP-VIOG240 scope=dapr.runtime type=log ver=1.18.4",
      "isError": false
    },
    {
      "resourceName": "tenants-dapr-cli",
      "content": "time=\"2026-10-08T10:34:02.847595742+02:00\" level=info msg=\"Connected and received scheduler hosts addresses: [localhost:50006]\" app_id=tenants instance=DESKTOP-VIOG240 scope=dapr.runtime.scheduler.watchhosts type=log ver=1.18.4",
      "isError": false
    },
    {
      "resourceName": "tenants-dapr-cli",
      "content": "time=\"2026-10-08T10:34:02.847753889+02:00\" level=info msg=\"Scheduler client initialized for address: localhost:50006\" app_id=tenants instance=DESKTOP-VIOG240 scope=dapr.runtime.scheduler.clients type=log ver=1.18.4",
      "isError": false
    },
    {
      "resourceName": "tenants-dapr-cli",
      "content": "time=\"2026-10-08T10:34:02.84775942+02:00\" level=info msg=\"Scheduler clients initialized\" app_id=tenants instance=DESKTOP-VIOG240 scope=dapr.runtime.scheduler.clients type=log ver=1.18.4",
      "isError": false
    },
    {
      "resourceName": "tenants-dapr-cli",
      "content": "time=\"2026-10-08T10:34:02.849453592+02:00\" level=info msg=\"metrics server started on 0.0.0.0:19591/\" app_id=tenants instance=DESKTOP-VIOG240 scope=dapr.runtime type=log ver=1.18.4",
      "isError": false
    },
    {
      "resourceName": "tenants-dapr-cli",
      "content": "time=\"2026-10-08T10:34:02.84968444+02:00\" level=info msg=\"Dapr trace sampler initialized: ParentBased{root:TraceIDRatioBased{1},remoteParentSampled:AlwaysOnSampler,remoteParentNotSampled:AlwaysOffSampler,localParentSampled:AlwaysOnSampler,localParentNotSampled:AlwaysOffSampler}\" app_id=tenants instance=DESKTOP-VIOG240 scope=dapr.runtime type=log ver=1.18.4",
      "isError": false
    },
    {
      "resourceName": "tenants-dapr-cli",
      "content": "time=\"2026-10-08T10:34:02.849903836+02:00\" level=info msg=\"local service entry announced: tenants -> 172.21.201.86:35155\" app_id=tenants component=\"nr (mdns/v1)\" instance=DESKTOP-VIOG240 scope=dapr.contrib type=log ver=1.18.4",
      "isError": false
    },
    {
      "resourceName": "tenants-dapr-cli",
      "content": "time=\"2026-10-08T10:34:02.849928124+02:00\" level=info msg=\"Initialized name resolution to mdns\" app_id=tenants instance=DESKTOP-VIOG240 scope=dapr.runtime type=log ver=1.18.4",
      "isError": false
    },
    {
      "resourceName": "tenants-dapr-cli",
      "content": "time=\"2026-10-08T10:34:02.849967159+02:00\" level=info msg=\"Loading components…\" app_id=tenants instance=DESKTOP-VIOG240 scope=dapr.runtime type=log ver=1.18.4",
      "isError": false
    },
    {
      "resourceName": "tenants-dapr-cli",
      "content": "time=\"2026-10-08T10:34:02.852092398+02:00\" level=info msg=\"Using 'statestore' as actor state store\" app_id=tenants instance=DESKTOP-VIOG240 scope=dapr.runtime.processor.state type=log ver=1.18.4",
      "isError": false
    },
    {
      "resourceName": "tenants-dapr-cli",
      "content": "time=\"2026-10-08T10:34:02.852194908+02:00\" level=info msg=\"Component loaded: statestore (state.redis/v1)\" app_id=tenants instance=DESKTOP-VIOG240 scope=dapr.runtime.processor type=log ver=1.18.4",
      "isError": false
    },
    {
      "resourceName": "tenants-dapr-cli",
      "content": "time=\"2026-10-08T10:34:02.852289251+02:00\" level=info msg=\"Waiting for all outstanding components to be processed…\" app_id=tenants instance=DESKTOP-VIOG240 scope=dapr.runtime type=log ver=1.18.4",
      "isError": false
    },
    {
      "resourceName": "tenants-dapr-cli",
      "content": "time=\"2026-10-08T10:34:02.854385795+02:00\" level=info msg=\"Component loaded: pubsub (pubsub.redis/v1)\" app_id=tenants instance=DESKTOP-VIOG240 scope=dapr.runtime.processor type=log ver=1.18.4",
      "isError": false
    },
    {
      "resourceName": "tenants-dapr-cli",
      "content": "time=\"2026-10-08T10:34:02.854533382+02:00\" level=info msg=\"All outstanding components processed\" app_id=tenants instance=DESKTOP-VIOG240 scope=dapr.runtime type=log ver=1.18.4",
      "isError": false
    },
    {
      "resourceName": "tenants-dapr-cli",
      "content": "time=\"2026-10-08T10:34:02.854542299+02:00\" level=info msg=\"Loading endpoints…\" app_id=tenants instance=DESKTOP-VIOG240 scope=dapr.runtime type=log ver=1.18.4",
      "isError": false
    },
    {
      "resourceName": "tenants-dapr-cli",
      "content": "time=\"2026-10-08T10:34:02.854694425+02:00\" level=info msg=\"Waiting for all outstanding http endpoints to be processed…\" app_id=tenants instance=DESKTOP-VIOG240 scope=dapr.runtime type=log ver=1.18.4",
      "isError": false
    },
    {
      "resourceName": "tenants-dapr-cli",
      "content": "time=\"2026-10-08T10:34:02.854701028+02:00\" level=info msg=\"All outstanding http endpoints processed\" app_id=tenants instance=DESKTOP-VIOG240 scope=dapr.runtime type=log ver=1.18.4",
      "isError": false
    },
    {
      "resourceName": "tenants-dapr-cli",
      "content": "time=\"2026-10-08T10:34:02.854706238+02:00\" level=info msg=\"Loading Declarative Subscriptions…\" app_id=tenants instance=DESKTOP-VIOG240 scope=dapr.runtime type=log ver=1.18.4",
      "isError": false
    },
    {
      "resourceName": "tenants-dapr-cli",
      "content": "time=\"2026-10-08T10:34:02.854993937+02:00\" level=info msg=\"gRPC server listening on TCP address: :19593\" app_id=tenants instance=DESKTOP-VIOG240 scope=dapr.runtime.grpc.api type=log ver=1.18.4",
      "isError": false
    },
    {
      "resourceName": "tenants-dapr-cli",
      "content": "time=\"2026-10-08T10:34:02.855001301+02:00\" level=info msg=\"Enabled gRPC tracing middleware\" app_id=tenants instance=DESKTOP-VIOG240 scope=dapr.runtime.grpc.api type=log ver=1.18.4",
      "isError": false
    },
    {
      "resourceName": "tenants-dapr-cli",
      "content": "time=\"2026-10-08T10:34:02.855003676+02:00\" level=info msg=\"Enabled gRPC metrics middleware\" app_id=tenants instance=DESKTOP-VIOG240 scope=dapr.runtime.grpc.api type=log ver=1.18.4",
      "isError": false
    },
    {
      "resourceName": "tenants-dapr-cli",
      "content": "time=\"2026-10-08T10:34:02.855056799+02:00\" level=info msg=\"Registering workflow engine for gRPC endpoint: [::]:19593\" app_id=tenants instance=DESKTOP-VIOG240 scope=dapr.runtime.grpc.api type=log ver=1.18.4",
      "isError": false
    },
    {
      "resourceName": "tenants-dapr-cli",
      "content": "time=\"2026-10-08T10:34:02.855075545+02:00\" level=info msg=\"API gRPC server is running on port 19593\" app_id=tenants instance=DESKTOP-VIOG240 scope=dapr.runtime type=log ver=1.18.4",
      "isError": false
    },
    {
      "resourceName": "tenants-dapr-cli",
      "content": "time=\"2026-10-08T10:34:02.85509841+02:00\" level=warning msg=\"The default value for 'spec.metric.http.increasedCardinality' will change to 'false' in Dapr 1.15 or later\" app_id=tenants instance=DESKTOP-VIOG240 scope=dapr.runtime.http type=log ver=1.18.4",
      "isError": false
    },
    {
      "resourceName": "tenants-dapr-cli",
      "content": "time=\"2026-10-08T10:34:02.855138277+02:00\" level=info msg=\"Enabled max body size HTTP middleware with size 4194304 bytes\" app_id=tenants instance=DESKTOP-VIOG240 scope=dapr.runtime.http type=log ver=1.18.4",
      "isError": false
    },
    {
      "resourceName": "tenants-dapr-cli",
      "content": "time=\"2026-10-08T10:34:02.855141964+02:00\" level=info msg=\"Enabled tracing HTTP middleware\" app_id=tenants instance=DESKTOP-VIOG240 scope=dapr.runtime.http type=log ver=1.18.4",
      "isError": false
    },
    {
      "resourceName": "tenants-dapr-cli",
      "content": "time=\"2026-10-08T10:34:02.855144419+02:00\" level=info msg=\"Enabled metrics HTTP middleware\" app_id=tenants instance=DESKTOP-VIOG240 scope=dapr.runtime.http type=log ver=1.18.4",
      "isError": false
    },
    {
      "resourceName": "tenants-dapr-cli",
      "content": "time=\"2026-10-08T10:34:02.855290423+02:00\" level=info msg=\"HTTP server listening on TCP address: :19592\" app_id=tenants instance=DESKTOP-VIOG240 scope=dapr.runtime.http type=log ver=1.18.4",
      "isError": false
    },
    {
      "resourceName": "tenants-dapr-cli",
      "content": "time=\"2026-10-08T10:34:02.855302125+02:00\" level=info msg=\"HTTP server is running on port 19592\" app_id=tenants instance=DESKTOP-VIOG240 scope=dapr.runtime type=log ver=1.18.4",
      "isError": false
    },
    {
      "resourceName": "tenants-dapr-cli",
      "content": "time=\"2026-10-08T10:34:02.85530935+02:00\" level=info msg=\"The request body size parameter is: 4194304 bytes\" app_id=tenants instance=DESKTOP-VIOG240 scope=dapr.runtime type=log ver=1.18.4",
      "isError": false
    },
    {
      "resourceName": "tenants-dapr-cli",
      "content": "time=\"2026-10-08T10:34:02.855315181+02:00\" level=info msg=\"gRPC server listening on pre-bound TCP address: [::]:35155\" app_id=tenants instance=DESKTOP-VIOG240 scope=dapr.runtime.grpc.internal type=log ver=1.18.4",
      "isError": false
    },
    {
      "resourceName": "tenants-dapr-cli",
      "content": "time=\"2026-10-08T10:34:02.855320181+02:00\" level=info msg=\"Enabled gRPC tracing middleware\" app_id=tenants instance=DESKTOP-VIOG240 scope=dapr.runtime.grpc.internal type=log ver=1.18.4",
      "isError": false
    },
    {
      "resourceName": "tenants-dapr-cli",
      "content": "time=\"2026-10-08T10:34:02.855322154+02:00\" level=info msg=\"Enabled gRPC metrics middleware\" app_id=tenants instance=DESKTOP-VIOG240 scope=dapr.runtime.grpc.internal type=log ver=1.18.4",
      "isError": false
    },
    {
      "resourceName": "tenants-dapr-cli",
      "content": "time=\"2026-10-08T10:34:02.855333657+02:00\" level=info msg=\"Internal gRPC server is running on :35155\" app_id=tenants instance=DESKTOP-VIOG240 scope=dapr.runtime type=log ver=1.18.4",
      "isError": false
    },
    {
      "resourceName": "tenants-dapr-cli",
      "content": "time=\"2026-10-08T10:34:02.855341382+02:00\" level=info msg=\"Using Scheduler service for reminders.\" app_id=tenants instance=DESKTOP-VIOG240 scope=dapr.runtime.actor.reminders.scheduler type=log ver=1.18.4",
      "isError": false
    },
    {
      "resourceName": "tenants-dapr-cli",
      "content": "time=\"2026-10-08T10:34:02.85536097+02:00\" level=info msg=\"Loading MCP servers…\" app_id=tenants instance=DESKTOP-VIOG240 scope=dapr.runtime type=log ver=1.18.4",
      "isError": false
    },
    {
      "resourceName": "tenants-dapr-cli",
      "content": "time=\"2026-10-08T10:34:02.855452438+02:00\" level=info msg=\"Waiting for all outstanding MCP servers to be processed…\" app_id=tenants instance=DESKTOP-VIOG240 scope=dapr.runtime type=log ver=1.18.4",
      "isError": false
    },
    {
      "resourceName": "tenants-dapr-cli",
      "content": "time=\"2026-10-08T10:34:02.855457788+02:00\" level=info msg=\"All outstanding MCP servers processed\" app_id=tenants instance=DESKTOP-VIOG240 scope=dapr.runtime type=log ver=1.18.4",
      "isError": false
    },
    {
      "resourceName": "tenants-dapr-cli",
      "content": "time=\"2026-10-08T10:34:02.855461365+02:00\" level=info msg=\"application protocol: http. waiting on port 46221.  This will block until the app is listening on that port.\" app_id=tenants instance=DESKTOP-VIOG240 scope=dapr.runtime type=log ver=1.18.4",
      "isError": false
    },
    {
      "resourceName": "tenants-dapr-cli",
      "content": "time=\"2026-10-08T10:34:02.855494654+02:00\" level=info msg=\"Actor runtime started\" app_id=tenants instance=DESKTOP-VIOG240 scope=dapr.runtime.actor type=log ver=1.18.4",
      "isError": false
    },
    {
      "resourceName": "tenants-dapr-cli",
      "content": "time=\"2026-10-08T10:34:02.855552376+02:00\" level=warning msg=\"Graceful shutdown timeout is infinite, will wait indefinitely to shutdown\" app_id=tenants instance=DESKTOP-VIOG240 scope=dapr.runtime.actor type=log ver=1.18.4",
      "isError": false
    },
    {
      "resourceName": "tenants-dapr-cli",
      "content": "time=\"2026-10-08T10:34:02.855533389+02:00\" level=info msg=\"worker started with backend dapr.actors/v1\" app_id=tenants instance=DESKTOP-VIOG240 scope=dapr.wfengine.durabletask.backend type=log ver=1.18.4",
      "isError": false
    },
    {
      "resourceName": "tenants-dapr-cli",
      "content": "time=\"2026-10-08T10:34:02.855597454+02:00\" level=info msg=\"Workflow engine started\" app_id=tenants instance=DESKTOP-VIOG240 scope=dapr.runtime.wfengine type=log ver=1.18.4",
      "isError": false
    },
    {
      "resourceName": "tenants-dapr-cli",
      "content": "time=\"2026-10-08T10:34:02.855655276+02:00\" level=info msg=\"Hot reloading enabled. Daprd will reload 'Component', 'Subscription', 'MCPServer', 'Configuration', 'HTTPEndpoint', 'Resiliency' and 'WorkflowAccessPolicy' resources when they are added, updated or deleted.\" app_id=tenants instance=DESKTOP-VIOG240 scope=dapr.runtime.hotreload type=log ver=1.18.4",
      "isError": false
    },
    {
      "resourceName": "tenants-dapr-cli",
      "content": "time=\"2026-10-08T10:34:02.855831739+02:00\" level=info msg=\"Starting to watch WorkflowAccessPolicy updates\" app_id=tenants instance=DESKTOP-VIOG240 scope=dapr.runtime.hotreload.reconciler type=log ver=1.18.4",
      "isError": false
    },
    {
      "resourceName": "tenants-dapr-cli",
      "content": "time=\"2026-10-08T10:34:02.855844363+02:00\" level=info msg=\"Starting to watch Component updates\" app_id=tenants instance=DESKTOP-VIOG240 scope=dapr.runtime.hotreload.reconciler type=log ver=1.18.4",
      "isError": false
    },
    {
      "resourceName": "tenants-dapr-cli",
      "content": "time=\"2026-10-08T10:34:02.855853832+02:00\" level=info msg=\"Starting to watch Subscription updates\" app_id=tenants instance=DESKTOP-VIOG240 scope=dapr.runtime.hotreload.reconciler type=log ver=1.18.4",
      "isError": false
    },
    {
      "resourceName": "tenants-dapr-cli",
      "content": "time=\"2026-10-08T10:34:02.855880664+02:00\" level=info msg=\"Starting to watch Configuration updates for SIGHUP reload\" app_id=tenants instance=DESKTOP-VIOG240 scope=dapr.runtime.hotreload.reconciler type=log ver=1.18.4",
      "isError": false
    },
    {
      "resourceName": "tenants-dapr-cli",
      "content": "time=\"2026-10-08T10:34:02.85589422+02:00\" level=info msg=\"Starting to watch HTTPEndpoint updates for SIGHUP reload\" app_id=tenants instance=DESKTOP-VIOG240 scope=dapr.runtime.hotreload.reconciler type=log ver=1.18.4",
      "isError": false
    },
    {
      "resourceName": "tenants-dapr-cli",
      "content": "time=\"2026-10-08T10:34:02.855901745+02:00\" level=info msg=\"Starting to watch Resiliency updates for SIGHUP reload\" app_id=tenants instance=DESKTOP-VIOG240 scope=dapr.runtime.hotreload.reconciler type=log ver=1.18.4",
      "isError": false
    },
    {
      "resourceName": "tenants-dapr-cli",
      "content": "time=\"2026-10-08T10:34:02.856020651+02:00\" level=info msg=\"application discovered on port 46221\" app_id=tenants instance=DESKTOP-VIOG240 scope=dapr.runtime type=log ver=1.18.4",
      "isError": false
    },
    {
      "resourceName": "tenants-dapr-cli",
      "content": "time=\"2026-10-08T10:34:02.856110486+02:00\" level=info msg=\"App health probes starting\" app_id=tenants instance=DESKTOP-VIOG240 scope=dapr.apphealth type=log ver=1.18.4",
      "isError": false
    },
    {
      "resourceName": "tenants-dapr-cli",
      "content": "time=\"2026-10-08T10:34:02.856140474+02:00\" level=info msg=\"dapr initialized. Status: Running. Init Elapsed 11ms\" app_id=tenants instance=DESKTOP-VIOG240 scope=dapr.runtime type=log ver=1.18.4",
      "isError": false
    },
    {
      "resourceName": "tenants-dapr-cli",
      "content": "time=\"2026-10-08T10:34:02.856162391+02:00\" level=info msg=\"Starting to watch MCPServer updates\" app_id=tenants instance=DESKTOP-VIOG240 scope=dapr.runtime.hotreload.reconciler type=log ver=1.18.4",
      "isError": false
    },
    {
      "resourceName": "eventstore-dapr-cli",
      "content": "✅  You're up and running! Dapr logs will appear here.",
      "isError": false
    },
    {
      "resourceName": "eventstore-dapr-cli",
      "content": "",
      "isError": false
    },
    {
      "resourceName": "eventstore-admin-dapr-cli",
      "content": "✅  You're up and running! Dapr logs will appear here.",
      "isError": false
    },
    {
      "resourceName": "eventstore-admin-dapr-cli",
      "content": "",
      "isError": false
    },
    {
      "resourceName": "sample-blazor-ui-dapr-cli",
      "content": "✅  You're up and running! Dapr logs will appear here.",
      "isError": false
    },
    {
      "resourceName": "sample-blazor-ui-dapr-cli",
      "content": "",
      "isError": false
    },
    {
      "resourceName": "eventstore-admin-ui-dapr-cli",
      "content": "✅  You're up and running! Dapr logs will appear here.",
      "isError": false
    },
    {
      "resourceName": "eventstore-admin-ui-dapr-cli",
      "content": "",
      "isError": false
    },
    {
      "resourceName": "sample-api-dapr-cli",
      "content": "✅  You're up and running! Dapr logs will appear here.",
      "isError": false
    },
    {
      "resourceName": "sample-api-dapr-cli",
      "content": "",
      "isError": false
    },
    {
      "resourceName": "tenants-api-dapr-cli",
      "content": "✅  You're up and running! Dapr logs will appear here.",
      "isError": false
    },
    {
      "resourceName": "tenants-api-dapr-cli",
      "content": "",
      "isError": false
    },
    {
      "resourceName": "sample-dapr-cli",
      "content": "✅  You're up and running! Dapr logs will appear here.",
      "isError": false
    },
    {
      "resourceName": "sample-dapr-cli",
      "content": "",
      "isError": false
    },
    {
      "resourceName": "tenants-dapr-cli",
      "content": "✅  You're up and running! Dapr logs will appear here.",
      "isError": false
    },
    {
      "resourceName": "tenants-dapr-cli",
      "content": "",
      "isError": false
    },
    {
      "resourceName": "sample",
      "content": "{\"EventId\":0,\"LogLevel\":\"Information\",\"Category\":\"Hexalith.EventStore.Client.Registration.EventStoreHostExtensions\",\"Message\":\"EventStore activated: 2 domains (greeting [Aggregate: GreetingAggregate], counter [Aggregate: CounterAggregate])\",\"State\":{\"DomainCount\":2,\"DomainDetails\":\"greeting [Aggregate: GreetingAggregate], counter [Aggregate: CounterAggregate]\",\"{OriginalFormat}\":\"EventStore activated: {DomainCount} domains ({DomainDetails})\"}}",
      "isError": false
    },
    {
      "resourceName": "sample-api",
      "content": "{\"EventId\":14,\"LogLevel\":\"Information\",\"Category\":\"Microsoft.Hosting.Lifetime\",\"Message\":\"Now listening on: https://localhost:19607\",\"State\":{\"address\":\"https://localhost:19607\",\"{OriginalFormat}\":\"Now listening on: {address}\"}}",
      "isError": false
    },
    {
      "resourceName": "sample-api",
      "content": "{\"EventId\":14,\"LogLevel\":\"Information\",\"Category\":\"Microsoft.Hosting.Lifetime\",\"Message\":\"Now listening on: http://localhost:19606\",\"State\":{\"address\":\"http://localhost:19606\",\"{OriginalFormat}\":\"Now listening on: {address}\"}}",
      "isError": false
    },
    {
      "resourceName": "sample-api",
      "content": "{\"EventId\":0,\"LogLevel\":\"Information\",\"Category\":\"Microsoft.Hosting.Lifetime\",\"Message\":\"Application started. Press Ctrl\\u002BC to shut down.\",\"State\":{\"{OriginalFormat}\":\"Application started. Press Ctrl\\u002BC to shut down.\"}}",
      "isError": false
    },
    {
      "resourceName": "sample-api",
      "content": "{\"EventId\":0,\"LogLevel\":\"Information\",\"Category\":\"Microsoft.Hosting.Lifetime\",\"Message\":\"Hosting environment: Development\",\"State\":{\"EnvName\":\"Development\",\"{OriginalFormat}\":\"Hosting environment: {EnvName}\"}}",
      "isError": false
    },
    {
      "resourceName": "sample-api",
      "content": "{\"EventId\":0,\"LogLevel\":\"Information\",\"Category\":\"Microsoft.Hosting.Lifetime\",\"Message\":\"Content root path: /home/administrator/projects/hexalith/eventstore/samples/Hexalith.EventStore.Sample.Api\",\"State\":{\"ContentRoot\":\"/home/administrator/projects/hexalith/eventstore/samples/Hexalith.EventStore.Sample.Api\",\"{OriginalFormat}\":\"Content root path: {ContentRoot}\"}}",
      "isError": false
    },
    {
      "resourceName": "sample-blazor-ui",
      "content": "{\"EventId\":0,\"LogLevel\":\"Information\",\"Category\":\"Hexalith.EventStore.Sample.BlazorUI.Services.SignalRClientStartup\",\"Message\":\"SignalR client starting...\",\"State\":{\"{OriginalFormat}\":\"SignalR client starting...\"}}",
      "isError": false
    },
    {
      "resourceName": "eventstore-admin-ui",
      "content": "{\"EventId\":100,\"LogLevel\":\"Information\",\"Category\":\"System.Net.Http.HttpClient.AdminApiAccessTokenProvider.LogicalHandler\",\"Message\":\"Start processing HTTP request POST https://localhost:8180/realms/hexalith/protocol/openid-connect/token\",\"State\":{\"HttpMethod\":\"POST\",\"Uri\":\"https://localhost:8180/realms/hexalith/protocol/openid-connect/token\",\"{OriginalFormat}\":\"Start processing HTTP request {HttpMethod} {Uri}\"}}",
      "isError": false
    },
    {
      "resourceName": "sample-blazor-ui",
      "content": "{\"EventId\":100,\"LogLevel\":\"Information\",\"Category\":\"System.Net.Http.HttpClient.EventStoreApiAccessTokenProvider.LogicalHandler\",\"Message\":\"Start processing HTTP request POST https://localhost:8180/realms/hexalith/protocol/openid-connect/token\",\"State\":{\"HttpMethod\":\"POST\",\"Uri\":\"https://localhost:8180/realms/hexalith/protocol/openid-connect/token\",\"{OriginalFormat}\":\"Start processing HTTP request {HttpMethod} {Uri}\"}}",
      "isError": false
    },
    {
      "resourceName": "eventstore-admin",
      "content": "{\"EventId\":14,\"LogLevel\":\"Information\",\"Category\":\"Microsoft.Hosting.Lifetime\",\"Message\":\"Now listening on: https://localhost:19619\",\"State\":{\"address\":\"https://localhost:19619\",\"{OriginalFormat}\":\"Now listening on: {address}\"}}",
      "isError": false
    },
    {
      "resourceName": "eventstore-admin",
      "content": "{\"EventId\":14,\"LogLevel\":\"Information\",\"Category\":\"Microsoft.Hosting.Lifetime\",\"Message\":\"Now listening on: http://localhost:19618\",\"State\":{\"address\":\"http://localhost:19618\",\"{OriginalFormat}\":\"Now listening on: {address}\"}}",
      "isError": false
    },
    {
      "resourceName": "eventstore-admin",
      "content": "{\"EventId\":0,\"LogLevel\":\"Information\",\"Category\":\"Microsoft.Hosting.Lifetime\",\"Message\":\"Application started. Press Ctrl\\u002BC to shut down.\",\"State\":{\"{OriginalFormat}\":\"Application started. Press Ctrl\\u002BC to shut down.\"}}",
      "isError": false
    },
    {
      "resourceName": "eventstore-admin",
      "content": "{\"EventId\":0,\"LogLevel\":\"Information\",\"Category\":\"Microsoft.Hosting.Lifetime\",\"Message\":\"Hosting environment: Development\",\"State\":{\"EnvName\":\"Development\",\"{OriginalFormat}\":\"Hosting environment: {EnvName}\"}}",
      "isError": false
    },
    {
      "resourceName": "eventstore-admin",
      "content": "{\"EventId\":0,\"LogLevel\":\"Information\",\"Category\":\"Microsoft.Hosting.Lifetime\",\"Message\":\"Content root path: /home/administrator/projects/hexalith/eventstore/src/Hexalith.EventStore.Admin.Server.Host\",\"State\":{\"ContentRoot\":\"/home/administrator/projects/hexalith/eventstore/src/Hexalith.EventStore.Admin.Server.Host\",\"{OriginalFormat}\":\"Content root path: {ContentRoot}\"}}",
      "isError": false
    },
    {
      "resourceName": "eventstore-admin-ui",
      "content": "{\"EventId\":100,\"LogLevel\":\"Information\",\"Category\":\"System.Net.Http.HttpClient.AdminApiAccessTokenProvider.ClientHandler\",\"Message\":\"Sending HTTP request POST https://localhost:8180/realms/hexalith/protocol/openid-connect/token\",\"State\":{\"HttpMethod\":\"POST\",\"Uri\":\"https://localhost:8180/realms/hexalith/protocol/openid-connect/token\",\"{OriginalFormat}\":\"Sending HTTP request {HttpMethod} {Uri}\"}}",
      "isError": false
    },
    {
      "resourceName": "sample-blazor-ui",
      "content": "{\"EventId\":100,\"LogLevel\":\"Information\",\"Category\":\"System.Net.Http.HttpClient.EventStoreApiAccessTokenProvider.ClientHandler\",\"Message\":\"Sending HTTP request POST https://localhost:8180/realms/hexalith/protocol/openid-connect/token\",\"State\":{\"HttpMethod\":\"POST\",\"Uri\":\"https://localhost:8180/realms/hexalith/protocol/openid-connect/token\",\"{OriginalFormat}\":\"Sending HTTP request {HttpMethod} {Uri}\"}}",
      "isError": false
    },
    {
      "resourceName": "sample-api-dapr-cli",
      "content": "time=\"2026-10-08T10:34:04.302917952+02:00\" level=info msg=\"Application configuration loaded\" app_id=sample-api instance=DESKTOP-VIOG240 scope=dapr.runtime type=log ver=1.18.4",
      "isError": false
    },
    {
      "resourceName": "sample-api-dapr-cli",
      "content": "time=\"2026-10-08T10:34:04.316864688+02:00\" level=error msg=\"app returned http status code 307 from subscription endpoint\" app_id=sample-api instance=DESKTOP-VIOG240 scope=dapr.runtime.processor.subscription type=log ver=1.18.4",
      "isError": false
    },
    {
      "resourceName": "sample-api-dapr-cli",
      "content": "time=\"2026-10-08T10:34:04.316955675+02:00\" level=info msg=\"dapr initialized. Status: Running. Init Elapsed 1656ms\" app_id=sample-api instance=DESKTOP-VIOG240 scope=dapr.runtime type=log ver=1.18.4",
      "isError": false
    },
    {
      "resourceName": "sample-api-dapr-cli",
      "content": "time=\"2026-10-08T10:34:04.317265808+02:00\" level=info msg=\"Scheduler stream connected for [JOB_TARGET_TYPE_JOB]\" app_id=sample-api instance=DESKTOP-VIOG240 scope=dapr.runtime.scheduler.cluster type=log ver=1.18.4",
      "isError": false
    },
    {
      "resourceName": "sample-api-dapr-cli",
      "content": "time=\"2026-10-08T10:34:04.317313771+02:00\" level=info msg=\"Scheduler stream connected for [JOB_TARGET_TYPE_JOB]\" app_id=sample-api instance=DESKTOP-VIOG240 scope=dapr.runtime.scheduler.cluster type=log ver=1.18.4",
      "isError": false
    },
    {
      "resourceName": "sample-api-dapr-cli",
      "content": "time=\"2026-10-08T10:34:04.317333129+02:00\" level=info msg=\"Scheduler stream connected for [JOB_TARGET_TYPE_JOB]\" app_id=sample-api instance=DESKTOP-VIOG240 scope=dapr.runtime.scheduler.cluster type=log ver=1.18.4",
      "isError": false
    },
    {
      "resourceName": "sample-api-dapr-cli",
      "content": "time=\"2026-10-08T10:34:04.317369975+02:00\" level=info msg=\"Connected to placement localhost:50005\" app_id=sample-api instance=DESKTOP-VIOG240 scope=dapr.runtime.actors.placement.manager.connector.static type=log ver=1.18.4",
      "isError": false
    },
    {
      "resourceName": "sample-api-dapr-cli",
      "content": "time=\"2026-10-08T10:34:04.319444263+02:00\" level=info msg=\"Connected to placement service: localhost:50005\" app_id=sample-api instance=DESKTOP-VIOG240 scope=dapr.runtime.actors.placement.loops.placement type=log ver=1.18.4",
      "isError": false
    },
    {
      "resourceName": "sample-api-dapr-cli",
      "content": "time=\"2026-10-08T10:34:04.319497166+02:00\" level=info msg=\"Reporting initial host to placement service with initial types []\" app_id=sample-api instance=DESKTOP-VIOG240 scope=dapr.runtime.actors.placement.loops.placement type=log ver=1.18.4",
      "isError": false
    },
    {
      "resourceName": "sample-api-dapr-cli",
      "content": "time=\"2026-10-08T10:34:04.320479506+02:00\" level=info msg=\"Dissemination complete for version 0 (changed types []), unlocking disseminator default/sample-api\" app_id=sample-api instance=DESKTOP-VIOG240 scope=dapr.runtime.actors.placement.loops.disseminator type=log ver=1.18.4",
      "isError": false
    },
    {
      "resourceName": "sample-api-dapr-cli",
      "content": "time=\"2026-10-08T10:34:04.320595552+02:00\" level=info msg=\"Scheduler stream disconnected\" app_id=sample-api instance=DESKTOP-VIOG240 scope=dapr.runtime.scheduler.cluster type=log ver=1.18.4",
      "isError": false
    },
    {
      "resourceName": "sample-api-dapr-cli",
      "content": "time=\"2026-10-08T10:34:04.320607716+02:00\" level=info msg=\"Scheduler stream disconnected\" app_id=sample-api instance=DESKTOP-VIOG240 scope=dapr.runtime.scheduler.cluster type=log ver=1.18.4",
      "isError": false
    },
    {
      "resourceName": "sample-api-dapr-cli",
      "content": "time=\"2026-10-08T10:34:04.320614138+02:00\" level=info msg=\"Scheduler stream disconnected\" app_id=sample-api instance=DESKTOP-VIOG240 scope=dapr.runtime.scheduler.cluster type=log ver=1.18.4",
      "isError": false
    },
    {
      "resourceName": "sample-api-dapr-cli",
      "content": "time=\"2026-10-08T10:34:04.320653495+02:00\" level=info msg=\"Scheduler stream connected for [JOB_TARGET_TYPE_JOB]\" app_id=sample-api instance=DESKTOP-VIOG240 scope=dapr.runtime.scheduler.cluster type=log ver=1.18.4",
      "isError": false
    },
    {
      "resourceName": "sample-api-dapr-cli",
      "content": "time=\"2026-10-08T10:34:04.32071805+02:00\" level=info msg=\"Scheduler stream connected for [JOB_TARGET_TYPE_JOB]\" app_id=sample-api instance=DESKTOP-VIOG240 scope=dapr.runtime.scheduler.cluster type=log ver=1.18.4",
      "isError": false
    },
    {
      "resourceName": "sample-api-dapr-cli",
      "content": "time=\"2026-10-08T10:34:04.320792896+02:00\" level=info msg=\"Scheduler stream connected for [JOB_TARGET_TYPE_JOB]\" app_id=sample-api instance=DESKTOP-VIOG240 scope=dapr.runtime.scheduler.cluster type=log ver=1.18.4",
      "isError": false
    },
    {
      "resourceName": "sample",
      "content": "{\"EventId\":14,\"LogLevel\":\"Information\",\"Category\":\"Microsoft.Hosting.Lifetime\",\"Message\":\"Now listening on: https://localhost:19611\",\"State\":{\"address\":\"https://localhost:19611\",\"{OriginalFormat}\":\"Now listening on: {address}\"}}",
      "isError": false
    },
    {
      "resourceName": "sample",
      "content": "{\"EventId\":14,\"LogLevel\":\"Information\",\"Category\":\"Microsoft.Hosting.Lifetime\",\"Message\":\"Now listening on: http://localhost:19610\",\"State\":{\"address\":\"http://localhost:19610\",\"{OriginalFormat}\":\"Now listening on: {address}\"}}",
      "isError": false
    },
    {
      "resourceName": "sample",
      "content": "{\"EventId\":0,\"LogLevel\":\"Information\",\"Category\":\"Microsoft.Hosting.Lifetime\",\"Message\":\"Application started. Press Ctrl\\u002BC to shut down.\",\"State\":{\"{OriginalFormat}\":\"Application started. Press Ctrl\\u002BC to shut down.\"}}",
      "isError": false
    },
    {
      "resourceName": "sample",
      "content": "{\"EventId\":0,\"LogLevel\":\"Information\",\"Category\":\"Microsoft.Hosting.Lifetime\",\"Message\":\"Hosting environment: Development\",\"State\":{\"EnvName\":\"Development\",\"{OriginalFormat}\":\"Hosting environment: {EnvName}\"}}",
      "isError": false
    },
    {
      "resourceName": "sample",
      "content": "{\"EventId\":0,\"LogLevel\":\"Information\",\"Category\":\"Microsoft.Hosting.Lifetime\",\"Message\":\"Content root path: /home/administrator/projects/hexalith/eventstore/samples/Hexalith.EventStore.Sample\",\"State\":{\"ContentRoot\":\"/home/administrator/projects/hexalith/eventstore/samples/Hexalith.EventStore.Sample\",\"{OriginalFormat}\":\"Content root path: {ContentRoot}\"}}",
      "isError": false
    },
    {
      "resourceName": "eventstore-admin-dapr-cli",
      "content": "time=\"2026-10-08T10:34:04.529383089+02:00\" level=info msg=\"Application configuration loaded\" app_id=eventstore-admin instance=DESKTOP-VIOG240 scope=dapr.runtime type=log ver=1.18.4",
      "isError": false
    },
    {
      "resourceName": "eventstore-admin-dapr-cli",
      "content": "time=\"2026-10-08T10:34:04.529429449+02:00\" level=info msg=\"dapr initialized. Status: Running. Init Elapsed 2019ms\" app_id=eventstore-admin instance=DESKTOP-VIOG240 scope=dapr.runtime type=log ver=1.18.4",
      "isError": false
    },
    {
      "resourceName": "eventstore-admin-dapr-cli",
      "content": "time=\"2026-10-08T10:34:04.529734302+02:00\" level=info msg=\"Scheduler stream connected for [JOB_TARGET_TYPE_JOB]\" app_id=eventstore-admin instance=DESKTOP-VIOG240 scope=dapr.runtime.scheduler.cluster type=log ver=1.18.4",
      "isError": false
    },
    {
      "resourceName": "eventstore-admin-dapr-cli",
      "content": "time=\"2026-10-08T10:34:04.529861159+02:00\" level=info msg=\"Scheduler stream connected for [JOB_TARGET_TYPE_JOB]\" app_id=eventstore-admin instance=DESKTOP-VIOG240 scope=dapr.runtime.scheduler.cluster type=log ver=1.18.4",
      "isError": false
    },
    {
      "resourceName": "eventstore-admin-dapr-cli",
      "content": "time=\"2026-10-08T10:34:04.529890676+02:00\" level=info msg=\"Scheduler stream connected for [JOB_TARGET_TYPE_JOB]\" app_id=eventstore-admin instance=DESKTOP-VIOG240 scope=dapr.runtime.scheduler.cluster type=log ver=1.18.4",
      "isError": false
    },
    {
      "resourceName": "eventstore-admin-dapr-cli",
      "content": "time=\"2026-10-08T10:34:04.530300443+02:00\" level=info msg=\"Connected to placement localhost:50005\" app_id=eventstore-admin instance=DESKTOP-VIOG240 scope=dapr.runtime.actors.placement.manager.connector.static type=log ver=1.18.4",
      "isError": false
    },
    {
      "resourceName": "eventstore-admin-dapr-cli",
      "content": "time=\"2026-10-08T10:34:04.5318832+02:00\" level=info msg=\"Connected to placement service: localhost:50005\" app_id=eventstore-admin instance=DESKTOP-VIOG240 scope=dapr.runtime.actors.placement.loops.placement type=log ver=1.18.4",
      "isError": false
    },
    {
      "resourceName": "eventstore-admin-dapr-cli",
      "content": "time=\"2026-10-08T10:34:04.531927015+02:00\" level=info msg=\"Reporting initial host to placement service with initial types []\" app_id=eventstore-admin instance=DESKTOP-VIOG240 scope=dapr.runtime.actors.placement.loops.placement type=log ver=1.18.4",
      "isError": false
    },
    {
      "resourceName": "eventstore-admin-dapr-cli",
      "content": "time=\"2026-10-08T10:34:04.535230352+02:00\" level=info msg=\"Dissemination complete for version 0 (changed types []), unlocking disseminator default/eventstore-admin\" app_id=eventstore-admin instance=DESKTOP-VIOG240 scope=dapr.runtime.actors.placement.loops.disseminator type=log ver=1.18.4",
      "isError": false
    },
    {
      "resourceName": "eventstore-admin-dapr-cli",
      "content": "time=\"2026-10-08T10:34:04.535307402+02:00\" level=info msg=\"Scheduler stream disconnected\" app_id=eventstore-admin instance=DESKTOP-VIOG240 scope=dapr.runtime.scheduler.cluster type=log ver=1.18.4",
      "isError": false
    },
    {
      "resourceName": "eventstore-admin-dapr-cli",
      "content": "time=\"2026-10-08T10:34:04.535315808+02:00\" level=info msg=\"Scheduler stream disconnected\" app_id=eventstore-admin instance=DESKTOP-VIOG240 scope=dapr.runtime.scheduler.cluster type=log ver=1.18.4",
      "isError": false
    },
    {
      "resourceName": "eventstore-admin-dapr-cli",
      "content": "time=\"2026-10-08T10:34:04.535320738+02:00\" level=info msg=\"Scheduler stream disconnected\" app_id=eventstore-admin instance=DESKTOP-VIOG240 scope=dapr.runtime.scheduler.cluster type=log ver=1.18.4",
      "isError": false
    },
    {
      "resourceName": "eventstore-admin-dapr-cli",
      "content": "time=\"2026-10-08T10:34:04.535354233+02:00\" level=info msg=\"Scheduler stream connected for [JOB_TARGET_TYPE_JOB]\" app_id=eventstore-admin instance=DESKTOP-VIOG240 scope=dapr.runtime.scheduler.cluster type=log ver=1.18.4",
      "isError": false
    },
    {
      "resourceName": "eventstore-admin-dapr-cli",
      "content": "time=\"2026-10-08T10:34:04.535377619+02:00\" level=info msg=\"Scheduler stream connected for [JOB_TARGET_TYPE_JOB]\" app_id=eventstore-admin instance=DESKTOP-VIOG240 scope=dapr.runtime.scheduler.cluster type=log ver=1.18.4",
      "isError": false
    },
    {
      "resourceName": "eventstore-admin-dapr-cli",
      "content": "time=\"2026-10-08T10:34:04.535389482+02:00\" level=info msg=\"Scheduler stream connected for [JOB_TARGET_TYPE_JOB]\" app_id=eventstore-admin instance=DESKTOP-VIOG240 scope=dapr.runtime.scheduler.cluster type=log ver=1.18.4",
      "isError": false
    },
    {
      "resourceName": "eventstore",
      "content": "{\"EventId\":100,\"LogLevel\":\"Information\",\"Category\":\"System.Net.Http.HttpClient.Default.LogicalHandler\",\"Message\":\"Start processing HTTP request POST http://localhost:40949/v1.0/invoke/sample/method/admin/operational-index-metadata\",\"State\":{\"HttpMethod\":\"POST\",\"Uri\":\"http://localhost:40949/v1.0/invoke/sample/method/admin/operational-index-metadata\",\"{OriginalFormat}\":\"Start processing HTTP request {HttpMethod} {Uri}\"}}",
      "isError": false
    },
    {
      "resourceName": "eventstore",
      "content": "{\"EventId\":100,\"LogLevel\":\"Information\",\"Category\":\"System.Net.Http.HttpClient.eventstore-workload-assertion-issuer.LogicalHandler\",\"Message\":\"Start processing HTTP request GET https://localhost:8180/realms/hexalith/.well-known/openid-configuration\",\"State\":{\"HttpMethod\":\"GET\",\"Uri\":\"https://localhost:8180/realms/hexalith/.well-known/openid-configuration\",\"{OriginalFormat}\":\"Start processing HTTP request {HttpMethod} {Uri}\"}}",
      "isError": false
    },
    {
      "resourceName": "eventstore",
      "content": "{\"EventId\":100,\"LogLevel\":\"Information\",\"Category\":\"System.Net.Http.HttpClient.eventstore-workload-assertion-issuer.ClientHandler\",\"Message\":\"Sending HTTP request GET https://localhost:8180/realms/hexalith/.well-known/openid-configuration\",\"State\":{\"HttpMethod\":\"GET\",\"Uri\":\"https://localhost:8180/realms/hexalith/.well-known/openid-configuration\",\"{OriginalFormat}\":\"Sending HTTP request {HttpMethod} {Uri}\"}}",
      "isError": false
    },
    {
      "resourceName": "eventstore-admin-ui",
      "content": "{\"EventId\":101,\"LogLevel\":\"Information\",\"Category\":\"System.Net.Http.HttpClient.AdminApiAccessTokenProvider.ClientHandler\",\"Message\":\"Received HTTP response headers after 586.8874ms - 200\",\"State\":{\"ElapsedMilliseconds\":586.8874,\"StatusCode\":200,\"{OriginalFormat}\":\"Received HTTP response headers after {ElapsedMilliseconds}ms - {StatusCode}\"}}",
      "isError": false
    },
    {
      "resourceName": "sample-blazor-ui",
      "content": "{\"EventId\":101,\"LogLevel\":\"Information\",\"Category\":\"System.Net.Http.HttpClient.EventStoreApiAccessTokenProvider.ClientHandler\",\"Message\":\"Received HTTP response headers after 575.6329ms - 200\",\"State\":{\"ElapsedMilliseconds\":575.6329,\"StatusCode\":200,\"{OriginalFormat}\":\"Received HTTP response headers after {ElapsedMilliseconds}ms - {StatusCode}\"}}",
      "isError": false
    },
    {
      "resourceName": "eventstore-admin-ui",
      "content": "{\"EventId\":3,\"LogLevel\":\"Information\",\"Category\":\"Polly\",\"Message\":\"Execution attempt. Source: \\u0027-standard//Standard-Retry\\u0027, Operation Key: \\u0027\\u0027, Result: \\u0027200\\u0027, Handled: \\u0027False\\u0027, Attempt: \\u00270\\u0027, Execution Time: 618.4149ms\",\"State\":{\"PipelineName\":\"-standard\",\"PipelineInstance\":\"\",\"StrategyName\":\"Standard-Retry\",\"OperationKey\":null,\"Result\":200,\"Handled\":false,\"Attempt\":0,\"ExecutionTimeMs\":618.4149,\"{OriginalFormat}\":\"Execution attempt. Source: \\u0027{PipelineName}/{PipelineInstance}/{StrategyName}\\u0027, Operation Key: \\u0027{OperationKey}\\u0027, Result: \\u0027{Result}\\u0027, Handled: \\u0027{Handled}\\u0027, Attempt: \\u0027{Attempt}\\u0027, Execution Time: {ExecutionTimeMs}ms\"}}",
      "isError": false
    },
    {
      "resourceName": "sample-blazor-ui",
      "content": "{\"EventId\":3,\"LogLevel\":\"Information\",\"Category\":\"Polly\",\"Message\":\"Execution attempt. Source: \\u0027-standard//Standard-Retry\\u0027, Operation Key: \\u0027\\u0027, Result: \\u0027200\\u0027, Handled: \\u0027False\\u0027, Attempt: \\u00270\\u0027, Execution Time: 626.4359ms\",\"State\":{\"PipelineName\":\"-standard\",\"PipelineInstance\":\"\",\"StrategyName\":\"Standard-Retry\",\"OperationKey\":null,\"Result\":200,\"Handled\":false,\"Attempt\":0,\"ExecutionTimeMs\":626.4359,\"{OriginalFormat}\":\"Execution attempt. Source: \\u0027{PipelineName}/{PipelineInstance}/{StrategyName}\\u0027, Operation Key: \\u0027{OperationKey}\\u0027, Result: \\u0027{Result}\\u0027, Handled: \\u0027{Handled}\\u0027, Attempt: \\u0027{Attempt}\\u0027, Execution Time: {ExecutionTimeMs}ms\"}}",
      "isError": false
    },
    {
      "resourceName": "eventstore-admin-ui",
      "content": "{\"EventId\":101,\"LogLevel\":\"Information\",\"Category\":\"System.Net.Http.HttpClient.AdminApiAccessTokenProvider.LogicalHandler\",\"Message\":\"End processing HTTP request after 681.2368ms - 200\",\"State\":{\"ElapsedMilliseconds\":681.2368,\"StatusCode\":200,\"{OriginalFormat}\":\"End processing HTTP request after {ElapsedMilliseconds}ms - {StatusCode}\"}}",
      "isError": false
    },
    {
      "resourceName": "sample-blazor-ui",
      "content": "{\"EventId\":101,\"LogLevel\":\"Information\",\"Category\":\"System.Net.Http.HttpClient.EventStoreApiAccessTokenProvider.LogicalHandler\",\"Message\":\"End processing HTTP request after 694.1086ms - 200\",\"State\":{\"ElapsedMilliseconds\":694.1086,\"StatusCode\":200,\"{OriginalFormat}\":\"End processing HTTP request after {ElapsedMilliseconds}ms - {StatusCode}\"}}",
      "isError": false
    },
    {
      "resourceName": "eventstore-admin-ui",
      "content": "{\"EventId\":0,\"LogLevel\":\"Warning\",\"Category\":\"Hexalith.EventStore.Admin.UI\",\"Message\":\"SignalR connection failed on startup. Polling will handle data refresh.\",\"Exception\":\"System.Net.Http.HttpRequestException: Connection refused (localhost:5001)\\n ---\\u003E System.Net.Sockets.SocketException (111): Connection refused\\n   at System.Net.Sockets.Socket.AwaitableSocketAsyncEventArgs.ThrowException(SocketError error, CancellationToken cancellationToken)\\n   at System.Net.Sockets.Socket.AwaitableSocketAsyncEventArgs.System.Threading.Tasks.Sources.IValueTaskSource.GetResult(Int16 token)\\n   at System.Net.Http.HttpConnectionPool.ConnectToTcpHostAsync(String host, Int32 port, HttpRequestMessage initialRequest, Boolean async, CancellationToken cancellationToken)\\n   --- End of inner exception stack trace ---\\n   at System.Net.Http.HttpConnectionPool.ConnectToTcpHostAsync(String host, Int32 port, HttpRequestMessage initialRequest, Boolean async, CancellationToken cancellationToken)\\n   at System.Net.Http.HttpConnectionPool.ConnectAsync(HttpRequestMessage request, Boolean async, CancellationToken cancellationToken)\\n   at System.Net.Http.HttpConnectionPool.InjectNewHttp2ConnectionAsync(QueueItem queueItem)\\n   at System.Threading.Tasks.TaskCompletionSourceWithCancellation\\u00601.WaitWithCancellationAsync(CancellationToken cancellationToken)\\n   at System.Net.Http.HttpConnectionPool.SendWithVersionDetectionAndRetryAsync(HttpRequestMessage request, Boolean async, Boolean doRequestAuth, CancellationToken cancellationToken)\\n   at System.Net.Http.RedirectHandler.SendAsync(HttpRequestMessage request, Boolean async, CancellationToken cancellationToken)\\n   at System.Net.Http.SocketsHttpHandler.\\u003CSendAsync\\u003Eg__CreateHandlerAndSendAsync|115_0(HttpRequestMessage request, CancellationToken cancellationToken)\\n   at Microsoft.AspNetCore.Http.Connections.Client.Internal.AccessTokenHttpMessageHandler.SendAsync(HttpRequestMessage request, CancellationToken cancellationToken)\\n   at Microsoft.AspNetCore.Http.Connections.Client.Internal.LoggingHttpMessageHandler.SendAsync(HttpRequestMessage request, CancellationToken cancellationToken)\\n   at System.Net.Http.HttpClient.\\u003CSendAsync\\u003Eg__Core|83_0(HttpRequestMessage request, HttpCompletionOption completionOption, CancellationTokenSource cts, Boolean disposeCts, CancellationTokenSource pendingRequestsCts, CancellationToken originalCancellationToken)\\n   at Microsoft.AspNetCore.Http.Connections.Client.HttpConnection.NegotiateAsync(Uri url, HttpClient httpClient, ILogger logger, CancellationToken cancellationToken)\\n   at Microsoft.AspNetCore.Http.Connections.Client.HttpConnection.GetNegotiationResponseAsync(Uri uri, CancellationToken cancellationToken)\\n   at Microsoft.AspNetCore.Http.Connections.Client.HttpConnection.SelectAndStartTransport(TransferFormat transferFormat, CancellationToken cancellationToken)\\n   at Microsoft.AspNetCore.Http.Connections.Client.HttpConnection.StartAsyncCore(TransferFormat transferFormat, CancellationToken cancellationToken)\\n   at Microsoft.AspNetCore.Http.Connections.Client.HttpConnection.StartAsync(TransferFormat transferFormat, CancellationToken cancellationToken)\\n   at Microsoft.AspNetCore.Http.Connections.Client.HttpConnectionFactory.ConnectAsync(EndPoint endPoint, CancellationToken cancellationToken)\\n   at Microsoft.AspNetCore.Http.Connections.Client.HttpConnectionFactory.ConnectAsync(EndPoint endPoint, CancellationToken cancellationToken)\\n   at Microsoft.AspNetCore.SignalR.Client.HubConnection.StartAsyncCore(CancellationToken cancellationToken)\\n   at Microsoft.AspNetCore.SignalR.Client.HubConnection.StartAsyncInner(CancellationToken cancellationToken)\\n   at Microsoft.AspNetCore.SignalR.Client.HubConnection.StartAsync(CancellationToken cancellationToken)\\n   at Hexalith.EventStore.SignalR.EventStoreSignalRClient.StartAsync(CancellationToken cancellationToken) in /home/administrator/projects/hexalith/eventstore/src/Hexalith.EventStore.SignalR/EventStoreSignalRClient.cs:line 98\\n   at Hexalith.EventStore.Admin.UI.AdminUIServiceExtensions.StartSignalRAsync(WebApplication app) in /home/administrator/projects/hexalith/eventstore/src/Hexalith.EventStore.Admin.UI/AdminUIServiceExtensions.cs:line 205\",\"State\":{\"{OriginalFormat}\":\"SignalR connection failed on startup. Polling will handle data refresh.\"}}",
      "isError": false
    },
    {
      "resourceName": "eventstore",
      "content": "{\"EventId\":101,\"LogLevel\":\"Information\",\"Category\":\"System.Net.Http.HttpClient.eventstore-workload-assertion-issuer.ClientHandler\",\"Message\":\"Received HTTP response headers after 260.2241ms - 200\",\"State\":{\"ElapsedMilliseconds\":260.2241,\"StatusCode\":200,\"{OriginalFormat}\":\"Received HTTP response headers after {ElapsedMilliseconds}ms - {StatusCode}\"}}",
      "isError": false
    },
    {
      "resourceName": "eventstore",
      "content": "{\"EventId\":3,\"LogLevel\":\"Information\",\"Category\":\"Polly\",\"Message\":\"Execution attempt. Source: \\u0027-standard//Standard-Retry\\u0027, Operation Key: \\u0027\\u0027, Result: \\u0027200\\u0027, Handled: \\u0027False\\u0027, Attempt: \\u00270\\u0027, Execution Time: 285.6849ms\",\"State\":{\"PipelineName\":\"-standard\",\"PipelineInstance\":\"\",\"StrategyName\":\"Standard-Retry\",\"OperationKey\":null,\"Result\":200,\"Handled\":false,\"Attempt\":0,\"ExecutionTimeMs\":285.6849,\"{OriginalFormat}\":\"Execution attempt. Source: \\u0027{PipelineName}/{PipelineInstance}/{StrategyName}\\u0027, Operation Key: \\u0027{OperationKey}\\u0027, Result: \\u0027{Result}\\u0027, Handled: \\u0027{Handled}\\u0027, Attempt: \\u0027{Attempt}\\u0027, Execution Time: {ExecutionTimeMs}ms\"}}",
      "isError": false
    },
    {
      "resourceName": "eventstore",
      "content": "{\"EventId\":101,\"LogLevel\":\"Information\",\"Category\":\"System.Net.Http.HttpClient.eventstore-workload-assertion-issuer.LogicalHandler\",\"Message\":\"End processing HTTP request after 309.021ms - 200\",\"State\":{\"ElapsedMilliseconds\":309.021,\"StatusCode\":200,\"{OriginalFormat}\":\"End processing HTTP request after {ElapsedMilliseconds}ms - {StatusCode}\"}}",
      "isError": false
    },
    {
      "resourceName": "eventstore",
      "content": "{\"EventId\":100,\"LogLevel\":\"Information\",\"Category\":\"System.Net.Http.HttpClient.eventstore-workload-assertion-issuer.LogicalHandler\",\"Message\":\"Start processing HTTP request GET https://localhost:8180/realms/hexalith/protocol/openid-connect/certs\",\"State\":{\"HttpMethod\":\"GET\",\"Uri\":\"https://localhost:8180/realms/hexalith/protocol/openid-connect/certs\",\"{OriginalFormat}\":\"Start processing HTTP request {HttpMethod} {Uri}\"}}",
      "isError": false
    },
    {
      "resourceName": "eventstore",
      "content": "{\"EventId\":100,\"LogLevel\":\"Information\",\"Category\":\"System.Net.Http.HttpClient.eventstore-workload-assertion-issuer.ClientHandler\",\"Message\":\"Sending HTTP request GET https://localhost:8180/realms/hexalith/protocol/openid-connect/certs\",\"State\":{\"HttpMethod\":\"GET\",\"Uri\":\"https://localhost:8180/realms/hexalith/protocol/openid-connect/certs\",\"{OriginalFormat}\":\"Sending HTTP request {HttpMethod} {Uri}\"}}",
      "isError": false
    },
    {
      "resourceName": "eventstore",
      "content": "{\"EventId\":101,\"LogLevel\":\"Information\",\"Category\":\"System.Net.Http.HttpClient.eventstore-workload-assertion-issuer.ClientHandler\",\"Message\":\"Received HTTP response headers after 20.0924ms - 200\",\"State\":{\"ElapsedMilliseconds\":20.0924,\"StatusCode\":200,\"{OriginalFormat}\":\"Received HTTP response headers after {ElapsedMilliseconds}ms - {StatusCode}\"}}",
      "isError": false
    },
    {
      "resourceName": "eventstore",
      "content": "{\"EventId\":3,\"LogLevel\":\"Information\",\"Category\":\"Polly\",\"Message\":\"Execution attempt. Source: \\u0027-standard//Standard-Retry\\u0027, Operation Key: \\u0027\\u0027, Result: \\u0027200\\u0027, Handled: \\u0027False\\u0027, Attempt: \\u00270\\u0027, Execution Time: 20.539ms\",\"State\":{\"PipelineName\":\"-standard\",\"PipelineInstance\":\"\",\"StrategyName\":\"Standard-Retry\",\"OperationKey\":null,\"Result\":200,\"Handled\":false,\"Attempt\":0,\"ExecutionTimeMs\":20.539,\"{OriginalFormat}\":\"Execution attempt. Source: \\u0027{PipelineName}/{PipelineInstance}/{StrategyName}\\u0027, Operation Key: \\u0027{OperationKey}\\u0027, Result: \\u0027{Result}\\u0027, Handled: \\u0027{Handled}\\u0027, Attempt: \\u0027{Attempt}\\u0027, Execution Time: {ExecutionTimeMs}ms\"}}",
      "isError": false
    },
    {
      "resourceName": "eventstore",
      "content": "{\"EventId\":101,\"LogLevel\":\"Information\",\"Category\":\"System.Net.Http.HttpClient.eventstore-workload-assertion-issuer.LogicalHandler\",\"Message\":\"End processing HTTP request after 21.0662ms - 200\",\"State\":{\"ElapsedMilliseconds\":21.0662,\"StatusCode\":200,\"{OriginalFormat}\":\"End processing HTTP request after {ElapsedMilliseconds}ms - {StatusCode}\"}}",
      "isError": false
    },
    {
      "resourceName": "eventstore",
      "content": "{\"EventId\":100,\"LogLevel\":\"Information\",\"Category\":\"System.Net.Http.HttpClient.eventstore-workload-assertion-issuer.LogicalHandler\",\"Message\":\"Start processing HTTP request POST https://localhost:8180/realms/hexalith/protocol/openid-connect/token\",\"State\":{\"HttpMethod\":\"POST\",\"Uri\":\"https://localhost:8180/realms/hexalith/protocol/openid-connect/token\",\"{OriginalFormat}\":\"Start processing HTTP request {HttpMethod} {Uri}\"}}",
      "isError": false
    },
    {
      "resourceName": "eventstore",
      "content": "{\"EventId\":100,\"LogLevel\":\"Information\",\"Category\":\"System.Net.Http.HttpClient.eventstore-workload-assertion-issuer.ClientHandler\",\"Message\":\"Sending HTTP request POST https://localhost:8180/realms/hexalith/protocol/openid-connect/token\",\"State\":{\"HttpMethod\":\"POST\",\"Uri\":\"https://localhost:8180/realms/hexalith/protocol/openid-connect/token\",\"{OriginalFormat}\":\"Sending HTTP request {HttpMethod} {Uri}\"}}",
      "isError": false
    },
    {
      "resourceName": "eventstore",
      "content": "{\"EventId\":101,\"LogLevel\":\"Information\",\"Category\":\"System.Net.Http.HttpClient.eventstore-workload-assertion-issuer.ClientHandler\",\"Message\":\"Received HTTP response headers after 32.4042ms - 200\",\"State\":{\"ElapsedMilliseconds\":32.4042,\"StatusCode\":200,\"{OriginalFormat}\":\"Received HTTP response headers after {ElapsedMilliseconds}ms - {StatusCode}\"}}",
      "isError": false
    },
    {
      "resourceName": "eventstore",
      "content": "{\"EventId\":3,\"LogLevel\":\"Information\",\"Category\":\"Polly\",\"Message\":\"Execution attempt. Source: \\u0027-standard//Standard-Retry\\u0027, Operation Key: \\u0027\\u0027, Result: \\u0027200\\u0027, Handled: \\u0027False\\u0027, Attempt: \\u00270\\u0027, Execution Time: 33.2558ms\",\"State\":{\"PipelineName\":\"-standard\",\"PipelineInstance\":\"\",\"StrategyName\":\"Standard-Retry\",\"OperationKey\":null,\"Result\":200,\"Handled\":false,\"Attempt\":0,\"ExecutionTimeMs\":33.2558,\"{OriginalFormat}\":\"Execution attempt. Source: \\u0027{PipelineName}/{PipelineInstance}/{StrategyName}\\u0027, Operation Key: \\u0027{OperationKey}\\u0027, Result: \\u0027{Result}\\u0027, Handled: \\u0027{Handled}\\u0027, Attempt: \\u0027{Attempt}\\u0027, Execution Time: {ExecutionTimeMs}ms\"}}",
      "isError": false
    },
    {
      "resourceName": "eventstore",
      "content": "{\"EventId\":101,\"LogLevel\":\"Information\",\"Category\":\"System.Net.Http.HttpClient.eventstore-workload-assertion-issuer.LogicalHandler\",\"Message\":\"End processing HTTP request after 33.7225ms - 200\",\"State\":{\"ElapsedMilliseconds\":33.7225,\"StatusCode\":200,\"{OriginalFormat}\":\"End processing HTTP request after {ElapsedMilliseconds}ms - {StatusCode}\"}}",
      "isError": false
    },
    {
      "resourceName": "eventstore",
      "content": "{\"EventId\":100,\"LogLevel\":\"Information\",\"Category\":\"System.Net.Http.HttpClient.Default.ClientHandler\",\"Message\":\"Sending HTTP request POST http://localhost:40949/v1.0/invoke/sample/method/admin/operational-index-metadata\",\"State\":{\"HttpMethod\":\"POST\",\"Uri\":\"http://localhost:40949/v1.0/invoke/sample/method/admin/operational-index-metadata\",\"{OriginalFormat}\":\"Sending HTTP request {HttpMethod} {Uri}\"}}",
      "isError": false
    },
    {
      "resourceName": "eventstore",
      "content": "{\"EventId\":101,\"LogLevel\":\"Information\",\"Category\":\"System.Net.Http.HttpClient.Default.ClientHandler\",\"Message\":\"Received HTTP response headers after 19.4691ms - 500\",\"State\":{\"ElapsedMilliseconds\":19.4691,\"StatusCode\":500,\"{OriginalFormat}\":\"Received HTTP response headers after {ElapsedMilliseconds}ms - {StatusCode}\"}}",
      "isError": false
    },
    {
      "resourceName": "eventstore",
      "content": "{\"EventId\":3,\"LogLevel\":\"Warning\",\"Category\":\"Polly\",\"Message\":\"Execution attempt. Source: \\u0027-standard//Standard-Retry\\u0027, Operation Key: \\u0027\\u0027, Result: \\u0027500\\u0027, Handled: \\u0027True\\u0027, Attempt: \\u00270\\u0027, Execution Time: 513.2328ms\",\"State\":{\"PipelineName\":\"-standard\",\"PipelineInstance\":\"\",\"StrategyName\":\"Standard-Retry\",\"OperationKey\":null,\"Result\":500,\"Handled\":true,\"Attempt\":0,\"ExecutionTimeMs\":513.2328,\"{OriginalFormat}\":\"Execution attempt. Source: \\u0027{PipelineName}/{PipelineInstance}/{StrategyName}\\u0027, Operation Key: \\u0027{OperationKey}\\u0027, Result: \\u0027{Result}\\u0027, Handled: \\u0027{Handled}\\u0027, Attempt: \\u0027{Attempt}\\u0027, Execution Time: {ExecutionTimeMs}ms\"}}",
      "isError": false
    },
    {
      "resourceName": "eventstore",
      "content": "{\"EventId\":0,\"LogLevel\":\"Warning\",\"Category\":\"Polly\",\"Message\":\"Resilience event occurred. EventName: \\u0027OnRetry\\u0027, Source: \\u0027-standard//Standard-Retry\\u0027, Operation Key: \\u0027\\u0027, Result: \\u0027500\\u0027\",\"State\":{\"EventName\":\"OnRetry\",\"PipelineName\":\"-standard\",\"PipelineInstance\":\"\",\"StrategyName\":\"Standard-Retry\",\"OperationKey\":null,\"Result\":500,\"{OriginalFormat}\":\"Resilience event occurred. EventName: \\u0027{EventName}\\u0027, Source: \\u0027{PipelineName}/{PipelineInstance}/{StrategyName}\\u0027, Operation Key: \\u0027{OperationKey}\\u0027, Result: \\u0027{Result}\\u0027\"}}",
      "isError": false
    },
    {
      "resourceName": "eventstore-admin-ui",
      "content": "{\"EventId\":14,\"LogLevel\":\"Information\",\"Category\":\"Microsoft.Hosting.Lifetime\",\"Message\":\"Now listening on: https://localhost:19617\",\"State\":{\"address\":\"https://localhost:19617\",\"{OriginalFormat}\":\"Now listening on: {address}\"}}",
      "isError": false
    },
    {
      "resourceName": "eventstore-admin-ui",
      "content": "{\"EventId\":14,\"LogLevel\":\"Information\",\"Category\":\"Microsoft.Hosting.Lifetime\",\"Message\":\"Now listening on: http://localhost:19616\",\"State\":{\"address\":\"http://localhost:19616\",\"{OriginalFormat}\":\"Now listening on: {address}\"}}",
      "isError": false
    },
    {
      "resourceName": "eventstore-admin-ui",
      "content": "{\"EventId\":0,\"LogLevel\":\"Information\",\"Category\":\"Microsoft.Hosting.Lifetime\",\"Message\":\"Application started. Press Ctrl\\u002BC to shut down.\",\"State\":{\"{OriginalFormat}\":\"Application started. Press Ctrl\\u002BC to shut down.\"}}",
      "isError": false
    },
    {
      "resourceName": "eventstore-admin-ui",
      "content": "{\"EventId\":0,\"LogLevel\":\"Information\",\"Category\":\"Microsoft.Hosting.Lifetime\",\"Message\":\"Hosting environment: Development\",\"State\":{\"EnvName\":\"Development\",\"{OriginalFormat}\":\"Hosting environment: {EnvName}\"}}",
      "isError": false
    },
    {
      "resourceName": "eventstore-admin-ui",
      "content": "{\"EventId\":0,\"LogLevel\":\"Information\",\"Category\":\"Microsoft.Hosting.Lifetime\",\"Message\":\"Content root path: /home/administrator/projects/hexalith/eventstore/src/Hexalith.EventStore.Admin.UI\",\"State\":{\"ContentRoot\":\"/home/administrator/projects/hexalith/eventstore/src/Hexalith.EventStore.Admin.UI\",\"{OriginalFormat}\":\"Content root path: {ContentRoot}\"}}",
      "isError": false
    },
    {
      "resourceName": "tenants",
      "content": "\u001B[39;49m\u001B[91m/home/administrator/projects/hexalith/eventstore/references/Hexalith.Tenants/src/Hexalith.Tenants/Authorization/TenantsGlobalAdministratorVerifier.cs(19,81): error CS0246: The type or namespace name 'IDomainServiceAdministratorVerifier' could not be found (are you missing a using directive or an assembly reference?) [/home/administrator/projects/hexalith/eventstore/references/Hexalith.Tenants/src/Hexalith.Tenants/Hexalith.Tenants.csproj]",
      "isError": false
    },
    {
      "resourceName": "tenants",
      "content": "\u001B[39;49m\u001B[39;49m\u001B[91m/home/administrator/projects/hexalith/eventstore/references/Hexalith.Tenants/src/Hexalith.Tenants/Authorization/TenantsGlobalAdministratorVerifier.cs(22,9): error CS0246: The type or namespace name 'DomainServiceAdministratorClaim' could not be found (are you missing a using directive or an assembly reference?) [/home/administrator/projects/hexalith/eventstore/references/Hexalith.Tenants/src/Hexalith.Tenants/Hexalith.Tenants.csproj]",
      "isError": false
    },
    {
      "resourceName": "tenants",
      "content": "\u001B[39;49m\u001B[39;49m",
      "isError": false
    },
    {
      "resourceName": "tenants",
      "content": "",
      "isError": true
    },
    {
      "resourceName": "tenants",
      "content": "The build failed. Fix the build errors and run again.",
      "isError": true
    }
  ]
}
